model,asset,asset_label,window,n_cal,n_test,q_hat_V,q_hat_E,n_violations_cal_es,es_cal_reliable,es_variant,raw_pi_hat,raw_kupiec_p,raw_TL,raw_chr_p,raw_Z2_mod,raw_Z2_can,raw_Z3,corr_pi_hat,corr_kupiec_p,corr_TL,corr_chr_p,corr_Z2_mod,corr_Z2_can,corr_Z2_can_n_zero_es,corr_Z3,corr_gamma,corr_gap,raw_avg_var,corr_avg_var
GPT-3.5,CRIX,CRIX,30,599,257,-0.0024270249946274068,-0.009990571800989556,5,False,A,0.007782101167315175,0.71003584968699,G,,0.7437387797076598,0.5632301714963457,-0.23157438681117704,0.011673151750972763,0.7928490508026104,G,,0.6029619227028576,0.1933715225278546,0,-0.11888471403283818,0.9883268482490273,0.0016731517509727123,0.07811581409699896,0.07568878910237155
GPT-3.5,CRIX,CRIX,45,588,253,0.004849417764420445,-0.004777316712369653,5,False,A,0.003952569169960474,0.27076082497574383,G,,0.8572666223302963,0.8195167044881879,-0.33912819802292427,0.003952569169960474,0.27076082497574383,G,,0.8493424991303068,0.8066579708091646,0,-0.3024386047143163,0.9960474308300395,0.006047430830039557,0.09082879942472218,0.09567821718914261
GPT-3.5,CRIX,CRIX,60,578,248,-0.018652161365760426,-0.007946443797993252,2,False,A,0.004032258064516129,0.2830501325030347,G,,0.8658892092642179,0.8157109469416194,-0.3913234623914569,0.008064516129032258,0.7512396683249372,G,,0.7737860519116907,0.6375940641860132,0,-0.3379788656822883,0.9919354838709677,0.001935483870967758,0.09861754127598356,0.07996537991022314
GPT-3.5,CRIX,CRIX,90,557,239,-0.026841496752027426,-0.021001794907340915,1,False,A,0.0,1.0,G,,1.0,1.0,-0.42522288437156,0.0041841004184100415,0.3065311663535747,G,,0.8442221790204845,0.8003208601193159,0,-0.28820105253718564,0.99581589958159,0.005815899581590012,0.10909976418324448,0.08225826743121703
GPT-3.5,CRIX,CRIX,120,536,230,-0.06523649706348614,-0.017010862700682194,1,False,A,0.0,1.0,G,,1.0,1.0,-0.46607815711196554,0.021739130434782608,0.12153468907317155,Y,,0.47634941479239723,0.3881798511041914,0,-0.3756487802498053,0.9782608695652174,0.011739130434782585,0.11744803784684936,0.05221154078336327
GPT-3.5,CRIX,CRIX,150,515,221,-0.06906744790845876,0.0,0,False,A,0.0,1.0,G,,1.0,1.0,-0.49306670540285535,0.013574660633484163,0.612483287913344,G,,0.7103491944063578,0.6851155209278713,0,-0.49306670540285535,0.9864253393665159,0.003574660633484106,0.12370078641505326,0.05463333850659451
GPT-3.5,SP500,S&P 500,30,401,173,-0.005808111402302379,-0.0034541083614563414,2,False,A,0.005780346820809248,0.5447185109527728,G,,0.8547218637752492,0.7676938557716095,-0.29647031231993215,0.011560693641618497,0.8404498925205324,G,,0.6237211639688489,0.4874903177625929,0,-0.1666875162528526,0.9884393063583815,0.0015606936416184825,0.02217822165219244,0.016370110249890057
GPT-3.5,SP500,S&P 500,45,391,168,-0.009259642545276498,0.0,0,False,A,0.0,1.0,G,,1.0,1.0,-0.34179278639742205,0.03571428571428571,0.009381179812367635,Y,,0.1066604707165213,0.034897348552682006,0,-0.34179278639742205,0.9642857142857143,0.02571428571428569,0.023705357567969928,0.014445715022693428
GPT-3.5,SP500,S&P 500,60,380,164,-0.009914341629763455,0.0,0,False,A,0.0,1.0,G,,1.0,1.0,-0.37215622550201877,0.03048780487804878,0.033945720899518306,Y,,0.2638510067948139,0.19606360440637105,0,-0.37215622550201877,0.9695121951219512,0.0204878048780488,0.0248517831760653,0.014937441546301842
GPT-3.5,SP500,S&P 500,90,359,155,-0.009924422777535484,0.0,0,False,A,0.0,1.0,G,,1.0,1.0,-0.39564597528279655,0.01935483870967742,0.2996190295605662,Y,,0.5556869196865557,0.49401239147556364,0,-0.39564597528279655,0.9806451612903225,0.00935483870967746,0.026265155513383546,0.016340732735848063
GPT-3.5,SP500,S&P 500,120,338,146,-0.013653329709362798,0.0,0,False,A,0.0,1.0,G,,1.0,1.0,-0.42231854183237894,0.0547945205479452,0.00014496031942801135,R,,-0.17607990204811252,-0.20239134901339106,0,-0.42231854183237894,0.9452054794520548,0.044794520547945194,0.02747787363270328,0.013824543923340479
GPT-3.5,SP500,S&P 500,150,317,137,-0.021220955129505833,0.0,0,False,A,0.0,1.0,G,,1.0,1.0,-0.4403029766059604,0.11678832116788321,9.110490140074035e-13,R,0.4328740960311056,-0.9945021289919647,-0.9699352722792713,0,-0.4403029766059604,0.8832116788321168,0.10678832116788317,0.028360778827590315,0.007139823698084483
GPT-3.5,SPGTCLTR,SPGTCLTR,30,420,180,-0.008170733386258108,-0.00039018447639924125,2,False,A,0.005555555555555556,0.5129656622165075,G,,0.8090100675217428,0.7451940513679477,-0.2889678697895538,0.016666666666666666,0.4119892995978811,Y,,0.534618123010928,0.32871885654822575,0,-0.2832183381940666,0.9833333333333333,0.00666666666666671,0.04864345429875296,0.04047272091249486
GPT-3.5,SPGTCLTR,SPGTCLTR,45,409,176,-0.01618211943477511,-0.0003870556206235429,1,False,A,0.005681818181818182,0.5308927043327254,G,,0.8246618500401809,0.7394724471496084,-0.3617433718641576,0.005681818181818182,0.5308927043327254,G,,0.8234004738994607,0.736677846754462,0,-0.35715177737903536,0.9943181818181818,0.004318181818181777,0.05418989385485163,0.038007774420076516
GPT-3.5,SPGTCLTR,SPGTCLTR,60,399,171,-0.018889702803068807,-0.00038809886121284054,1,False,A,0.005847953216374269,0.5541205823547145,G,,0.8341625373130463,0.746853257866054,-0.4134770629462229,0.005847953216374269,0.5541205823547145,G,,0.8330638754174238,0.7442842770254392,0,-0.40959138843451104,0.9941520467836258,0.004152046783625796,0.05896966127970131,0.04007995847663249
GPT-3.5,SPGTCLTR,SPGTCLTR,90,378,162,-0.026047254878999282,0.0,0,False,A,0.0,1.0,G,,1.0,1.0,-0.4573515629019831,0.012345679012345678,0.7722318873052387,G,,0.6986242788539705,0.6926010775976604,0,-0.4573515629019831,0.9876543209876543,0.002345679012345725,0.06373750768693259,0.03769025280793331
GPT-3.5,SPGTCLTR,SPGTCLTR,120,357,153,-0.02562635790468126,0.0,0,False,A,0.0,1.0,G,,1.0,1.0,-0.5171699232147998,0.0,1.0,G,,1.0,1.0,0,-0.5171699232147998,1.0,0.010000000000000009,0.06664964744727118,0.04102328954258992
GPT-3.5,SPGTCLTR,SPGTCLTR,150,336,144,-0.03890473943959705,0.0,0,False,A,0.0,1.0,G,,1.0,1.0,-0.5317214009861824,0.020833333333333332,0.2540400660499794,Y,0.0372782405373312,0.6189998683390532,0.5930375159572432,0,-0.5317214009861824,0.9791666666666666,0.010833333333333361,0.06872076486984084,0.029816025430243802
GPT-3.5,stoxx,STOXX,30,414,178,0.008130236791224916,-0.00032859846068241175,6,False,A,0.0,1.0,G,,1.0,1.0,-0.2916260739740184,0.0,1.0,G,,1.0,1.0,0,-0.2811908107558825,1.0,0.010000000000000009,0.02263474216226739,0.0307649789534923
GPT-3.5,stoxx,STOXX,45,403,174,-0.004369645899388394,-0.00023404605538430642,3,False,A,0.0,1.0,G,,1.0,1.0,-0.47257741339445736,0.0,1.0,G,,1.0,1.0,0,-0.4675608442719721,1.0,0.010000000000000009,0.02484073897671291,0.020471093077324518
GPT-3.5,stoxx,STOXX,60,393,169,-0.011490012329637853,0.0,0,False,A,0.0,1.0,G,,1.0,1.0,-0.5071762924293772,0.01775147928994083,0.3612375179287589,Y,0.031012334368320627,0.6862489956373015,0.6034229102623655,0,-0.5071762924293772,0.9822485207100592,0.007751479289940799,0.026584678483070254,0.015094666153432402
GPT-3.5,stoxx,STOXX,90,372,160,-0.019041170434173693,0.0,0,False,A,0.0,1.0,G,,1.0,1.0,-0.5581244778514262,0.0375,0.007353850183772326,R,,0.6107671583579043,0.507242010115589,0,-0.5581244778514262,0.9625,0.02749999999999997,0.029649874436862143,0.01060870400268845
GPT-3.5,stoxx,STOXX,120,351,151,-0.019046757267171758,0.0,0,False,A,0.0,1.0,G,,1.0,1.0,-0.6090101891410633,0.026490066225165563,0.09107976610389124,Y,,0.7275096919844656,0.6167429188279969,0,-0.6090101891410633,0.9735099337748344,0.01649006622516558,0.03306596565900915,0.014019208391837396
GPT-3.5,stoxx,STOXX,150,330,142,-0.019589157803842783,0.0,0,False,A,0.0,1.0,G,,1.0,1.0,-0.6485792314180915,0.0,1.0,G,,1.0,1.0,0,-0.6485792314180915,1.0,0.010000000000000009,0.036789050275354,0.01719989247151122
GPT-3.5,cact,CACT,30,413,178,0.011145822374772461,-0.0015624334001268468,5,False,A,0.0056179775280898875,0.52185751244526,G,,0.7451462211761098,0.7491120590065004,-0.27728569899295996,0.0,1.0,G,,1.0,1.0,0,-0.2331006330002552,1.0,0.010000000000000009,0.027118420186005333,0.038264242560777796
GPT-3.5,cact,CACT,45,403,173,-0.0003675091177705175,-0.0021747605703184396,3,False,A,0.0,1.0,G,,1.0,1.0,-0.49100855901844065,0.0,1.0,G,,1.0,1.0,0,-0.4524620517387863,1.0,0.010000000000000009,0.03089160876061908,0.030524099642848544
GPT-3.5,cact,CACT,60,392,169,-0.010235531832080159,-0.0032089812510525673,1,False,A,0.0,1.0,G,,1.0,1.0,-0.5277554500805867,0.005917159763313609,0.5636728451275355,G,,0.8744936194732192,0.8314755185498912,0,-0.47738640522104625,0.9940828402366864,0.004082840236686369,0.033295385423998444,0.023059853591918287
GPT-3.5,cact,CACT,90,371,160,-0.016728963829627016,0.0,0,False,A,0.0,1.0,G,,1.0,1.0,-0.5704177544643603,0.0125,0.7596679082857576,G,,0.8155934011998894,0.7500850337228333,0,-0.5704177544643603,0.9875,0.0024999999999999467,0.03660197705369564,0.01987301322406862
GPT-3.5,cact,CACT,120,350,151,-0.020969996299543266,0.0,0,False,A,0.0,1.0,G,,1.0,1.0,-0.611821381478009,0.026490066225165563,0.09107976610389124,Y,,0.7722810523205641,0.6566092816750798,0,-0.611821381478009,0.9735099337748344,0.01649006622516558,0.04090939446328225,0.019939398163738974
GPT-3.5,cact,CACT,150,329,142,-0.020983992445168628,0.0,0,False,A,0.0,1.0,G,,1.0,1.0,-0.6522575475800823,0.0,1.0,G,,1.0,1.0,0,-0.6522575475800823,1.0,0.010000000000000009,0.04566645827243411,0.024682465827265476
GPT-3.5,gdaxi,GDAXI,30,412,177,0.0044585911287041025,-0.00013587479958583962,6,False,A,0.0,1.0,G,,1.0,1.0,-0.2682559760629415,0.0,1.0,G,,1.0,1.0,0,-0.26419053144517035,1.0,0.010000000000000009,0.024592122804310206,0.029050713933014314
GPT-3.5,gdaxi,GDAXI,45,401,173,-0.003297444428048193,-0.0017010992854927798,3,False,A,0.0,1.0,G,,1.0,1.0,-0.4661943091979236,0.0,1.0,G,,1.0,1.0,0,-0.43157779383155404,1.0,0.010000000000000009,0.02793298512393801,0.024635540695889822
GPT-3.5,gdaxi,GDAXI,60,391,168,-0.015631555613979563,0.0,0,False,A,0.0,1.0,G,,1.0,1.0,-0.5029734250000739,0.03571428571428571,0.009381179812367635,Y,,0.3934824745171517,0.23692961826957837,0,-0.5029734250000739,0.9642857142857143,0.02571428571428569,0.029999943688113623,0.014368388074134058
GPT-3.5,gdaxi,GDAXI,90,370,159,-0.020114537024882806,0.0,0,False,A,0.0,1.0,G,,1.0,1.0,-0.5380158660324812,0.025157232704402517,0.10702767398549984,Y,,0.6953655989190151,0.6271989421568513,0,-0.5380158660324812,0.9748427672955975,0.015157232704402501,0.03317600227618783,0.013061465251305037
GPT-3.5,gdaxi,GDAXI,120,349,150,-0.02324164317142949,0.0,0,False,A,0.0,1.0,G,,1.0,1.0,-0.5827955138719738,0.05333333333333334,0.00017590813070889055,R,,0.46313281320663624,0.36657316115272454,0,-0.5827955138719738,0.9466666666666667,0.043333333333333335,0.036736867039621715,0.013495223868192225
GPT-3.5,gdaxi,GDAXI,150,328,141,-0.023239781576352203,0.0,0,False,A,0.0,1.0,G,,1.0,1.0,-0.6239945106008145,0.0,1.0,G,,1.0,1.0,0,-0.6239945106008145,1.0,0.010000000000000009,0.040762144954559494,0.017522363378207294
GPT-3.5,cbu,CBU0.L,30,410,176,0.0007528578545393971,-0.00028832922316530257,5,False,A,0.011363636363636364,0.8587666257586719,G,,0.591138881253924,0.3428647549266858,-0.21835736312528709,0.011363636363636364,0.8587666257586719,G,,0.5836847064388595,0.3231042435917597,0,-0.2041068007924315,0.9886363636363636,0.0013636363636363447,0.01610317280750288,0.016856030662042273
GPT-3.5,cbu,CBU0.L,45,399,172,-0.0037081714499962166,-0.000994852652785273,1,False,A,0.0,1.0,G,,1.0,1.0,-0.36463777956316157,0.011627906976744186,0.8343152683099122,G,,0.628688922162433,0.5893381872259775,0,-0.3279190638163382,0.9883720930232558,0.0016279069767441978,0.018209283430795652,0.014501111980799439
GPT-3.5,cbu,CBU0.L,60,389,167,-0.004175246749616728,-0.000996460602046374,1,False,A,0.0,1.0,G,,1.0,1.0,-0.40849853088063337,0.005988023952095809,0.5733772800521577,G,,0.7959054783196857,0.773627694109201,0,-0.3767468902350767,0.9940119760479041,0.004011976047904153,0.019559530038663862,0.015384283289047146
GPT-3.5,cbu,CBU0.L,90,368,158,-0.00915862420097119,0.0,0,False,A,0.0,1.0,G,,1.0,1.0,-0.40162806493914216,0.012658227848101266,0.7470600482515235,G,,0.6641843956952594,0.628511478367367,0,-0.40162806493914216,0.9873417721518988,0.0026582278481012134,0.020720527773681444,0.011561903572710256
GPT-3.5,cbu,CBU0.L,120,347,149,-0.009166639428905068,0.0,0,False,A,0.0,1.0,G,,1.0,1.0,-0.44051774064011984,0.013422818791946308,0.6898483810532892,G,,0.6613226067682619,0.6440754443027296,0,-0.44051774064011984,0.9865771812080537,0.0034228187919462805,0.021786453678604503,0.01261981424969944
GPT-3.5,cbu,CBU0.L,150,320,138,-0.009168330465030987,0.0,0,False,A,0.0,1.0,G,,1.0,1.0,-0.4726483368065181,0.007246376811594203,0.7324334584119556,G,,0.8016437092660085,0.8006434806325142,0,-0.4726483368065181,0.9927536231884058,0.002753623188405774,0.02311386343930598,0.013945532974274994
GPT-3.5,ftse,FTSE100,30,410,176,0.009038251418337851,-0.00035106416700705044,8,False,A,0.0,1.0,G,,1.0,1.0,-0.2485636247882813,0.0,1.0,G,,1.0,1.0,0,-0.23643093992961883,1.0,0.010000000000000009,0.022094131548115407,0.031132382966453254
GPT-3.5,ftse,FTSE100,45,399,172,-6.015215294535293e-05,-0.000331680776491039,3,False,A,0.0,1.0,G,,1.0,1.0,-0.4308469340144647,0.0,1.0,G,,1.0,1.0,0,-0.42327679532998064,1.0,0.010000000000000009,0.025268749058994056,0.025208596906048708
GPT-3.5,ftse,FTSE100,60,389,167,0.000361900288269706,-0.0003400613935458513,3,False,A,0.0,1.0,G,,1.0,1.0,-0.4597771277421454,0.0,1.0,G,,1.0,1.0,0,-0.452787185523273,1.0,0.010000000000000009,0.02662195283727306,0.02698385312554277
GPT-3.5,ftse,FTSE100,90,368,158,-0.005547046587101693,-0.003669056608672932,2,False,A,0.0,1.0,G,,1.0,1.0,-0.48447659609039373,0.0,1.0,G,,1.0,1.0,0,-0.4090459595654188,1.0,0.010000000000000009,0.028744831767936407,0.023197785180834714
GPT-3.5,ftse,FTSE100,120,347,149,-0.016342652743629116,-0.005832812292904055,1,False,A,0.0,1.0,G,,1.0,1.0,-0.5650775670048622,0.013422818791946308,0.6898483810532892,G,,0.7597780409622772,0.6718665141010061,0,-0.4735746650796231,0.9865771812080537,0.0034228187919462805,0.03355673412012184,0.01721408137649273
GPT-3.5,ftse,FTSE100,150,326,140,-0.01633146871203948,-0.005840555155393744,1,False,A,0.0,1.0,G,,1.0,1.0,-0.6487922490496258,0.0,1.0,G,,1.0,1.0,0,-0.5865671144129708,1.0,0.010000000000000009,0.03880550175462726,0.02247403304258779
GPT-3.5,djci,DJCI,30,403,173,0.0017730568684937627,-0.00030745282906113197,5,False,A,0.0,1.0,G,,1.0,1.0,-0.328737200183684,0.0,1.0,G,,1.0,1.0,0,-0.3209744582937195,1.0,0.010000000000000009,0.02689363201322585,0.028666688881719617
GPT-3.5,djci,DJCI,45,392,169,-0.007712227030977981,-0.002278697072447197,2,False,A,0.0,1.0,G,,1.0,1.0,-0.382027756214528,0.005917159763313609,0.5636728451275355,G,,0.833759640989761,0.8126089021807256,0,-0.32974563803511714,0.9940828402366864,0.004082840236686369,0.02921277104248433,0.021500544011506348
GPT-3.5,djci,DJCI,60,382,164,-0.011470905069194652,-0.015483198972228288,1,False,A,0.0,1.0,G,,1.0,1.0,-0.4116751228225629,0.012195121951219513,0.7847496634024357,G,,0.3976709758253416,0.2500433059872642,0,0.1875437627006198,0.9878048780487805,0.002195121951219514,0.03068490798661749,0.019214002917422843
GPT-3.5,djci,DJCI,90,361,155,-0.01575608664137454,0.0,0,False,A,0.0,1.0,G,,1.0,1.0,-0.43086316758684606,0.01935483870967742,0.2996190295605662,Y,,0.5725121353414868,0.5383320551661231,0,-0.43086316758684606,0.9806451612903225,0.00935483870967746,0.03217186923721853,0.016415782595843982
GPT-3.5,djci,DJCI,120,340,146,-0.018136651697181344,0.0,0,False,A,0.0,1.0,G,,1.0,1.0,-0.44982405124979896,0.0410958904109589,0.0046161641338261505,R,,0.17805200821919243,0.1798529115683366,0,-0.44982405124979896,0.9589041095890412,0.031095890410958837,0.03328060625022933,0.015143954553047975
GPT-3.5,djci,DJCI,150,319,137,-0.020349277492285003,0.0,0,False,A,0.0,1.0,G,,1.0,1.0,-0.46646521917017625,0.051094890510948905,0.0005883768262396893,R,,0.10449449679337364,0.09113556221221453,0,-0.46646521917017625,0.948905109489051,0.041094890510948945,0.03431864093701993,0.013969363444734933
GPT-4,CRIX,CRIX,30,599,257,0.06032285845366478,0.05183271093382022,57,True,A,0.07392996108949416,2.8976709920414123e-11,R,,-1.9413708366927156,-4.3259929132567185,0.6916729074823664,0.0038910505836575876,0.2613000169678893,G,,0.9764455819268945,0.9764455819268945,1,-0.3125410869511409,0.9961089494163424,0.006108949416342435,0.03269693619096522,0.09301979464463
GPT-4,CRIX,CRIX,45,588,253,0.06498045282219976,0.017389720171588186,43,True,A,0.06719367588932806,1.3903402873438608e-09,R,,-2.190979768721366,-3.606817561628352,0.76708509938202,0.0,1.0,G,,1.0,1.0,0,0.16876238652200937,1.0,0.010000000000000009,0.028314603264864086,0.09329505608706384
GPT-4,CRIX,CRIX,60,578,248,0.0639086870887388,0.02978394519923111,41,True,A,0.07258064516129033,1.2933976112350365e-10,R,,-2.092162867481398,-3.7376546293657293,0.7341524961519523,0.0,1.0,G,,1.0,1.0,0,-0.06788851229665938,1.0,0.010000000000000009,0.027551602379437466,0.09146028946817626
GPT-4,CRIX,CRIX,90,557,239,0.06879599011903827,0.0284924366419832,44,True,A,0.08786610878661087,9.070522111187529e-14,R,,-3.2290273384275334,-4.502314715397346,1.1185468173708744,0.0,1.0,G,,1.0,1.0,0,0.07946131419615576,1.0,0.010000000000000009,0.02331627736390926,0.0921122674829475
GPT-4,CRIX,CRIX,120,536,230,0.0760622268465094,0.007791789988933054,43,True,A,0.10434782608695652,0.0,R,0.23551694310876714,-4.764085456494941,-6.5779355076644865,1.6435178230442227,0.0,1.0,G,,1.0,1.0,0,0.9898961557328234,1.0,0.010000000000000009,0.018781937471585696,0.09484416431809511
GPT-4,CRIX,CRIX,150,515,221,0.08083652944962233,0.018013473428357227,44,True,A,0.08597285067873303,1.9860779687519425e-12,R,0.5596501036866633,-4.322105581395784,-6.093310695669866,1.608336647902676,0.0,1.0,G,,1.0,1.0,0,0.4911011032630739,1.0,0.010000000000000009,0.019249891458049808,0.10008642090767213
GPT-4,SP500,S&P 500,30,401,173,0.013037462076899266,0.002965019239955312,32,True,A,0.10404624277456648,2.751132655021138e-13,R,0.9252004068444666,-2.848950312946604,-3.5156790329657515,0.35342801349662634,0.0,1.0,G,,1.0,1.0,0,0.07655037326964198,1.0,0.010000000000000009,0.010455550224733086,0.02349301230163235
GPT-4,SP500,S&P 500,45,391,168,0.016116913126643304,0.0039788314679562176,25,True,A,0.05952380952380952,1.027745751636111e-05,R,0.6107517510978178,-1.5435714071019846,-2.0932875576750707,0.24069204696864377,0.0,1.0,G,,1.0,1.0,0,-0.057497755519872906,1.0,0.010000000000000009,0.01125822209799843,0.027375135224641734
GPT-4,SP500,S&P 500,60,380,164,0.01409068468733363,0.003097934539781893,32,True,A,0.07317073170731707,1.4015956439905608e-07,R,,-2.227344196865313,-2.335788962163617,0.27292098480911586,0.0,1.0,G,,1.0,1.0,0,0.016113934838912547,1.0,0.010000000000000009,0.01092167080321541,0.025012355490549042
GPT-4,SP500,S&P 500,90,359,155,0.0120579184794657,0.011752468967585607,23,True,A,0.09032258064516129,7.99617483338011e-10,R,0.7837413852453403,-2.798873647500256,-3.249182874009918,0.2577975335236249,0.0,1.0,G,,1.0,1.0,0,-0.34871470904685753,1.0,0.010000000000000009,0.011291109567473994,0.023349028046939696
GPT-4,SP500,S&P 500,120,338,146,0.013902388915686318,0.006095781864809913,20,True,A,0.0684931506849315,2.845831203357463e-06,R,0.7042126331942491,-2.1900586685068038,-2.5637792185110784,0.3027969320236088,0.0,1.0,G,,1.0,1.0,0,-0.13164511166035509,1.0,0.010000000000000009,0.010889347672344457,0.02479173658803078
GPT-4,SP500,S&P 500,150,317,137,0.015492668766889579,0.0026591110922129027,17,True,A,0.08029197080291971,1.7708268063021393e-07,R,0.9004080049967307,-2.5418767098422683,-2.617757827748596,0.33584086993549134,0.0,1.0,G,,1.0,1.0,0,0.09157019752489948,1.0,0.010000000000000009,0.010593536466258463,0.02608620523314804
GPT-4,SPGTCLTR,SPGTCLTR,30,420,180,0.017734412670510718,0.018024583506027373,35,True,A,0.1,5.514477763313153e-13,R,0.809475098468674,-2.7716758678936437,-4.611268211192906,0.41639180906662965,0.011111111111111112,0.8829774487730009,G,,0.7629851744500886,0.7106337085516578,1,-0.1851076584842023,0.9888888888888889,0.0011111111111110628,0.022928911666997998,0.040663324337508716
GPT-4,SPGTCLTR,SPGTCLTR,45,409,176,0.026435665388753145,0.006957795496195754,31,True,A,0.07954545454545454,4.338681525162258e-09,R,0.07757607306789605,-2.3472649496748863,-2.8992503597122288,0.396742830202663,0.005681818181818182,0.5308927043327254,G,,0.7004596090766808,0.5350139075024904,0,0.09037103417038317,0.9943181818181818,0.004318181818181777,0.021967927990438983,0.04840359337919213
GPT-4,SPGTCLTR,SPGTCLTR,60,399,171,0.02383901380958452,0.00851595817122771,26,True,A,0.05847953216374269,1.2054771852287871e-05,R,0.11161392403030179,-1.754851090651809,-2.1155385286176136,0.38587766976741,0.005847953216374269,0.5541205823547145,G,,0.7078405767710223,0.6219277421809445,0,0.03329006741779006,0.9941520467836258,0.004152046783625796,0.021968842509889737,0.04580785631947426
GPT-4,SPGTCLTR,SPGTCLTR,90,378,162,0.023154443301541046,0.004686220633389644,25,True,A,0.08024691358024691,1.3817070487753824e-08,R,0.3594175722010675,-2.6414737619538275,-3.2884883164164815,0.46343563286787304,0.006172839506172839,0.5983171993112664,G,,0.6355034489592377,0.4912234425836116,0,0.22127842132904263,0.9938271604938271,0.003827160493827142,0.021085637058467326,0.04424008036000838
GPT-4,SPGTCLTR,SPGTCLTR,120,357,153,0.025483802134272773,0.003702036197817161,27,True,A,0.0784313725490196,6.419921871891887e-08,R,0.9535375156802577,-2.5059719973878813,-3.0455068696303345,0.40575752233082696,0.0,1.0,G,,1.0,1.0,0,0.21006761788582562,1.0,0.010000000000000009,0.02042894824126648,0.045912750375539255
GPT-4,SPGTCLTR,SPGTCLTR,150,336,144,0.02288107246939887,0.005261216969854175,21,True,A,0.09027777777777778,3.2105590408448847e-09,R,0.4425523597175497,-2.8830176246228274,-3.235060704920066,0.449040357791358,0.0,1.0,G,,1.0,1.0,0,0.1715048835630244,1.0,0.010000000000000009,0.01981662351451091,0.04269769598390979
GPT-4,stoxx,STOXX,30,414,178,0.025998946189899824,0.0036721558178216557,40,True,A,0.0898876404494382,5.443678841032806e-11,R,0.16882367640901286,-2.1698328627034655,-3.5642175800637785,0.40081301332805164,0.0,1.0,G,,1.0,1.0,0,0.06056223761617452,1.0,0.010000000000000009,0.01045118323635652,0.03645012942625634
GPT-4,stoxx,STOXX,45,403,174,0.017701782746040437,0.007659873155323835,34,True,A,0.06896551724137931,2.707116311118085e-07,R,0.8475838171107895,-1.4951730783305246,-2.405711851658802,0.11370924523527104,0.0,1.0,G,,1.0,1.0,0,-0.32548814711712293,1.0,0.010000000000000009,0.010480603888548037,0.028182386634588476
GPT-4,stoxx,STOXX,60,393,169,0.017766462124885297,0.00993415102816285,34,True,A,0.08284023668639054,2.5374516932075153e-09,R,0.10859748288151494,-1.9179416678702887,-2.3787802093979398,0.09234534086679824,0.0,1.0,G,,1.0,1.0,0,-0.4025223793466063,1.0,0.010000000000000009,0.010314149319453883,0.028080611444339185
GPT-4,stoxx,STOXX,90,372,160,0.01803054349620473,0.008492856292357843,33,True,A,0.075,1.0628710267468477e-07,R,0.9158034036520925,-1.8791034806077338,-2.7023163359020015,0.17525553946217376,0.0,1.0,G,,1.0,1.0,0,-0.3329379390657907,1.0,0.010000000000000009,0.00967732020761235,0.02770786370381708
GPT-4,stoxx,STOXX,120,351,151,0.017498975054742533,0.006415042578536454,31,True,A,0.07947019867549669,5.5311829338933194e-08,R,0.8917877361751093,-1.8798162613736253,-3.5269699043821943,0.20038807073023168,0.0,1.0,G,,1.0,1.0,0,-0.2477014507739268,1.0,0.010000000000000009,0.009524862008335381,0.027023837063077916
GPT-4,stoxx,STOXX,150,330,142,0.017955944842977255,0.0010479823636371892,29,True,A,0.06338028169014084,1.7039720508815748e-05,R,,-1.425214060181235,-2.177562323151331,0.21191607151900027,0.0,1.0,G,,1.0,1.0,0,0.10350942379229555,1.0,0.010000000000000009,0.009204869466235735,0.02716081430921299
GPT-4,cact,CACT,30,413,178,0.02177560904373254,0.01040823650668757,49,True,A,0.0898876404494382,5.443678841032806e-11,R,0.6286501131002895,-2.135033534021166,-3.1394285935382955,0.4012166520763747,0.0,1.0,G,,1.0,1.0,0,-0.19661201791096616,1.0,0.010000000000000009,0.013017724669871961,0.034793333713604505
GPT-4,cact,CACT,45,403,173,0.023082199247554377,0.007880083498959349,37,True,A,0.05202312138728324,8.440765791584148e-05,R,,-0.8982464264491508,-1.076307983340551,0.10728889060589597,0.0,1.0,G,,1.0,1.0,0,-0.2878864814465111,1.0,0.010000000000000009,0.012441212243252573,0.03552341149080695
GPT-4,cact,CACT,60,392,169,0.022940659920708126,0.03840820774531997,36,True,A,0.04142011834319527,0.0021150853149498605,R,,-0.506512043574163,-1.0489821759087508,0.07817160516719546,0.0,1.0,G,,1.0,1.0,0,-0.7032827449529686,1.0,0.010000000000000009,0.012883328183528784,0.035823988104236905
GPT-4,cact,CACT,90,371,160,0.025041746674554458,0.011735368724242318,30,True,A,0.05,0.00027799217430912737,R,,-0.9845394438150645,-1.4608240285095984,0.19072943422757294,0.0,1.0,G,,1.0,1.0,0,-0.36955319329729386,1.0,0.010000000000000009,0.011966683293459675,0.03700842996801414
GPT-4,cact,CACT,120,350,151,0.021693123989636375,0.011022377298908342,32,True,A,0.059602649006622516,2.822490191067839e-05,R,,-1.496101731040398,-1.5285755442131084,0.2251663292595032,0.0,1.0,G,,1.0,1.0,0,-0.33788550532214257,1.0,0.010000000000000009,0.011439401912086082,0.03313252590172245
GPT-4,cact,CACT,150,329,142,0.021470021500682446,0.006555116013142884,32,True,A,0.056338028169014086,0.00011868539084802787,R,,-1.2904261337166814,-1.4908890284794012,0.24383038838881355,0.0,1.0,G,,1.0,1.0,0,-0.1781415217304647,1.0,0.010000000000000009,0.011269033203067654,0.0327390547037501
GPT-4,gdaxi,GDAXI,30,412,177,0.024937913330814885,0.005913277207196404,40,True,A,0.1016949152542373,4.1100456371623295e-13,R,0.5056109372227522,-2.290640609783603,-3.845590156644466,0.42755332945488256,0.0,1.0,G,,1.0,1.0,0,-0.028280157963491148,1.0,0.010000000000000009,0.011498172841438559,0.03643608617225345
GPT-4,gdaxi,GDAXI,45,401,173,0.018819855704854224,0.003269582153330071,30,True,A,0.09248554913294797,3.515765456540976e-11,R,0.6571885111691496,-2.3609838958348215,-3.8901494166196766,0.24289978486517794,0.0,1.0,G,,1.0,1.0,0,-0.02329099535303214,1.0,0.010000000000000009,0.01031039519642971,0.029130250901283933
GPT-4,gdaxi,GDAXI,60,391,168,0.02178354028174982,0.006840388424231358,35,True,A,0.07738095238095238,2.1561396224001328e-08,R,0.9896825269401843,-2.060609374434359,-4.401193480097508,0.24895143633456596,0.0,1.0,G,,1.0,1.0,0,-0.2059874982012223,1.0,0.010000000000000009,0.01039161956076505,0.03217515984251488
GPT-4,gdaxi,GDAXI,90,370,159,0.02041520533453499,0.003990882151255398,26,True,A,0.06918238993710692,8.219819331856115e-07,R,0.15833374659364507,-1.976089361425207,-2.534547222485723,0.3595325707266759,0.0,1.0,G,,1.0,1.0,0,0.004083649360450803,1.0,0.010000000000000009,0.009877631159162594,0.03029283649369758
GPT-4,gdaxi,GDAXI,120,349,150,0.01864152672671,0.031649126838419195,26,True,A,0.09333333333333334,5.139365599760026e-10,R,0.7531417879632649,-2.568274892387579,-3.6029425551223824,0.44369449129279004,0.0,1.0,G,,1.0,1.0,0,-0.637368715133176,1.0,0.010000000000000009,0.009353628310805136,0.027995155037515134
GPT-4,gdaxi,GDAXI,150,328,141,0.01778904812936734,0.005711661593315614,29,True,A,0.06382978723404255,1.6072970799640984e-05,R,0.5864788269368968,-1.8677260529296738,-2.4159169422456372,0.44433351615841477,0.0,1.0,G,,1.0,1.0,0,-0.06105010349482909,1.0,0.010000000000000009,0.009392178619404027,0.027181226748771367
GPT-4,cbu,CBU0.L,30,404,174,0.0076179658278605275,0.0034675938846190696,39,True,A,0.06896551724137931,2.707116311118085e-07,R,0.8475838171107895,-1.2427572771057638,-2.4704511456014417,0.38880315184430936,0.005747126436781609,0.5400731807156509,G,,1.064125439419831,1.064125439419831,1,-0.019380232427267496,0.9942528735632183,0.004252873563218351,0.007711937235288215,0.015329903063148744
GPT-4,cbu,CBU0.L,45,394,169,0.007285493775125333,0.0033626110366289643,34,True,A,0.07100591715976332,1.959085061953303e-07,R,0.031384654221280006,-1.7769572893847991,-3.116416394455678,0.44011940988664855,0.005917159763313609,0.5636728451275355,G,,0.6714915704098832,0.6113539007207924,0,0.015195907163891631,0.9940828402366864,0.004082840236686369,0.0071961477129455186,0.01448164148807085
GPT-4,cbu,CBU0.L,60,383,165,0.006542032206776178,0.001708478961396556,30,True,A,0.07272727272727272,1.5001060182928683e-07,R,0.2556448891081803,-2.22989536295601,-3.617278072869281,0.469956085817649,0.006060606060606061,0.5832358770274017,G,,0.5996975639203745,0.44936322433068976,0,0.20778272267261344,0.9939393939393939,0.003939393939393909,0.006920312759042802,0.013462344965818983
GPT-4,cbu,CBU0.L,90,362,156,0.006764074905105818,0.005727790830685864,34,True,A,0.08333333333333333,8.682159435835501e-09,R,0.3844793776948763,-2.705406130798037,-3.632085515648315,0.6231179129692725,0.00641025641025641,0.6295610539514009,G,,0.6965731334627974,0.6776794547534767,0,-0.07241589277442062,0.9935897435897436,0.0035897435897436214,0.006769746510180734,0.013533821415286553
GPT-4,cbu,CBU0.L,120,341,147,0.006344981848729614,0.0018222365649849552,26,True,A,0.09523809523809523,3.9096903492463753e-10,R,0.15866688551003383,-3.101598555479951,-5.941822389530886,0.6524865060607512,0.013605442176870748,0.6770446919427846,G,,0.2845201421643031,-0.4160866170517823,0,0.3251255723667621,0.9863945578231292,0.0036054421768707545,0.006638045886925814,0.012983027735655428
GPT-4,cbu,CBU0.L,150,320,138,0.006417792043939976,0.0025478803769473273,30,True,A,0.10144927536231885,1.653294168235675e-10,R,0.18768798582358992,-2.1033399043785597,-1.4323434267027704,0.627884123361546,0.007246376811594203,0.7324334584119556,G,,0.5431482144879003,0.5084753378014937,0,0.214589908044857,0.9927536231884058,0.002753623188405774,0.0067664674134288285,0.013184259457368806
GPT-4,ftse,FTSE100,30,404,174,0.019347006741855452,0.008036004599306309,52,True,A,0.08620689655172414,3.918786406487129e-10,R,0.765120675486044,-1.598312565313249,-3.7769830124113195,0.26834727081976006,0.0,1.0,G,,1.0,1.0,0,-0.25771422972786706,1.0,0.010000000000000009,0.010368588382147737,0.029715595124003187
GPT-4,ftse,FTSE100,45,394,169,0.018311460317306252,0.003109395008894029,38,True,A,0.07100591715976332,1.959085061953303e-07,R,0.24434406532406439,-1.8326058639507887,-2.547184756600654,0.18522533424819576,0.0,1.0,G,,1.0,1.0,0,-0.056537037574764026,1.0,0.010000000000000009,0.010865239076046378,0.02917669939335263
GPT-4,ftse,FTSE100,60,383,165,0.02003195113362861,0.004722465004137578,43,True,A,0.048484848484848485,0.00034499838583990083,R,,-0.9273340693448422,-1.1035997035338858,0.2088581426055931,0.0,1.0,G,,1.0,1.0,0,-0.13464200485449085,1.0,0.010000000000000009,0.010512819778952557,0.030544770912581166
GPT-4,ftse,FTSE100,90,362,156,0.03023930143849597,0.004736415707298772,33,True,A,0.07051282051282051,6.76917471187366e-07,R,0.2004905535231899,-2.058053435761188,-2.5362124076319152,0.30584712756697896,0.0,1.0,G,,1.0,1.0,0,-0.08283709240181414,1.0,0.010000000000000009,0.009847069648385344,0.04008637108688131
GPT-4,ftse,FTSE100,120,341,147,0.014871633022452702,0.0024510944547545006,37,True,A,0.08163265306122448,4.077065518526268e-08,R,0.31699559749577455,-2.332547847036926,-3.3622139572114538,0.2960855259399391,0.0,1.0,G,,1.0,1.0,0,0.05108173595278309,1.0,0.010000000000000009,0.009156081474634878,0.024027714497087578
GPT-4,ftse,FTSE100,150,320,138,0.017208604660846838,0.00110250494711343,34,True,A,0.09420289855072464,1.8820740521618973e-09,R,0.4762759762602461,-2.750472101756329,-5.058006977136309,0.3304015935510365,0.0,1.0,G,,1.0,1.0,0,0.2011319295392242,1.0,0.010000000000000009,0.008879249990759083,0.026087854651605923
GPT-4,djci,DJCI,30,403,173,0.02374010070918421,0.020896442072286366,36,True,A,0.057803468208092484,1.3382482645596383e-05,R,0.5925627530498434,-0.8324503679933555,-2.057205222975638,0.23179824431709473,0.0,1.0,G,,1.0,1.0,0,-0.4922172313213581,1.0,0.010000000000000009,0.013840942860368405,0.037581043569552615
GPT-4,djci,DJCI,45,392,169,0.018840611753053165,0.018481519185937694,38,True,A,0.05917159763313609,1.0842771532293405e-05,R,0.6070341388105842,-1.342985880362889,-2.00361541541237,0.20862536659825492,0.0,1.0,G,,1.0,1.0,0,-0.45979242695868383,1.0,0.010000000000000009,0.013548688373559777,0.03238930012661294
GPT-4,djci,DJCI,60,382,164,0.018848195987885,0.007532475171950756,31,True,A,0.06707317073170732,1.12544022556893e-06,R,0.7590221281501092,-1.3611332446562034,-35.89871664635293,0.1775445419893944,0.0,1.0,G,,1.0,1.0,0,-0.21040629417608125,1.0,0.010000000000000009,0.013820871004914735,0.03266906699279974
GPT-4,djci,DJCI,90,361,155,0.018846048597053123,0.0044024558810141085,36,True,A,0.07096774193548387,6.338728968380281e-07,R,0.7301000489540213,-1.9381918969463112,-2.9544587495245738,0.3019336736673186,0.0,1.0,G,,1.0,1.0,0,-0.008453611351534662,1.0,0.010000000000000009,0.012521560379640273,0.0313676089766934
GPT-4,djci,DJCI,120,340,146,0.013218844194542528,0.002319547016435438,34,True,A,0.08904109589041095,3.814378590760725e-09,R,0.8635357320027626,-2.437199395907401,-7.091149510396635,0.42649917493427236,0.0,1.0,G,,1.0,1.0,0,0.20817085518289136,1.0,0.010000000000000009,0.011524425864773952,0.024743270059316484
GPT-4,djci,DJCI,150,319,137,0.016527711479938943,0.003486373092425176,30,True,A,0.06569343065693431,1.266081686723819e-05,R,0.6043229961377039,-1.7931790114434953,-2.6318660534915956,0.3812682602276083,0.0,1.0,G,,1.0,1.0,0,0.09363908861947912,1.0,0.010000000000000009,0.011818654448309797,0.02834636592824874
GPT-4o,CRIX,CRIX,30,599,257,0.05496275203659113,0.010247411321235592,41,True,A,0.042801556420233464,8.651940370041356e-05,R,,-1.306066348793118,-2.513725727182033,0.6356118583837624,0.0038910505836575876,0.2613000169678893,G,,0.7281500991183558,0.6651745751688205,0,0.27859634855246695,0.9961089494163424,0.006108949416342435,0.030681846669851038,0.08564459870644217
GPT-4o,CRIX,CRIX,45,588,253,0.06218056337373087,0.027593399069643205,44,True,A,0.06324110671936758,1.0122577553950407e-08,R,,-2.0509847654071804,-3.963077778051977,0.8175357198013349,0.003952569169960474,0.27076082497574383,G,,0.7861365963379875,0.7251479629958354,0,-0.009788072961264715,0.9960474308300395,0.006047430830039557,0.02619785963468836,0.08837842300841925
GPT-4o,CRIX,CRIX,60,578,248,0.06435031598007669,0.028333845379205608,49,True,A,0.07661290322580645,1.5481949056095345e-11,R,,-2.9271391685930026,-4.039084552391195,1.0848455075609484,0.004032258064516129,0.2830501325030347,G,,0.7684803831760912,0.7171566888228688,0,0.050777181938085336,0.9959677419354839,0.005967741935483883,0.022494388087330393,0.08684470406740709
GPT-4o,CRIX,CRIX,90,557,239,0.07014302741535137,0.022205804247717766,47,True,A,0.08368200836820083,8.768541448489486e-13,R,,-3.9099486746406633,-4.829249968149364,1.4613828750678466,0.0,1.0,G,,1.0,1.0,0,0.31511522859673957,1.0,0.010000000000000009,0.020001070732053126,0.09014409814740451
GPT-4o,CRIX,CRIX,120,536,230,0.06471246782064069,0.00650697027636906,48,True,A,0.09130434782608696,4.207745263329343e-14,R,,-4.341390039264908,-5.245543273897711,1.4946834295542049,0.004347826086956522,0.3318693424434841,G,,0.5493336306683212,0.4898921099936361,0,0.9816949482085147,0.9956521739130435,0.005652173913043512,0.019161350151359974,0.08387381797200066
GPT-4o,CRIX,CRIX,150,515,221,0.061542750428761415,0.018226437212171417,47,True,A,0.09954751131221719,1.6653345369377348e-15,R,,-4.752554389023636,-6.002712690184795,1.5323082085513562,0.004524886877828055,0.3591982270938615,G,,0.6547660385472938,0.6231408947733044,0,0.4586785654566419,0.995475113122172,0.005475113122171971,0.018760260864186844,0.08030301129294824
GPT-4o,SP500,S&P 500,30,401,173,0.012280423943676963,0.00431166852784106,21,True,A,0.05202312138728324,8.440765791584148e-05,R,0.47220995825240575,-1.0882052369118558,-1.5784047946492659,0.20042248156286546,0.0,1.0,G,,1.0,1.0,0,-0.0985917538722133,1.0,0.010000000000000009,0.01170190423910533,0.023982328182782293
GPT-4o,SP500,S&P 500,45,391,168,0.018165821667667205,0.006884536024911476,26,True,A,0.06547619047619048,1.4354841677555186e-06,R,,-2.0088348828455183,-2.6092485580115548,0.3197491305909088,0.0,1.0,G,,1.0,1.0,0,-0.16593704753449168,1.0,0.010000000000000009,0.01052648646625086,0.028692308133918067
GPT-4o,SP500,S&P 500,60,380,164,0.01684300202439544,0.005270542748412946,33,True,A,0.08536585365853659,1.7021991594035057e-09,R,,-3.0327819734015495,-3.5889074826818215,0.3903366938752466,0.0,1.0,G,,1.0,1.0,0,-0.05396180621108937,1.0,0.010000000000000009,0.009929567187242805,0.026772569211638248
GPT-4o,SP500,S&P 500,90,359,155,0.015089397910393142,0.003295047724544302,21,True,A,0.1032258064516129,6.396216889470452e-12,R,0.5418875451452412,-3.6518650763431717,-4.015406690217932,0.364591627693982,0.0,1.0,G,,1.0,1.0,0,0.06337480261921002,1.0,0.010000000000000009,0.010125123617657501,0.025214521528050645
GPT-4o,SP500,S&P 500,120,338,146,0.015577208610110586,0.008178819389488973,18,True,A,0.10273972602739725,3.0910718429311146e-11,R,0.6980436414811173,-3.485359314119229,-3.806856244536144,0.3019482039978103,0.0,1.0,G,,1.0,1.0,0,-0.22077779006904885,1.0,0.010000000000000009,0.010680335982092868,0.02625754459220345
GPT-4o,SP500,S&P 500,150,317,137,0.013905882102665967,0.0018019749131778194,15,True,A,0.08029197080291971,1.7708268063021393e-07,R,0.9004080049967307,-2.713168841031223,-2.8171126126846953,0.3044677987420148,0.0,1.0,G,,1.0,1.0,0,0.1362120390386301,1.0,0.010000000000000009,0.01081279250157217,0.024718674604238138
GPT-4o,SPGTCLTR,SPGTCLTR,30,420,180,0.012169602971450477,0.00444067744264541,25,True,A,0.05,0.00011549881970385201,R,0.4524774262641531,-1.0197417875629369,-1.336846010454713,0.23580396027257589,0.011111111111111112,0.8829774487730009,G,,0.46688198740942055,0.4001144677372255,0,0.06657436409345197,0.9888888888888889,0.0011111111111110628,0.025160448978126908,0.037330051949577385
GPT-4o,SPGTCLTR,SPGTCLTR,45,409,176,0.02260010216003895,0.0076399027542044945,28,True,A,0.07954545454545454,4.338681525162258e-09,R,0.40698994567894864,-2.4990065776134833,-2.8822050327313944,0.4238685688228223,0.005681818181818182,0.5308927043327254,G,,0.7024329849573903,0.6258788479344164,0,0.08318765601819678,0.9943181818181818,0.004318181818181777,0.02125269097491619,0.04385279313495514
GPT-4o,SPGTCLTR,SPGTCLTR,60,399,171,0.022384871576910548,0.008264686382183403,30,True,A,0.0935672514619883,2.939570808990766e-11,R,0.6690930865229611,-3.249629466498096,-3.6028262218664224,0.49312046182674996,0.005847953216374269,0.5541205823547145,G,,0.688841840991209,0.5971756223777402,0,0.10048353582558534,0.9941520467836258,0.004152046783625796,0.02006874460949253,0.04245361618640307
GPT-4o,SPGTCLTR,SPGTCLTR,90,378,162,0.022165273943440766,0.004405193897627904,26,True,A,0.09876543209876543,1.2734369114753008e-11,R,0.2156737949352726,-3.625701314034605,-3.95297863826796,0.5393698589993619,0.006172839506172839,0.5983171993112664,G,,0.6158791592411916,0.5165391615250432,0,0.2870313660362718,0.9938271604938271,0.003827160493827142,0.01932641367646921,0.04149168761990997
GPT-4o,SPGTCLTR,SPGTCLTR,120,357,153,0.024208598461461023,0.0026093373452875865,22,True,A,0.09803921568627451,6.130163043849279e-11,R,0.6492061036118917,-3.686671913476811,-3.794869822155194,0.5017185096028354,0.0,1.0,G,,1.0,1.0,0,0.33870909669603555,1.0,0.010000000000000009,0.018707515426692498,0.04291611388815353
GPT-4o,SPGTCLTR,SPGTCLTR,150,336,144,0.02382217052060139,0.0023448399904163475,19,True,A,0.09027777777777778,3.2105590408448847e-09,R,0.4425523597175497,-3.4679976768844405,-3.659921179360552,0.527075326560047,0.0,1.0,G,,1.0,1.0,0,0.3741702452557829,1.0,0.010000000000000009,0.018487783284095893,0.04230995380469729
GPT-4o,stoxx,STOXX,30,414,178,0.019090134370541228,0.003646621201059394,39,True,A,0.05056179775280899,0.0001057628931010468,R,,-0.9085106671089238,-1.9981073159023586,0.25776492108026416,0.0,1.0,G,,1.0,1.0,0,-0.021998709026037844,1.0,0.010000000000000009,0.01124899915189592,0.030339133522437143
GPT-4o,stoxx,STOXX,45,403,174,0.01663873027350721,0.004287314690882591,37,True,A,0.09195402298850575,3.841482687505504e-11,R,0.2137093992215776,-2.3877410672735473,-3.343073195850102,0.17757110437256407,0.0,1.0,G,,1.0,1.0,0,-0.14997964229766136,1.0,0.010000000000000009,0.009909257824344788,0.026547988097852002
GPT-4o,stoxx,STOXX,60,393,169,0.020501187968306602,0.005040348962957918,38,True,A,0.07692307692307693,2.317942981999721e-08,R,0.06932963836464812,-1.8794447584007212,-2.7018401855070904,0.16541238349532428,0.0,1.0,G,,1.0,1.0,0,-0.19535158659762641,1.0,0.010000000000000009,0.009864006161226378,0.030365194129532976
GPT-4o,stoxx,STOXX,90,372,160,0.01873720946532348,0.005682740594131246,35,True,A,0.0875,1.2241081481789706e-09,R,0.1261796493309134,-2.5343866872600875,-2.772175170891329,0.23788213087308963,0.0,1.0,G,,1.0,1.0,0,-0.19457236508619424,1.0,0.010000000000000009,0.009182110633933612,0.027919320099257093
GPT-4o,stoxx,STOXX,120,351,151,0.016425906761698875,0.004868233972996877,35,True,A,0.0728476821192053,4.84916981124961e-07,R,0.02383297078453439,-1.9380126998519733,-2.008218260609287,0.15795168490046274,0.0,1.0,G,,1.0,1.0,0,-0.19364316391227088,1.0,0.010000000000000009,0.009524599282857036,0.02595050604455591
GPT-4o,stoxx,STOXX,150,330,142,0.015492299496204244,0.004319584664928537,28,True,A,0.07042253521126761,2.1985578343430845e-06,R,0.16198923518229436,-1.845691754258151,-2.1718818832193443,0.18768725650645268,0.0,1.0,G,,1.0,1.0,0,-0.14972277120742994,1.0,0.010000000000000009,0.009471612765634031,0.024963912261838278
GPT-4o,cact,CACT,30,413,178,0.022017658869359268,0.010909105745204288,27,True,A,0.06179775280898876,2.5622854344931056e-06,R,,-1.2716365757852035,-2.1004772042609363,0.28818684567906194,0.0,1.0,G,,1.0,1.0,0,-0.24975843271426001,1.0,0.010000000000000009,0.013489314764151274,0.03550697363351054
GPT-4o,cact,CACT,45,403,173,0.020622322718154257,0.0038040718618918244,35,True,A,0.06358381502890173,1.92741463234114e-06,R,,-1.3927678766269564,-2.015808851119339,0.21454849678635068,0.0,1.0,G,,1.0,1.0,0,-0.06128460940143032,1.0,0.010000000000000009,0.011599775415843847,0.03222209813399811
GPT-4o,cact,CACT,60,392,169,0.024666763313793742,0.0058263131609391835,42,True,A,0.07100591715976332,1.959085061953303e-07,R,,-1.6541339501609502,-2.1845341219618994,0.23365457803971634,0.0,1.0,G,,1.0,1.0,0,-0.15336473111806292,1.0,0.010000000000000009,0.011404424333232037,0.03607118764702578
GPT-4o,cact,CACT,90,371,160,0.02586578688999252,0.008446277237980842,37,True,A,0.0625,6.602181821357966e-06,R,0.6420297620821163,-1.6724351282684538,-1.7810505791271583,0.2553167708591597,0.0,1.0,G,,1.0,1.0,0,-0.25025382037280197,1.0,0.010000000000000009,0.011168231070907262,0.03703401796089978
GPT-4o,cact,CACT,120,350,151,0.01969956147433636,0.002763792311419759,31,True,A,0.046357615894039736,0.0010728962680339738,R,,-1.1250857528118186,-0.9722523036672144,0.2601183073063875,0.0,1.0,G,,1.0,1.0,0,0.0334669711177491,1.0,0.010000000000000009,0.010992729688814254,0.030692291163150608
GPT-4o,cact,CACT,150,329,142,0.018475287794241707,0.005604749241779335,27,True,A,0.056338028169014086,0.00011868539084802787,R,,-1.5720321674606246,-1.582661121371241,0.29785067202750337,0.0,1.0,G,,1.0,1.0,0,-0.1098806736902993,1.0,0.010000000000000009,0.010906701017478395,0.02938198881172011
GPT-4o,gdaxi,GDAXI,30,412,177,0.01782043598026129,0.004489143507665223,28,True,A,0.0847457627118644,5.000343472616464e-10,R,,-2.133252619793013,-3.0275647732025828,0.40003065260473214,0.0,1.0,G,,1.0,1.0,0,0.03763052065765882,1.0,0.010000000000000009,0.011243063071326092,0.029063499051587383
GPT-4o,gdaxi,GDAXI,45,401,173,0.022170339988351172,0.010643797320858659,33,True,A,0.09826589595375723,3.20843351886424e-12,R,0.7891662421218305,-2.6096444810191275,-3.3947243662156197,0.2574472540711785,0.0,1.0,G,,1.0,1.0,0,-0.3373507728904015,1.0,0.010000000000000009,0.010474794867535773,0.032645134855886944
GPT-4o,gdaxi,GDAXI,60,391,168,0.024704760205041764,0.004284713467195115,38,True,A,0.06547619047619048,1.4354841677555186e-06,R,0.17352229958458132,-1.6425383683047383,-1.9285113330325805,0.2570479004905226,0.0,1.0,G,,1.0,1.0,0,-0.07652920019700382,1.0,0.010000000000000009,0.010209891982691411,0.034914652187733174
GPT-4o,gdaxi,GDAXI,90,370,159,0.023423906966891988,0.0044132156701381375,30,True,A,0.0880503144654088,1.1255705256729698e-09,R,0.4252944921990941,-2.7177308570176915,-2.843848317008442,0.368864907927944,0.0,1.0,G,,1.0,1.0,0,-0.018138480195835194,1.0,0.010000000000000009,0.009796523459792199,0.03322043042668418
GPT-4o,gdaxi,GDAXI,120,349,150,0.015694118566125508,0.006854075122381266,29,True,A,0.07333333333333333,4.5291676598058217e-07,R,0.8270716599378316,-2.0102395925194267,-2.3229624014850114,0.3556551146341147,0.0,1.0,G,,1.0,1.0,0,-0.15600879400303547,1.0,0.010000000000000009,0.009953974862188094,0.0256480934283136
GPT-4o,gdaxi,GDAXI,150,328,141,0.017602576423381883,0.002929933331696565,27,True,A,0.06382978723404255,1.6072970799640984e-05,R,0.5864788269368968,-1.641394264186057,-1.810549733675483,0.31684500601853127,0.0,1.0,G,,1.0,1.0,0,0.052016984237585495,1.0,0.010000000000000009,0.010172036197292945,0.027774612620674828
GPT-4o,cbu,CBU0.L,30,404,174,0.006602732214792884,0.0014770913660129776,26,True,A,0.05747126436781609,1.4092561239742452e-05,R,0.1077536716512204,-1.1586766036006293,-2.130988263506776,0.25069295260063185,0.005747126436781609,0.5400731807156509,G,,0.6610406838218349,0.46669290978116384,0,0.07848338449208114,0.9942528735632183,0.004252873563218351,0.00805223025474676,0.014654962469539647
GPT-4o,cbu,CBU0.L,45,394,169,0.007283993803303248,0.0015643205358591263,31,True,A,0.07100591715976332,1.959085061953303e-07,R,0.870911108136711,-1.8388003083481097,-2.73608258957048,0.4321612806680686,0.005917159763313609,0.5636728451275355,G,,0.6117478509987506,0.4404368860361346,0,0.19982307031037583,0.9940828402366864,0.004082840236686369,0.007007875929946222,0.014291869733249469
GPT-4o,cbu,CBU0.L,60,383,165,0.00681842218513052,0.0007374339534101902,31,True,A,0.08484848484848485,1.8457598782717355e-09,R,0.45509692574097504,-2.699838801114044,-3.2958153125577905,0.5130621797929864,0.006060606060606061,0.5832358770274017,G,,0.5426269393118139,0.4493909393554556,0,0.37997481585448734,0.9939393939393939,0.003939393939393909,0.006699852547998444,0.013518274733128962
GPT-4o,cbu,CBU0.L,90,362,156,0.006119634740257295,0.0007071180912593209,28,True,A,0.08974358974358974,8.718011867969722e-10,R,0.1351769780343013,-3.12840736264383,-3.6675553121062876,0.6837929149306134,0.00641025641025641,0.6295610539514009,G,,0.4974643862758876,0.3924811073808232,0,0.5362649126134198,0.9935897435897436,0.0035897435897436214,0.006458459423664759,0.012578094163922056
GPT-4o,cbu,CBU0.L,120,341,147,0.005936002050759961,0.0018049363162927594,24,True,A,0.08163265306122448,4.077065518526268e-08,R,0.06265495247748698,-2.900706713369965,-3.0020188375971504,0.6390721791234839,0.006802721088435374,0.6792321586129959,G,,0.5342682912779478,0.47268908832377177,0,0.3189501977232363,0.9931972789115646,0.003197278911564627,0.00655479941077478,0.01249080146153474
GPT-4o,cbu,CBU0.L,150,320,138,0.006148717000277239,0.0020698687857621245,22,True,A,0.06521739130434782,1.3449377783469885e-05,R,0.010725565407575188,-2.152201847955011,-2.360875632772742,0.5829234061515385,0.007246376811594203,0.7324334584119556,G,,0.5307413741166153,0.4738799559073058,0,0.2475748357250558,0.9927536231884058,0.002753623188405774,0.006806775281539645,0.012955492281816883
GPT-4o,ftse,FTSE100,30,404,174,0.01898161767089388,0.01725794578790333,38,True,A,0.05747126436781609,1.4092561239742452e-05,R,0.1077536716512204,-0.9586213485158404,-1.8871712529924105,0.09884042100707435,0.0,1.0,G,,1.0,1.0,0,-0.526074461829293,1.0,0.010000000000000009,0.011614772005731253,0.030596389676625136
GPT-4o,ftse,FTSE100,45,394,169,0.022084562761529848,0.01048214628607168,47,True,A,0.07100591715976332,1.959085061953303e-07,R,0.24434406532406439,-1.8632477243609755,-2.576913909601414,0.19865141623151783,0.0,1.0,G,,1.0,1.0,0,-0.3602535940004805,1.0,0.010000000000000009,0.010543850358799685,0.03262841312032953
GPT-4o,ftse,FTSE100,60,383,165,0.023405979796581024,0.019088824291703013,41,True,A,0.07272727272727272,1.5001060182928683e-07,R,0.2556448891081803,-1.9219327648694575,-2.5891454727454977,0.2501986775451035,0.0,1.0,G,,1.0,1.0,0,-0.5298905129382703,1.0,0.010000000000000009,0.009971759039664482,0.033377738836245514
GPT-4o,ftse,FTSE100,90,362,156,0.024109443322096687,0.008748697056240557,38,True,A,0.08333333333333333,8.682159435835501e-09,R,0.08697787558098458,-2.4731923466237014,-2.7292528812772328,0.3221718417443098,0.0,1.0,G,,1.0,1.0,0,-0.2624169511956287,1.0,0.010000000000000009,0.009517601678791654,0.03362704500088834
GPT-4o,ftse,FTSE100,120,341,147,0.018794059645822207,0.004244531144688273,34,True,A,0.06802721088435375,3.0315409977887953e-06,R,0.15121636284313322,-1.931101824383049,-2.332568743063563,0.2869695721976213,0.0,1.0,G,,1.0,1.0,0,-0.08126881909670092,1.0,0.010000000000000009,0.008970874621683533,0.02776493426750574
GPT-4o,ftse,FTSE100,150,320,138,0.01988764858162872,0.002253176721959389,30,True,A,0.07246376811594203,1.683834823795749e-06,R,0.17142475693405357,-1.9344839393234965,-1.9638064424555859,0.23519076447043274,0.0,1.0,G,,1.0,1.0,0,0.025729090892664397,1.0,0.010000000000000009,0.009333124582743211,0.02922077316437193
GPT-4o,djci,DJCI,30,403,173,0.01765615488786545,0.007862600309292207,30,True,A,0.05202312138728324,8.440765791584148e-05,R,0.47220995825240575,-0.7729221306579657,-1.1803009483089144,0.08428724501045082,0.0,1.0,G,,1.0,1.0,0,-0.2635150190270341,1.0,0.010000000000000009,0.015079859760314803,0.03273601464818025
GPT-4o,djci,DJCI,45,392,169,0.02099820488056736,0.009280534918717276,34,True,A,0.07100591715976332,1.959085061953303e-07,R,0.870911108136711,-1.682994647256062,-2.4845599064468264,0.25136778871144383,0.0,1.0,G,,1.0,1.0,0,-0.2385047821924411,1.0,0.010000000000000009,0.012917634759091343,0.033915839639658704
GPT-4o,djci,DJCI,60,382,164,0.02106515805460185,0.008659065768580564,32,True,A,0.054878048780487805,5.509199034725576e-05,R,0.49999809587390287,-1.2282742738721595,-1.8766764776104994,0.29319281657925655,0.0,1.0,G,,1.0,1.0,0,-0.20187394728338215,1.0,0.010000000000000009,0.01225378939211559,0.03331894744671744
GPT-4o,djci,DJCI,90,361,155,0.020972619223970472,0.008965935775740837,35,True,A,0.09032258064516129,7.99617483338011e-10,R,0.8513108494642269,-2.572888415848896,-3.3282576958417227,0.33848118951810924,0.0,1.0,G,,1.0,1.0,0,-0.1914517019440919,1.0,0.010000000000000009,0.012122395392948793,0.03309501461691927
GPT-4o,djci,DJCI,120,340,146,0.02022765593550884,0.003538925844101884,35,True,A,0.07534246575342465,3.4281954508497137e-07,R,0.8485019784862258,-2.081945303488562,-2.53612149154496,0.33333781592356293,0.0,1.0,G,,1.0,1.0,0,0.060137664288745896,1.0,0.010000000000000009,0.012100085057820887,0.03232774099332973
GPT-4o,djci,DJCI,150,319,137,0.013979697963010575,0.003018863866546175,28,True,A,0.058394160583941604,9.154184415938182e-05,R,0.467743930876213,-1.5726367308816958,-1.9000397185320863,0.37426622736763493,0.0,1.0,G,,1.0,1.0,0,0.12040496252045774,1.0,0.010000000000000009,0.011725122533782184,0.02570482049679276
