model,symbol,p_dq_raw,p_dq_cp
Chronos-Small,ASX200,0.0,0.0
Chronos-Small,AUDUSD,0.0,0.05959288395118867
Chronos-Small,BOVESPA,0.0,0.0
Chronos-Small,BTC,0.0,0.16092011529292927
Chronos-Small,CBU0,0.0,0.0
Chronos-Small,DJCI,0.0,2.808864252301646e-14
Chronos-Small,ETH,0.0,0.6691246062109912
Chronos-Small,EURUSD,0.0,0.17890877027145213
Chronos-Small,FCHI,0.0,0.0
Chronos-Small,FTSE100,0.0,0.0
Chronos-Small,GBPUSD,0.0,0.008743243860269478
Chronos-Small,GDAXI,0.0,2.4352753147383055e-10
Chronos-Small,GOLD,0.0,0.04409807364310936
Chronos-Small,HSI,0.0,4.302607925499302e-08
Chronos-Small,IBGL,0.0,0.18427974382120538
Chronos-Small,ICLN,0.0,0.8157007030630269
Chronos-Small,NATGAS,0.0,8.713030297258229e-13
Chronos-Small,NIFTY,0.0,0.9353512149178442
Chronos-Small,NIKKEI,0.0,3.4808045334955295e-10
Chronos-Small,SP500,0.0,0.0
Chronos-Small,STOXX,0.0,0.004934246071798709
Chronos-Small,TLT,0.0,4.7670978275959897e-11
Chronos-Small,USDJPY,0.0,0.0192043033946806
Chronos-Small,WTI,0.0,0.0
Chronos-Small-A,ASX200,0.0,0.0
Chronos-Small-A,AUDUSD,0.42158396567269385,0.989915647593573
Chronos-Small-A,BOVESPA,0.0,0.0
Chronos-Small-A,BTC,0.031023188502706245,0.7577884312669918
Chronos-Small-A,CBU0,2.220446049250313e-16,0.874114719604907
Chronos-Small-A,DJCI,8.37108160567368e-14,9.962697333776305e-11
Chronos-Small-A,ETH,4.558149283795387e-06,0.09211145393752584
Chronos-Small-A,EURUSD,0.0025096966401325638,0.0034145296681593607
Chronos-Small-A,FCHI,0.0,2.894351425197783e-12
Chronos-Small-A,FTSE100,0.0,0.0
Chronos-Small-A,GBPUSD,2.246479995804407e-06,0.04726697956453674
Chronos-Small-A,GDAXI,0.0,0.0
Chronos-Small-A,GOLD,1.6598302732262482e-09,0.005155459926801109
Chronos-Small-A,HSI,1.4499171863135984e-09,2.9651273658615196e-08
Chronos-Small-A,IBGL,0.18727449944441044,0.013227692083875864
Chronos-Small-A,ICLN,0.9957029083745692,0.6221375423518396
Chronos-Small-A,NATGAS,0.5115459233085582,0.5115459233085575
Chronos-Small-A,NIFTY,0.9467836616156056,0.6475345958473457
Chronos-Small-A,NIKKEI,1.258789335656374e-06,3.043426484161671e-07
Chronos-Small-A,SP500,6.8833827526759706e-15,0.004016196305293485
Chronos-Small-A,STOXX,5.517808432387028e-14,2.631228568361621e-14
Chronos-Small-A,TLT,0.0026071427705939287,0.0016149840976324992
Chronos-Small-A,USDJPY,1.919661740679146e-08,0.2693779963330287
Chronos-Small-A,WTI,0.002900811838267736,0.010989308131918896
Chronos-Mini,ASX200,0.0,2.220446049250313e-15
Chronos-Mini,AUDUSD,0.0,0.05957348106858784
Chronos-Mini,BOVESPA,0.0,0.0
Chronos-Mini,BTC,0.0,0.15602508225940526
Chronos-Mini,CBU0,0.0,0.0
Chronos-Mini,DJCI,0.0,1.0880185641326534e-14
Chronos-Mini,ETH,0.0,0.7757513252060739
Chronos-Mini,EURUSD,0.0,0.17402627652350144
Chronos-Mini,FCHI,0.0,1.6937562463681388e-12
Chronos-Mini,FTSE100,0.0,0.0
Chronos-Mini,GBPUSD,0.0,0.0037736904015214234
Chronos-Mini,GDAXI,0.0,1.0542566819538024e-11
Chronos-Mini,GOLD,0.0,0.2851457045979847
Chronos-Mini,HSI,0.0,7.84418463850578e-07
Chronos-Mini,IBGL,0.0,0.2251449566794803
Chronos-Mini,ICLN,0.0,0.9454234011173411
Chronos-Mini,NATGAS,0.0,2.2446489111871415e-12
Chronos-Mini,NIFTY,0.0,0.5212506562728818
Chronos-Mini,NIKKEI,0.0,7.054575368314886e-09
Chronos-Mini,SP500,0.0,6.006306563222097e-13
Chronos-Mini,STOXX,0.0,0.005363614510696446
Chronos-Mini,TLT,0.0,2.3314683517128287e-15
Chronos-Mini,USDJPY,0.0,0.0001704310609070836
Chronos-Mini,WTI,0.0,0.0
Chronos-Mini-A,ASX200,0.0,0.0
Chronos-Mini-A,AUDUSD,0.4167901417292692,0.9956028806820668
Chronos-Mini-A,BOVESPA,0.0,0.0
Chronos-Mini-A,BTC,0.027707576852871396,0.8687069460776766
Chronos-Mini-A,CBU0,8.881784197001252e-15,0.006376116678101451
Chronos-Mini-A,DJCI,2.042810365310288e-14,3.532251813265219e-08
Chronos-Mini-A,ETH,0.0002984824961382859,0.9638627576288207
Chronos-Mini-A,EURUSD,0.003162074081756061,0.23580673524998363
Chronos-Mini-A,FCHI,0.0,0.0
Chronos-Mini-A,FTSE100,0.0,2.1604940059205546e-12
Chronos-Mini-A,GBPUSD,2.2305073669182107e-06,0.14385167189227022
Chronos-Mini-A,GDAXI,0.0,0.0
Chronos-Mini-A,GOLD,3.538280779480374e-13,0.29705593590365953
Chronos-Mini-A,HSI,3.2299517505052222e-09,1.5043403078784934e-07
Chronos-Mini-A,IBGL,0.12200431495114572,0.013238517764253332
Chronos-Mini-A,ICLN,0.9975743064379698,0.5455591037594403
Chronos-Mini-A,NATGAS,0.4555851606920599,0.518056318946492
Chronos-Mini-A,NIFTY,0.09661393872255852,0.7931902117360339
Chronos-Mini-A,NIKKEI,3.511650581433656e-08,7.713234442419115e-05
Chronos-Mini-A,SP500,0.0,0.0007085603963781217
Chronos-Mini-A,STOXX,7.190137374379901e-12,6.242784067467255e-13
Chronos-Mini-A,TLT,1.6499270875436345e-05,5.403239811130334e-08
Chronos-Mini-A,USDJPY,4.123168473313399e-11,0.001526910193685893
Chronos-Mini-A,WTI,0.004420283139849546,0.01054253051437315
TimesFM-2.5,ASX200,0.0,0.0
TimesFM-2.5,AUDUSD,0.765324500828634,0.8545220064564372
TimesFM-2.5,BOVESPA,0.0,0.0
TimesFM-2.5,BTC,0.8696582134123171,0.49729744341201176
TimesFM-2.5,CBU0,2.7622121223647156e-07,8.491229941398615e-11
TimesFM-2.5,DJCI,2.8255371709029475e-08,2.8255371709029475e-08
TimesFM-2.5,ETH,0.9994377356234713,0.9978148704748153
TimesFM-2.5,EURUSD,0.17845040639587084,0.17845040639587317
TimesFM-2.5,FCHI,0.0,0.0
TimesFM-2.5,FTSE100,0.0,6.38378239159465e-14
TimesFM-2.5,GBPUSD,2.3272365479165558e-08,0.002312859559255309
TimesFM-2.5,GDAXI,0.0,0.0
TimesFM-2.5,GOLD,4.935172610576188e-07,0.19502056059225814
TimesFM-2.5,HSI,1.010413974711355e-12,1.2476527588844988e-08
TimesFM-2.5,IBGL,0.01851315671161813,0.010956192763018735
TimesFM-2.5,ICLN,0.5282241156100829,0.3698103187177444
TimesFM-2.5,NATGAS,0.5560536246626069,0.3225321941008841
TimesFM-2.5,NIFTY,0.016600376623825186,0.09064659947339249
TimesFM-2.5,NIKKEI,0.005265104860745939,0.1505462942644311
TimesFM-2.5,SP500,0.00018769509453242517,0.0007410550857993581
TimesFM-2.5,STOXX,1.386557535454358e-11,1.0751478890624888e-05
TimesFM-2.5,TLT,0.13438574753304267,0.207808602711827
TimesFM-2.5,USDJPY,0.0003079635524035895,7.343007726312578e-07
TimesFM-2.5,WTI,5.464947767652717e-07,5.297265638914972e-06
Moirai-1.1,ASX200,0.0,0.0
Moirai-1.1,AUDUSD,0.5221119408131811,0.5670212390191598
Moirai-1.1,BOVESPA,1.2880474464793679e-11,4.451994328746878e-14
Moirai-1.1,BTC,5.192959473543368e-08,0.8370305259313238
Moirai-1.1,CBU0,0.056329836475907946,0.552981614077414
Moirai-1.1,DJCI,1.537567998144418e-06,0.021037081958569348
Moirai-1.1,ETH,1.1655176037406179e-05,0.9181102717015814
Moirai-1.1,EURUSD,0.06570855863009584,0.010208712990607438
Moirai-1.1,FCHI,2.2093438190040615e-14,2.220446049250313e-16
Moirai-1.1,FTSE100,3.464362130500831e-11,8.43996095234445e-10
Moirai-1.1,GBPUSD,0.03432963816212897,0.03748916323667595
Moirai-1.1,GDAXI,1.8267494183987765e-09,4.2806867958100625e-06
Moirai-1.1,GOLD,0.0,3.524134448706917e-07
Moirai-1.1,HSI,0.014343726014844016,0.005094463203266453
Moirai-1.1,IBGL,0.003565444484891489,0.011913799670442371
Moirai-1.1,ICLN,0.5349571089560201,0.35837223216741565
Moirai-1.1,NATGAS,0.026770426403735725,0.026770426403735947
Moirai-1.1,NIFTY,0.950890217312749,0.6492742416823922
Moirai-1.1,NIKKEI,0.007770509413420723,0.009830307703731944
Moirai-1.1,SP500,0.0,0.0
Moirai-1.1,STOXX,0.0003834510670991387,0.016010376520989245
Moirai-1.1,TLT,2.0261570199409107e-13,1.8318679906315083e-14
Moirai-1.1,USDJPY,0.0002618364746566071,0.2891837993987484
Moirai-1.1,WTI,6.373791457192635e-05,0.00015864967712009292
Moirai-2.0,ASX200,0.0,0.0
Moirai-2.0,AUDUSD,0.9909860075805241,0.9627690870797723
Moirai-2.0,BOVESPA,0.0,0.0
Moirai-2.0,BTC,0.0002645005231931563,0.25724892889032636
Moirai-2.0,CBU0,0.0009237023954941082,0.0009237023954942192
Moirai-2.0,DJCI,1.296667462291623e-08,2.2733067780444927e-06
Moirai-2.0,ETH,4.880651438554651e-12,0.9723356139846459
Moirai-2.0,EURUSD,0.26357846570388466,0.0036391386302869755
Moirai-2.0,FCHI,0.0,1.7495798143585262e-09
Moirai-2.0,FTSE100,0.0,5.261624469454773e-11
Moirai-2.0,GBPUSD,7.171322159438276e-07,0.025533771325804477
Moirai-2.0,GDAXI,0.0,1.9182433419473455e-12
Moirai-2.0,GOLD,1.0702549957386509e-13,0.47810104133684306
Moirai-2.0,HSI,1.1691980716932449e-11,4.905076345096404e-12
Moirai-2.0,IBGL,0.7766006584473848,0.29737144952444317
Moirai-2.0,ICLN,0.9259441886179588,0.5403678927440458
Moirai-2.0,NATGAS,0.17859856372631122,0.1785985637263109
Moirai-2.0,NIFTY,0.4128808315275352,0.9941615646599395
Moirai-2.0,NIKKEI,5.440092820663267e-15,4.2211787526058586e-05
Moirai-2.0,SP500,0.0,1.163972918050149e-09
Moirai-2.0,STOXX,0.00015155506101749427,0.0010905226584216887
Moirai-2.0,TLT,0.537067613199955,0.5370676131999539
Moirai-2.0,USDJPY,7.725187156637503e-11,9.815449142358545e-08
Moirai-2.0,WTI,0.0014080596227574738,0.006015526724713838
Lag-Llama,ASX200,0.0,1.6388793322441586e-08
Lag-Llama,AUDUSD,2.0069024220248366e-10,0.6851912118200079
Lag-Llama,BOVESPA,0.0,0.18765795824578324
Lag-Llama,BTC,1.8073572654042636e-05,0.35157060992828737
Lag-Llama,CBU0,0.0,0.00026036972792720103
Lag-Llama,DJCI,0.0,0.0
Lag-Llama,ETH,0.0,0.9237490994001205
Lag-Llama,EURUSD,0.0,1.5109994163542417e-05
Lag-Llama,FCHI,0.0,1.1102230246251565e-16
Lag-Llama,FTSE100,0.0,0.0
Lag-Llama,GBPUSD,0.0,0.13139731303059143
Lag-Llama,GDAXI,0.0,4.048295421110737e-08
Lag-Llama,GOLD,0.0,0.02897700994300234
Lag-Llama,HSI,0.0,1.419853349171607e-05
Lag-Llama,IBGL,0.0,0.02330747102965347
Lag-Llama,ICLN,0.00015391440012257895,0.6963424082006309
Lag-Llama,NATGAS,5.773159728050814e-15,0.7971827825183092
Lag-Llama,NIFTY,1.3322676295501878e-15,0.9465444160219618
Lag-Llama,NIKKEI,0.0,0.9320242565701656
Lag-Llama,SP500,0.0,0.00012247876463755691
Lag-Llama,STOXX,0.0,0.2294187603019524
Lag-Llama,TLT,0.0,2.4658746469952142e-05
Lag-Llama,USDJPY,0.0,0.001608758956003209
Lag-Llama,WTI,6.328271240363392e-15,0.0001196814735304752
GJR-GARCH,ASX200,0.0,1.2612184429050544e-06
GJR-GARCH,AUDUSD,0.311052115193049,0.4825751602702443
GJR-GARCH,BOVESPA,0.0008724540109248391,0.6809145037962272
GJR-GARCH,BTC,4.448989443517348e-08,0.49664023141558256
GJR-GARCH,CBU0,0.005811619512435917,0.025980903047117865
GJR-GARCH,DJCI,0.0001796293147504624,0.9602207311823919
GJR-GARCH,ETH,0.11405555984027294,0.9907761423524533
GJR-GARCH,EURUSD,0.08571546134295338,0.24693569545824112
GJR-GARCH,FCHI,3.6204665454508955e-07,0.2328925915966662
GJR-GARCH,FTSE100,9.43689570931383e-15,0.004795602084571526
GJR-GARCH,GBPUSD,6.058755930293813e-08,0.2901205169160085
GJR-GARCH,GDAXI,1.4566126083082054e-13,0.07805374057440306
GJR-GARCH,GOLD,5.073071740469004e-09,0.6231796961319565
GJR-GARCH,HSI,0.00034341065104115387,0.26370910191242647
GJR-GARCH,IBGL,0.018714676760537508,0.2502664590392337
GJR-GARCH,ICLN,0.8403088656417278,0.4790762334422376
GJR-GARCH,NATGAS,0.1844928086323343,0.40988634906428756
GJR-GARCH,NIFTY,0.012115935429726887,0.3706577176015745
GJR-GARCH,NIKKEI,1.9226498171320827e-10,0.6011034788697416
GJR-GARCH,SP500,1.5648294764414317e-06,0.1536489993031852
GJR-GARCH,STOXX,4.3924974768572156e-11,0.007250346654920414
GJR-GARCH,TLT,0.00016617550562547656,7.645331594607896e-05
GJR-GARCH,USDJPY,0.0003940504352880625,0.9796517227589039
GJR-GARCH,WTI,1.1640950869917788e-08,0.0003523368008766514
GJR-GARCH-t,ASX200,4.9960036108132044e-15,3.379379649448566e-07
GJR-GARCH-t,AUDUSD,0.3905420241075054,0.7187895572944005
GJR-GARCH-t,BOVESPA,0.11394504302052733,0.5953376640448476
GJR-GARCH-t,BTC,0.08456703282422784,0.6646015185138727
GJR-GARCH-t,CBU0,0.02053352422168342,2.8401716861803372e-05
GJR-GARCH-t,DJCI,0.006546554602470334,0.6650876546097662
GJR-GARCH-t,ETH,0.9912177046875446,0.884324837013926
GJR-GARCH-t,EURUSD,0.15845534090999713,0.20841746118257487
GJR-GARCH-t,FCHI,0.011663347412229519,0.934351333864546
GJR-GARCH-t,FTSE100,0.007173018590087232,0.4130067238608578
GJR-GARCH-t,GBPUSD,8.41616110136556e-09,0.12432901290481302
GJR-GARCH-t,GDAXI,0.0007059672074524181,0.12707648406383565
GJR-GARCH-t,GOLD,0.008371270187429336,0.6058448187320673
GJR-GARCH-t,HSI,0.26930069385119626,0.9587119832664406
GJR-GARCH-t,IBGL,0.008304432572983411,0.004990652287029884
GJR-GARCH-t,ICLN,0.3480025644949316,0.34800256449488753
GJR-GARCH-t,NATGAS,0.60972075012628,0.6097207501262802
GJR-GARCH-t,NIFTY,0.3948080566609431,0.2724620761249439
GJR-GARCH-t,NIKKEI,0.015221707707961274,0.6523945339405695
GJR-GARCH-t,SP500,0.00020072701657125602,0.07469076048791246
GJR-GARCH-t,STOXX,0.0009577709601362727,0.007211922164990225
GJR-GARCH-t,TLT,0.031745459017992306,0.06304403794308955
GJR-GARCH-t,USDJPY,0.4522211334894489,0.8877962940429889
GJR-GARCH-t,WTI,1.2156923301143152e-05,0.010770008165053135
GARCH-N,ASX200,0.0,3.2516050962883014e-09
GARCH-N,AUDUSD,0.2730750786147522,0.35963161034942637
GARCH-N,BOVESPA,0.025851703005366655,0.5483774032355995
GARCH-N,BTC,5.483706877473793e-08,0.4449640794664601
GARCH-N,CBU0,0.08741023489741684,0.08211890679442568
GARCH-N,DJCI,0.001563330857933476,0.12256192386505438
GARCH-N,ETH,0.00024511503296853476,0.9861684664182611
GARCH-N,EURUSD,0.2303494046681278,0.19986286513362905
GARCH-N,FCHI,0.0,1.783129199850464e-12
GARCH-N,FTSE100,2.4424906541753444e-15,1.0380060900594401e-05
GARCH-N,GBPUSD,8.440092824635315e-08,0.3134981365548133
GARCH-N,GDAXI,2.0516921495072893e-13,1.3003743165485027e-05
GARCH-N,GOLD,2.7936251758564623e-06,0.08834780013811261
GARCH-N,HSI,1.3877787807814457e-14,0.05557455381644705
GARCH-N,IBGL,0.02304186597188773,0.0010707863523423677
GARCH-N,ICLN,0.7203277819880238,0.650244834198062
GARCH-N,NATGAS,0.28251256607728814,0.2651335404633529
GARCH-N,NIFTY,0.004480668210863237,0.966196635325195
GARCH-N,NIKKEI,0.0,0.00327310330163999
GARCH-N,SP500,1.746226618271063e-05,0.6313178095678316
GARCH-N,STOXX,4.628232019854295e-09,0.10540746387466748
GARCH-N,TLT,0.01660341385413544,0.12082818094703462
GARCH-N,USDJPY,0.009484001675292952,0.005413447557425233
GARCH-N,WTI,7.818054137409547e-08,0.010640890219529853
EWMA,ASX200,0.0,3.0866601048451514e-06
EWMA,AUDUSD,8.231705527328437e-05,0.7691953747509991
EWMA,BOVESPA,8.650907326157586e-06,0.002409427677059983
EWMA,BTC,1.907318970539862e-07,0.306582527408225
EWMA,CBU0,0.024315298487098902,0.9399298464518389
EWMA,DJCI,0.01071740847598579,0.1221067533310578
EWMA,ETH,3.254086543558188e-07,0.9854855404267074
EWMA,EURUSD,0.00034043158248686645,0.3900762506493042
EWMA,FCHI,0.0,2.446473024164675e-10
EWMA,FTSE100,1.4432899320127035e-15,5.959109872222257e-10
EWMA,GBPUSD,0.00046289933049348253,0.4873728678704444
EWMA,GDAXI,0.0,0.00016129490577487804
EWMA,GOLD,6.090039583739326e-11,0.5673797318829512
EWMA,HSI,2.9348247498894864e-08,0.0005197676286992081
EWMA,IBGL,0.05950685314012305,0.5189899045603952
EWMA,ICLN,0.10210992435186306,0.6598948073770303
EWMA,NATGAS,0.12554171266997272,0.10358576521535146
EWMA,NIFTY,0.2124080457305837,0.9105745330454524
EWMA,NIKKEI,1.0457833932164817e-08,0.0778610906354108
EWMA,SP500,3.485545185810679e-12,3.585205336975594e-05
EWMA,STOXX,0.0,1.622672555101623e-06
EWMA,TLT,0.20750465457615253,0.2378566402217519
EWMA,USDJPY,0.0001652090295102271,0.3040402676869953
EWMA,WTI,1.0090239310756033e-08,0.003262524251881782
Hist-Sim,ASX200,0.0,0.0
Hist-Sim,AUDUSD,0.8331334919100352,0.5911725016339844
Hist-Sim,BOVESPA,0.0,0.0
Hist-Sim,BTC,0.054813902333954556,0.5652154829071261
Hist-Sim,CBU0,2.930988785010413e-14,0.001746834109482065
Hist-Sim,DJCI,1.1102230246251565e-16,5.845990358466224e-12
Hist-Sim,ETH,1.359309886872495e-09,0.08295075393122076
Hist-Sim,EURUSD,5.303185014404743e-05,0.1839624774133355
Hist-Sim,FCHI,0.0,0.0
Hist-Sim,FTSE100,0.0,3.552713678800501e-15
Hist-Sim,GBPUSD,1.0143330619882818e-11,0.007641966580030357
Hist-Sim,GDAXI,0.0,0.0
Hist-Sim,GOLD,1.7374113547852232e-07,0.13890094791664243
Hist-Sim,HSI,2.2142954136938897e-11,1.266212690254065e-10
Hist-Sim,IBGL,0.17615756874571864,0.20318234023205872
Hist-Sim,ICLN,0.03627051132604886,0.03627051132605108
Hist-Sim,NATGAS,1.7942014540750506e-10,1.6405057136070766e-06
Hist-Sim,NIFTY,2.2152305989564525e-08,0.756505890913866
Hist-Sim,NIKKEI,0.0,5.7779003803659634e-11
Hist-Sim,SP500,0.0,0.0
Hist-Sim,STOXX,0.0,0.0
Hist-Sim,TLT,0.0,0.0
Hist-Sim,USDJPY,2.0095036745715333e-14,0.2467599839444321
Hist-Sim,WTI,1.1929303100899347e-09,3.777169688135018e-10
