model,asset,defect_label,defect_family,qV,raw_width,R,pihat_raw,p_kup,p_cc,n_test
Chronos-Small,SP500,top_k_truncation,foundation,0.03116672240790403,0.0014490333509894367,21.50863014065384,0.3930921052631579,0.0,0.952372383634844,1824
Chronos-Small,STOXX,top_k_truncation,foundation,0.034435598743315726,0.0009516420707003178,36.18545228667161,0.40053404539385845,0.0,0.3496126129420176,1498
Chronos-Small,GDAXI,top_k_truncation,foundation,0.039583067493618763,0.0015966742162903628,24.790948015421822,0.38524145415084105,0.0,0.536136410498249,1843
Chronos-Small,FCHI,top_k_truncation,foundation,0.036039821760051584,0.001357471638176105,26.54922633114795,0.40625,0.0,0.20794046947748135,1856
Chronos-Small,FTSE100,top_k_truncation,foundation,0.030329217709992418,0.0014991635598362281,20.230759686625284,0.37315875613747956,0.0,0.68887083598158,1833
Chronos-Small,ICLN,top_k_truncation,foundation,0.04212352727056173,0.005469816266622492,7.701086328549059,0.3721518987341772,0.0,0.268260479769036,1185
Chronos-Small,NIKKEI,top_k_truncation,foundation,0.038378394714549076,0.0021134338869164978,18.15925965422235,0.3905191873589165,0.0,0.548862195154276,1772
Chronos-Small,HSI,top_k_truncation,foundation,0.038906545780363636,0.0035584566667512594,10.93354491116619,0.3806053811659193,0.0,0.3886391236974266,1784
Chronos-Small,BOVESPA,top_k_truncation,foundation,0.0418381945086304,0.0026116464027496032,16.019854167310765,0.38127090301003347,0.0,0.2732296278780675,1794
Chronos-Small,NIFTY,top_k_truncation,foundation,0.0242198267630135,0.0011048586809569692,21.92119877452163,0.42632450331125826,0.0,0.1355455710175838,1208
Chronos-Small,ASX200,top_k_truncation,foundation,0.026479514057737817,0.0008053818777349111,32.87820944296622,0.41843971631205673,0.0,0.00511441238291821,1833
Chronos-Small,CBU0,top_k_truncation,foundation,0.008038061683034886,0.001558759049708658,5.156705704154373,0.35348360655737704,0.0,0.2391834539864076,976
Chronos-Small,TLT,top_k_truncation,foundation,0.019462675096885023,0.0029081003077376707,6.6925735144348675,0.40220723482526055,0.0,0.8859284360565314,1631
Chronos-Small,IBGL,top_k_truncation,foundation,0.019096905566302277,0.0027516899169409393,6.940064521344162,0.38499184339314846,0.0,0.3912303671000945,1226
Chronos-Small,DJCI,top_k_truncation,foundation,0.01857924247195986,0.0016232310739165514,11.445839579162097,0.39105339105339104,0.0,0.647027482282207,693
Chronos-Small,GOLD,top_k_truncation,foundation,0.031126434335503515,0.0011691087987998287,26.624069861981162,0.38531073446327685,0.0,0.017808158366193094,1770
Chronos-Small,WTI,top_k_truncation,foundation,0.05519727078867386,0.0034149855588950884,16.16325159703833,0.41252821670428896,0.0,0.9753091284780693,1772
Chronos-Small,NATGAS,top_k_truncation,foundation,0.07054923311252861,0.010745825846364972,6.565268609521859,0.38622247317899494,0.0,0.36966482780428755,1771
Chronos-Small,BTC,top_k_truncation,foundation,0.10761549021774856,0.005771017550836152,18.647576319042102,0.33875338753387535,0.0,0.3812428420326881,1107
Chronos-Small,ETH,top_k_truncation,foundation,0.12616460281247144,0.006853106936890255,18.40984008776045,0.39501312335958005,0.0,0.9678586589057332,762
Chronos-Small,EURUSD,top_k_truncation,foundation,0.015414008109286406,0.0010917628637626927,14.118457973705928,0.38495575221238937,0.0,0.047920426733504495,1582
Chronos-Small,GBPUSD,top_k_truncation,foundation,0.015203177062875935,0.0012170372521551637,12.491957034144782,0.38485804416403785,0.0,0.8246664622395341,1585
Chronos-Small,USDJPY,top_k_truncation,foundation,0.016733083111953113,0.0008144626610864612,20.544935834912106,0.3919491525423729,0.0,0.7132049934675174,1888
Chronos-Small,AUDUSD,top_k_truncation,foundation,0.021631863257192623,0.001593892186445536,13.571723006831988,0.382078853046595,0.0,0.06200916012312496,1395
Chronos-Mini,SP500,top_k_truncation,foundation,0.03242629503592577,0.001999870437765696,16.214197891816042,0.39418859649122806,0.0,0.6366876245305474,1824
Chronos-Mini,STOXX,top_k_truncation,foundation,0.03590803355319631,0.0008958523288148987,40.08253637147784,0.40520694259012013,0.0,0.31735381527373197,1498
Chronos-Mini,GDAXI,top_k_truncation,foundation,0.0411064567169019,0.0011956236308316918,34.380766369018396,0.40748779164405863,0.0,0.5126339389311045,1843
Chronos-Mini,FCHI,top_k_truncation,foundation,0.0378795796003128,0.00126708243118019,29.895118634886984,0.41163793103448276,0.0,0.028314028994417706,1856
Chronos-Mini,FTSE100,top_k_truncation,foundation,0.030749208822588116,0.00107830359971467,28.516281342958205,0.40480087288597927,0.0,0.6193520121569615,1833
Chronos-Mini,ICLN,top_k_truncation,foundation,0.042703255140236755,0.003759522766782451,11.3586903948407,0.42362869198312236,0.0,0.02814050978235294,1185
Chronos-Mini,NIKKEI,top_k_truncation,foundation,0.039270611287087094,0.0012753350010908098,30.792388865277324,0.4204288939051919,0.0,0.20544150197190103,1772
Chronos-Mini,HSI,top_k_truncation,foundation,0.03768070967099364,0.002155444608501553,17.48164138497113,0.4198430493273543,0.0,0.45757615511584926,1784
Chronos-Mini,BOVESPA,top_k_truncation,foundation,0.043729029913938094,0.0025734500299783285,16.992375761928567,0.4096989966555184,0.0,0.17471104952919858,1794
Chronos-Mini,NIFTY,top_k_truncation,foundation,0.02596414856642934,0.0009849510265665152,26.360852332870728,0.42218543046357615,0.0,0.14030738971672285,1208
Chronos-Mini,ASX200,top_k_truncation,foundation,0.025212723744431523,0.0010629600505594216,23.71935213478851,0.41680305510092747,0.0,0.04737582970388288,1833
Chronos-Mini,CBU0,top_k_truncation,foundation,0.008317245147305714,0.0009885107046221705,8.41391510321048,0.41905737704918034,0.0,0.7654097099516954,976
Chronos-Mini,TLT,top_k_truncation,foundation,0.020034603633416286,0.001833029357331173,10.929777831046838,0.44819129368485594,0.0,0.6608481796912601,1631
Chronos-Mini,IBGL,top_k_truncation,foundation,0.019918195424019333,0.0019734980911718337,10.092837440847083,0.4371941272430669,0.0,0.17567029537552747,1226
Chronos-Mini,DJCI,top_k_truncation,foundation,0.019775894804161705,0.0010677703211421764,18.52073841405121,0.4054834054834055,0.0,0.7652958186979476,693
Chronos-Mini,GOLD,top_k_truncation,foundation,0.03167960736979117,0.0005731960571729343,55.26836232272507,0.415819209039548,0.0,0.0014878777644556918,1770
Chronos-Mini,WTI,top_k_truncation,foundation,0.05598975664497916,0.0033859546448032686,16.535885006880324,0.42663656884875845,0.0,0.82375471353604,1772
Chronos-Mini,NATGAS,top_k_truncation,foundation,0.07638513391380006,0.007095791665942314,10.764850140742709,0.42857142857142855,0.0,0.07971649166923722,1771
Chronos-Mini,BTC,top_k_truncation,foundation,0.1093308046365461,0.003355622301235473,32.58137979244347,0.4010840108401084,0.0,0.11868352376088509,1107
Chronos-Mini,ETH,top_k_truncation,foundation,0.1312263188759762,0.004058360478477388,32.334810959229905,0.42913385826771655,0.0,0.1998146243989617,762
Chronos-Mini,EURUSD,top_k_truncation,foundation,0.01622539326522643,0.0007520750443179454,21.574167881000744,0.4393173198482933,0.0,0.644537193659513,1582
Chronos-Mini,GBPUSD,top_k_truncation,foundation,0.015332036362671955,0.0008013003472164395,19.133944489020188,0.42902208201892744,0.0,0.6876909178520513,1585
Chronos-Mini,USDJPY,top_k_truncation,foundation,0.016922191158423323,0.0005455517606083537,31.018488767322665,0.4152542372881356,0.0,0.4302455377414063,1888
Chronos-Mini,AUDUSD,top_k_truncation,foundation,0.022505440541051823,0.001024454111766592,21.968227061183764,0.421505376344086,0.0,0.0016413403561580386,1395
TimesFM-2.5,SP500,sign_flip,foundation,0.10995501789983163,0.025674848946776383,4.282596486848546,0.9939692982456141,0.0,,1824
TimesFM-2.5,STOXX,sign_flip,foundation,0.09574986611278366,0.025084761047628627,3.817053147565674,0.9979973297730307,0.0,,1498
TimesFM-2.5,GDAXI,sign_flip,foundation,0.1102889788057189,0.0295864448189615,3.727686090051495,0.9913185024416712,0.0,,1843
TimesFM-2.5,FCHI,sign_flip,foundation,0.10204240881087168,0.028412620673974195,3.59144656108199,0.9935344827586207,0.0,,1856
TimesFM-2.5,FTSE100,sign_flip,foundation,0.08992953475905024,0.023335747760658807,3.853724152377939,0.9934533551554828,0.0,,1833
TimesFM-2.5,ICLN,sign_flip,foundation,0.1129122663333629,0.04503084881613892,2.507442548870975,0.9890295358649789,0.0,0.12966060085324438,1185
TimesFM-2.5,NIKKEI,sign_flip,foundation,0.1033098523285004,0.0305591071514297,3.3806567651524815,0.9892776523702032,0.0,0.19796715899721862,1772
TimesFM-2.5,HSI,sign_flip,foundation,0.11482475667459552,0.0355179702412584,3.2328636995481443,0.9887892376681614,0.0,0.22069260436938898,1784
TimesFM-2.5,BOVESPA,sign_flip,foundation,0.12406456728674363,0.031031063079596386,3.998076603708715,0.9933110367892977,0.0,,1794
TimesFM-2.5,NIFTY,sign_flip,foundation,0.07131004996292749,0.021085465499292647,3.381952841653874,0.9884105960264901,0.0,0.15077042184799128,1208
TimesFM-2.5,ASX200,sign_flip,foundation,0.0745283561164955,0.02174659588172705,3.427127469597172,0.9950900163666121,0.0,,1833
TimesFM-2.5,CBU0,sign_flip,foundation,0.021704332439975018,0.012603359650670129,1.722106885906488,0.9897540983606558,0.0,0.08703327203810551,976
TimesFM-2.5,TLT,sign_flip,foundation,0.05074159943698785,0.025840187677160564,1.9636699265089688,0.9926425505824648,0.0,0.07484198109765883,1631
TimesFM-2.5,IBGL,sign_flip,foundation,0.04469264958937667,0.021829390429197595,2.0473613193338944,0.9942903752039152,0.0,,1226
TimesFM-2.5,DJCI,sign_flip,foundation,0.04900952321007286,0.02133924099610789,2.296685398464351,0.98989898989899,0.0,,693
TimesFM-2.5,GOLD,sign_flip,foundation,0.07361259008841674,0.024955612484634303,2.949740870264818,0.9813559322033898,0.0,0.1506534066510946,1770
TimesFM-2.5,WTI,sign_flip,foundation,0.18469060753065772,0.06222127336345412,2.968287171685181,0.9904063205417607,0.0,0.15350067542695356,1772
TimesFM-2.5,NATGAS,sign_flip,foundation,0.18551795218518224,0.1072337921223872,1.7300325626221293,0.9858836815358555,0.0,0.3643970216096838,1771
TimesFM-2.5,BTC,sign_flip,foundation,0.25608634028945076,0.07067604679338065,3.623382346753373,0.990063233965673,0.0,,1107
TimesFM-2.5,ETH,sign_flip,foundation,0.28025048941798314,0.09465300655593946,2.9608197310917586,0.9868766404199475,0.0,,762
TimesFM-2.5,EURUSD,sign_flip,foundation,0.046088000320350896,0.011006381414169293,4.187388986994268,0.9854614412136536,0.0,0.04355181466582192,1582
TimesFM-2.5,GBPUSD,sign_flip,foundation,0.04370251651634241,0.013211961371812405,3.3077992953855677,0.9892744479495268,0.0,0.17393452858666691,1585
TimesFM-2.5,USDJPY,sign_flip,foundation,0.044308593516263636,0.013765478348759502,3.218819745574376,0.9846398305084746,0.0,,1888
TimesFM-2.5,AUDUSD,sign_flip,foundation,0.06670114506364755,0.015815719430979973,4.2173955699411785,0.989247311827957,0.0,,1395
Moirai-2.0,SP500,sign_flip,foundation,0.09458216981899799,0.0244268097700225,3.872063962076324,0.9928728070175439,0.0,,1824
Moirai-2.0,STOXX,sign_flip,foundation,0.08518844882068974,0.02150474668074827,3.961378856741109,0.9953271028037384,0.0,,1498
Moirai-2.0,GDAXI,sign_flip,foundation,0.10147285644728021,0.02530523760353986,4.009954699381504,0.9902333152468801,0.0,,1843
Moirai-2.0,FCHI,sign_flip,foundation,0.09599277494276562,0.024662939830360685,3.8921870467605877,0.990301724137931,0.0,,1856
Moirai-2.0,FTSE100,sign_flip,foundation,0.07745068786554962,0.020645152707903916,3.75151925303502,0.9896344789961812,0.0,,1833
Moirai-2.0,ICLN,sign_flip,foundation,0.11306993959861163,0.042097967684288196,2.685876440558236,0.9848101265822785,0.0,0.27333506489988524,1185
Moirai-2.0,NIKKEI,sign_flip,foundation,0.09096110354061784,0.027406927938221366,3.318909136611572,0.9853273137697517,0.0,0.39616558077994835,1772
Moirai-2.0,HSI,sign_flip,foundation,0.10329414376267712,0.03349404234937547,3.083955728162598,0.9854260089686099,0.0,0.39335334287528967,1784
Moirai-2.0,BOVESPA,sign_flip,foundation,0.10458226012974818,0.030464469119570823,3.4329257378249536,0.9938684503901896,0.0,,1794
Moirai-2.0,NIFTY,sign_flip,foundation,0.06751173359391292,0.01944245478790008,3.472387326107017,0.9908940397350994,0.0,,1208
Moirai-2.0,ASX200,sign_flip,foundation,0.06600155865125266,0.020098814884887146,3.283853253501084,0.994544462629569,0.0,,1833
Moirai-2.0,CBU0,sign_flip,foundation,0.019775737947347743,0.012839373860482171,1.5402416163154768,0.9897540983606558,0.0,0.08703327203810551,976
Moirai-2.0,TLT,sign_flip,foundation,0.04840618551099533,0.024290953789731565,1.9927659461217992,0.9895769466584917,0.0,0.16845332680490344,1631
Moirai-2.0,IBGL,sign_flip,foundation,0.04208208826395453,0.022635963061175123,1.8590809743868648,0.9959216965742251,0.0,,1226
Moirai-2.0,DJCI,sign_flip,foundation,0.04584419323075885,0.01918825589705508,2.389179791884826,0.9841269841269841,0.0,,693
Moirai-2.0,GOLD,sign_flip,foundation,0.07101469617625435,0.022061275106816665,3.218975142298628,0.9796610169491525,0.0,0.2094103635532285,1770
Moirai-2.0,WTI,sign_flip,foundation,0.18236805842513726,0.056197642872869547,3.245119352028532,0.9875846501128668,0.0,0.028595727711782204,1772
Moirai-2.0,NATGAS,sign_flip,foundation,0.1763316498804931,0.09974719217853473,1.7677855990661069,0.9802371541501976,0.0,0.033797231983324405,1771
Moirai-2.0,BTC,sign_flip,foundation,0.22160544470779325,0.05896925241016315,3.757982942812419,0.979223125564589,0.0,0.49938228003687013,1107
Moirai-2.0,ETH,sign_flip,foundation,0.24234882968086013,0.08355332381728114,2.900528891116785,0.9816272965879265,0.0,,762
Moirai-2.0,EURUSD,sign_flip,foundation,0.047657489391002214,0.011051493054811116,4.312312296143115,0.9848293299620733,0.0,0.3762770876377869,1582
Moirai-2.0,GBPUSD,sign_flip,foundation,0.04313690842852359,0.01282635806310323,3.363145502121354,0.9911671924290221,0.0,0.1109785551602881,1585
Moirai-2.0,USDJPY,sign_flip,foundation,0.041770930160613895,0.012514218488475112,3.3378776468608535,0.9835805084745762,0.0,,1888
Moirai-2.0,AUDUSD,sign_flip,foundation,0.058557768997454684,0.015413541379776519,3.7991119337627337,0.9878136200716846,0.0,,1395
GJR-GARCH,SP500,gjr_quantile_map,classical,-0.0050303410366928925,0.0366617138681078,0.137209652958118,0.006834910620399579,0.14117161537298806,,1902
GJR-GARCH,STOXX,gjr_quantile_map,classical,-0.004630660156466087,0.03285167514618232,0.14095659158507823,0.0063411540900443885,0.11746405940376181,,1577
GJR-GARCH,GDAXI,gjr_quantile_map,classical,-0.006924100032849892,0.037785136653117626,0.18324930504859213,0.005202913631633715,0.0199384240389191,,1922
GJR-GARCH,FCHI,gjr_quantile_map,classical,-0.006705544605853778,0.03647948971253435,0.18381684225011935,0.00516795865633075,0.01855034530779176,,1935
GJR-GARCH,FTSE100,gjr_quantile_map,classical,-0.004592435780081488,0.028907807354037522,0.15886489500353154,0.006802721088435374,0.13597839405769885,,1911
GJR-GARCH,ICLN,gjr_quantile_map,classical,-0.006720677393820866,0.05899447187433987,0.1139204603464563,0.0023752969121140144,0.0010660399804924836,,1263
GJR-GARCH,NIKKEI,gjr_quantile_map,classical,-0.006443028163210872,0.04117939777837767,0.15646241836479585,0.005402485143165856,0.02938460653735686,0.042127705450773045,1851
GJR-GARCH,HSI,gjr_quantile_map,classical,-0.006749505667209471,0.04611299605448698,0.14636883839068437,0.004296455424274973,0.005270072975758655,,1862
GJR-GARCH,BOVESPA,gjr_quantile_map,classical,-0.012060269601615013,0.04284250780887776,0.28150241940589443,0.0037373198077949813,0.0017883387665803552,,1873
GJR-GARCH,NIFTY,gjr_quantile_map,classical,-0.006706814275816996,0.030220235244745694,0.22193123982987825,0.002331002331002331,0.000873325105878342,,1287
GJR-GARCH,ASX200,gjr_quantile_map,classical,-0.00490538462750153,0.028607308620568934,0.17147312571636014,0.005230125523012552,0.02107144047245091,,1912
GJR-GARCH,CBU0,gjr_quantile_map,classical,0.0001826293563039318,0.016880985679032106,0.010818642926211113,0.0009478672985781991,0.00014204685136276485,,1055
GJR-GARCH,TLT,gjr_quantile_map,classical,-0.006217826963074177,0.03314010452486016,0.18762243065376735,0.0011702750146284377,3.133865299043137e-06,,1709
GJR-GARCH,IBGL,gjr_quantile_map,classical,-0.0036142556873221612,0.028662390707618633,0.12609749564126452,0.0022988505747126436,0.0007516732022585515,,1305
GJR-GARCH,DJCI,gjr_quantile_map,classical,-0.004869171136419898,0.028505621772388454,0.1708144160228895,0.0038860103626943004,0.051317603064967465,,772
GJR-GARCH,GOLD,gjr_quantile_map,classical,-0.004206739690607201,0.03532551141827687,0.11908503293262158,0.00487012987012987,0.013838131772674456,,1848
GJR-GARCH,WTI,gjr_quantile_map,classical,-0.011169639065391843,0.08524243854714593,0.13103378147979816,0.0075675675675675675,0.2719127417664634,0.0035411671317711058,1850
GJR-GARCH,NATGAS,gjr_quantile_map,classical,-0.021745097253063672,0.1436257276641358,0.15140112852144352,0.003243243243243243,0.0006691694585853059,,1850
GJR-GARCH,BTC,gjr_quantile_map,classical,-0.0033342395003210026,0.09975464777958586,0.03342440251694551,0.002531645569620253,0.0020276871229276683,,1185
GJR-GARCH,ETH,gjr_quantile_map,classical,-0.01780004430813731,0.13325945028805097,0.1335743489085471,0.0047562425683709865,0.08867299588208022,,841
GJR-GARCH,EURUSD,gjr_quantile_map,classical,-0.0034920328096063368,0.015227183129684305,0.22932887717091077,0.0030120481927710845,0.0007826054437169994,,1660
GJR-GARCH,GBPUSD,gjr_quantile_map,classical,-0.0035827736325732083,0.017530027255297773,0.2043792391418247,0.003605769230769231,0.0025449749023555013,,1664
GJR-GARCH,USDJPY,gjr_quantile_map,classical,-0.003689856738768366,0.018753095997430625,0.19675987043813542,0.006103763987792472,0.06130216638953234,,1966
GJR-GARCH,AUDUSD,gjr_quantile_map,classical,-0.002965768274704376,0.02108710057530555,0.1406437202740663,0.002036659877800407,0.00018218383971391194,,1473
Moirai-1.1,SP500,none,foundation,0.003502250784425242,0.028415433927791462,0.12325170867793424,0.022478070175438597,4.171462703372875e-06,0.31722493869139834,1824
Moirai-1.1,STOXX,none,foundation,0.005542742937445628,0.026083164901817057,0.21250269889830348,0.012683578104138851,0.31625278633688647,0.23847031027044263,1498
Moirai-1.1,GDAXI,none,foundation,0.003247047533000473,0.0295740837524976,0.10979368152787666,0.018448182311448725,0.0011095902612412445,,1843
Moirai-1.1,FCHI,none,foundation,0.0032134817070712737,0.029652695500109735,0.10837064397937725,0.017241379310344827,0.00447296073785064,0.5805691262215775,1856
Moirai-1.1,FTSE100,none,foundation,0.0034951155195795877,0.024826728649291606,0.14078034883098928,0.014184397163120567,0.09027554520863568,0.3822406891520349,1833
Moirai-1.1,ICLN,none,foundation,0.004277296057696868,0.04653783042302929,0.09191008731640923,0.006751054852320675,0.23234634922963948,,1185
Moirai-1.1,NIKKEI,none,foundation,0.006097342994932836,0.03365096114494399,0.1811937248588501,0.01636568848758465,0.013644279083902422,0.4981961222011485,1772
Moirai-1.1,HSI,none,foundation,0.004184682313436862,0.03729766870342976,0.11219688680038208,0.01233183856502242,0.3395375912111167,,1784
Moirai-1.1,BOVESPA,none,foundation,0.0029007167219524572,0.03514816948541294,0.08252824441273682,0.012263099219620958,0.3521456148268004,0.27154663822220126,1794
Moirai-1.1,NIFTY,none,foundation,0.0016620239980940192,0.02366642030915831,0.07022709714366299,0.006622516556291391,0.20873921665964357,,1208
Moirai-1.1,ASX200,none,foundation,0.0019394000908385736,0.025078824660123466,0.07733217633290099,0.02182214948172395,1.089879794613502e-05,0.2883797316388933,1833
Moirai-1.1,CBU0,none,foundation,0.0017071349745451945,0.013491299690232139,0.12653599087871278,0.009221311475409836,0.8043329241491248,,976
Moirai-1.1,TLT,none,foundation,0.0003764811378797108,0.027442809597958518,0.01371875341465465,0.00797057020232986,0.393134480674471,,1631
Moirai-1.1,IBGL,none,foundation,0.0021507646889076214,0.02416568866832908,0.0890007613036229,0.011419249592169658,0.6252721631875983,,1226
Moirai-1.1,DJCI,none,foundation,0.0013349086311602379,0.02217558668845682,0.06019721822535163,0.024531024531024532,0.0011818192129881,,693
Moirai-1.1,GOLD,none,foundation,0.004428363482144128,0.02601617078917722,0.17021580608574174,0.02937853107344633,3.0346170021289254e-11,,1770
Moirai-1.1,WTI,none,foundation,0.001093754438919091,0.06813306014947004,0.01605321170837794,0.018623024830699775,0.0011228456881324789,0.6454659134196631,1772
Moirai-1.1,NATGAS,none,foundation,0.0012214511354535773,0.10822839630720375,0.011285865605792745,0.015245623941276116,0.03944703006414274,,1771
Moirai-1.1,BTC,none,foundation,0.022927631213099223,0.0595868031852378,0.38477699738017457,0.01987353206865402,0.0036130258947457694,,1107
Moirai-1.1,ETH,none,foundation,0.016029722725735635,0.0836574984210839,0.19161130834980503,0.026246719160104987,0.00017872302309318577,,762
Moirai-1.1,EURUSD,none,foundation,-0.00016161325282183954,0.012914236781658903,0.012514347967614038,0.01327433628318584,0.21261282507456358,,1582
Moirai-1.1,GBPUSD,none,foundation,0.0005476772828920534,0.015229985964766553,0.03596045880535047,0.013249211356466877,0.21555135242360812,,1585
Moirai-1.1,USDJPY,none,foundation,0.0011393032347210598,0.014900059362979985,0.07646299970802273,0.013241525423728813,0.17746885569965032,,1888
Moirai-1.1,AUDUSD,none,foundation,0.0006695114135569936,0.01847503622879665,0.0362387063963339,0.0064516129032258064,0.1543087129769405,,1395
Lag-Llama,SP500,none,foundation,0.008219084752491997,0.02527417716258481,0.32519692726769767,0.029605263157894735,9.580114479490476e-12,0.6009660414331252,1824
Lag-Llama,STOXX,none,foundation,0.012709359384210278,0.021380101153331724,0.5944480474186036,0.024699599465954607,1.4603314996142203e-06,0.31112133616014426,1498
Lag-Llama,GDAXI,none,foundation,0.011476128009957579,0.025448155526998563,0.4509610921617591,0.02984264785675529,4.561795385882306e-12,0.5789150893210515,1843
Lag-Llama,FCHI,none,foundation,0.011366232311129178,0.024631592049278474,0.4614493569229978,0.028556034482758622,5.4918847247620306e-11,0.6474933063608459,1856
Lag-Llama,FTSE100,none,foundation,0.007876998044277224,0.0207322507755337,0.3799393577456112,0.027277686852154936,8.844633914151245e-10,0.21043777621153925,1833
Lag-Llama,ICLN,none,foundation,0.010926482324309653,0.040974990426315167,0.2666622300732105,0.017721518987341773,0.015992270577913525,,1185
Lag-Llama,NIKKEI,none,foundation,0.011381577724163951,0.028604658162552424,0.39789245721747724,0.03329571106094808,7.882583474838611e-15,0.9600111887002213,1772
Lag-Llama,HSI,none,foundation,0.010445109658784396,0.03269157975936108,0.3195045860637398,0.0257847533632287,2.2410250211102323e-08,,1784
Lag-Llama,BOVESPA,none,foundation,0.009859050827052546,0.029293660439925685,0.3365591967337475,0.02508361204013378,7.013248204401634e-08,,1794
Lag-Llama,NIFTY,none,foundation,0.006109485689649412,0.019946826070601845,0.3062886129364577,0.029801324503311258,2.2529499821288823e-08,0.9408832365117378,1208
Lag-Llama,ASX200,none,foundation,0.007124247836627448,0.01962590027064496,0.36300234579727264,0.03982542280414621,0.0,0.18124671897951716,1833
Lag-Llama,CBU0,none,foundation,0.0024857182085719232,0.011189594646800331,0.22214550991645754,0.02663934426229508,1.4946868127752033e-05,,976
Lag-Llama,TLT,none,foundation,0.00457032730886478,0.022657576125637062,0.2017129848101206,0.0269773145309626,1.2357839973553553e-08,,1631
Lag-Llama,IBGL,none,foundation,0.005871659340550199,0.01986693279401416,0.295549363428627,0.026101141924959218,2.4010590227163675e-06,,1226
Lag-Llama,DJCI,none,foundation,0.005236942707085015,0.019735938891019905,0.2653505736921332,0.04040404040404041,1.3713673530091341e-09,,693
Lag-Llama,GOLD,none,foundation,0.009904797092721202,0.02211506063251435,0.4478756471577933,0.04180790960451977,0.0,0.1577260554119846,1770
Lag-Llama,WTI,none,foundation,0.01690681812634271,0.05787199308481866,0.29214162542429895,0.02708803611738149,2.3854026531822115e-09,0.7777859247849646,1772
Lag-Llama,NATGAS,none,foundation,0.017042094857963038,0.0937065514790989,0.18186663140372047,0.028797289666854884,9.406297962755161e-11,,1771
Lag-Llama,BTC,none,foundation,0.03684647219935443,0.05893425322539074,0.6252131855889844,0.01987353206865402,0.0036130258947457694,,1107
Lag-Llama,ETH,none,foundation,0.039665284081128405,0.07950615789350171,0.4988957476005814,0.04199475065616798,3.502198531180056e-11,,762
Lag-Llama,EURUSD,none,foundation,0.0032323802098128893,0.010454421107172754,0.30918787149248855,0.029077117572692796,5.695578453313033e-10,,1582
Lag-Llama,GBPUSD,none,foundation,0.003590903920353822,0.012451195979523192,0.2883983134037324,0.031545741324921134,5.9864335710813066e-12,,1585
Lag-Llama,USDJPY,none,foundation,0.00480167730304349,0.012139994958284907,0.39552547752638056,0.029661016949152543,3.706479567711085e-12,,1888
Lag-Llama,AUDUSD,none,foundation,0.005069993100678873,0.014483460892168771,0.3500539780115833,0.023655913978494623,1.312786036544722e-05,,1395
GARCH-N,SP500,none,classical,0.004796365698355258,0.02495720932104355,0.19218357455979795,0.02103049421661409,2.5248725457949206e-05,0.8639196915481089,1902
GARCH-N,STOXX,none,classical,0.00490904978849957,0.022097781262542006,0.22215125266086827,0.024096385542168676,1.8953797306098252e-06,0.07406378336313657,1577
GARCH-N,GDAXI,none,classical,0.0036135898281409277,0.025672277824476526,0.14075844196013063,0.02497398543184183,2.9479566232559762e-08,0.03634011756681044,1922
GARCH-N,FCHI,none,classical,0.003620000666631741,0.024595785179948194,0.14717971555480003,0.022739018087855296,1.3785884217520916e-06,0.018827934243248245,1935
GARCH-N,FTSE100,none,classical,0.004196751455123993,0.020251430019949987,0.20723235104828203,0.023024594453165882,9.943912377963215e-07,0.0030817103234429544,1911
GARCH-N,ICLN,none,classical,0.005742539727872711,0.040599369369839336,0.14144406223557646,0.010292953285827395,0.9170608870418033,,1263
GARCH-N,NIKKEI,none,classical,0.004187573587972344,0.028507196313693816,0.1468953152001408,0.02593192868719611,9.337205009174454e-09,0.0413662936844873,1851
GARCH-N,HSI,none,classical,0.0044859965641476165,0.033199234921519674,0.13512349229589635,0.018796992481203006,0.0006724796726269577,0.003688744847320402,1862
GARCH-N,BOVESPA,none,classical,0.0036149733502165646,0.029989552423612145,0.12054109041555189,0.017084890549919914,0.005126700128083361,0.5753433750914012,1873
GARCH-N,NIFTY,none,classical,0.00349813729733673,0.019888734739642328,0.17588536139326272,0.018648018648018648,0.005374408133540842,,1287
GARCH-N,ASX200,none,classical,0.0027927869391912753,0.020026413004973116,0.13945517544743277,0.027719665271966527,1.5833856448210781e-10,0.017118581744042793,1912
GARCH-N,CBU0,none,classical,0.0008492526288492244,0.011670243533422641,0.07277077178527021,0.013270142180094787,0.3093404515689516,,1055
GARCH-N,TLT,none,classical,0.0005017830808760303,0.022933195011483592,0.021880208170940284,0.013458162668227034,0.17231335183528085,,1709
GARCH-N,IBGL,none,classical,0.0031866086808751484,0.01968558184963839,0.16187526003625258,0.012260536398467433,0.4279575501883458,0.18811271086961545,1305
GARCH-N,DJCI,none,classical,0.003635312486153683,0.019905878366286222,0.1826250728182216,0.023316062176165803,0.0015193813781386734,0.43347996803400834,772
GARCH-N,GOLD,none,classical,0.0058154549334591965,0.023533647312472573,0.2471123517848026,0.022727272727272728,2.4236440010483307e-06,0.9627463256145964,1848
GARCH-N,WTI,none,classical,0.005302661330921259,0.05931531575442357,0.08939784376897296,0.02216216216216216,5.860401623203337e-06,0.0733711078134911,1850
GARCH-N,NATGAS,none,classical,0.004675567775722506,0.10139931436486732,0.046110447639698134,0.011891891891891892,0.42711753689660914,,1850
GARCH-N,BTC,none,classical,0.026398994484491095,0.05704700373335477,0.4627586508817094,0.024472573839662448,2.3775598187447677e-05,,1185
GARCH-N,ETH,none,classical,0.032570986401738736,0.08273717852260058,0.3936680822738185,0.02140309155766944,0.003910104946828641,0.39595804706961024,841
GARCH-N,EURUSD,none,classical,0.0011837784228271968,0.010621604926406347,0.11145005213705586,0.013855421686746987,0.13577803666377075,,1660
GARCH-N,GBPUSD,none,classical,0.0019806948548665958,0.0123033997402776,0.16098760478231083,0.020432692307692308,0.00017772432072171718,0.7255570191098781,1664
GARCH-N,USDJPY,none,classical,0.0022445027532049106,0.012494930506710532,0.17963307214869878,0.014242115971515769,0.07553635414897508,,1966
GARCH-N,AUDUSD,none,classical,0.003133816041032066,0.014749606472962832,0.21246777307425746,0.014256619144602852,0.12276247263747164,0.30364126005377234,1473
Hist-Sim,SP500,none,classical,0.003282584740003286,0.033274070614777614,0.09865293543451913,0.017350157728706624,0.0035297881228082417,0.0021105728931382073,1902
Hist-Sim,STOXX,none,classical,0.0047453718086177855,0.02941782182125503,0.16130942112067417,0.014584654407102092,0.08677344817537991,8.763966689806502e-06,1577
Hist-Sim,GDAXI,none,classical,0.0027969278978324102,0.03231768153598332,0.0865448189629024,0.015608740894901144,0.022380650679889258,3.076465605711398e-06,1922
Hist-Sim,FCHI,none,classical,0.0035556210507943636,0.03173540550352328,0.11203956572729525,0.01757105943152455,0.002498414468682153,1.4998018279976932e-05,1935
Hist-Sim,FTSE100,none,classical,0.0036501061976578555,0.026164643002018474,0.13950529336006104,0.01674515960230246,0.006889443396467132,7.394650603731456e-06,1911
Hist-Sim,ICLN,none,classical,0.0008834086325304746,0.04440197881017592,0.01989570411506114,0.00870942201108472,0.6373904008232296,,1263
Hist-Sim,NIKKEI,none,classical,0.005297441133603083,0.034467656669103855,0.1536931037830491,0.01620745542949757,0.01378578347646664,0.0010676187946631055,1851
Hist-Sim,HSI,none,classical,0.00345447585696345,0.03384249877378917,0.10207508257749935,0.01342642320085929,0.15791445675839677,0.04443201105453087,1862
Hist-Sim,BOVESPA,none,classical,0.004412965087114463,0.04075761814118751,0.10827338025072059,0.011745862253069941,0.4599274365674846,7.020893253084637e-05,1873
Hist-Sim,NIFTY,none,classical,0.0030245018021237344,0.02440075513979768,0.12395115580627117,0.01320901320901321,0.2701296444226583,,1287
Hist-Sim,ASX200,none,classical,0.0026537138837206507,0.027707990661948245,0.09577431709492495,0.01778242677824268,0.002054918419251317,0.0026374519534507757,1912
Hist-Sim,CBU0,none,classical,0.0014170611570848562,0.011774070633916984,0.12035439578583791,0.017061611374407582,0.036232689478673086,,1055
Hist-Sim,TLT,none,classical,0.001177761413393718,0.02584868968069838,0.04556367954980599,0.014628437682855471,0.07202950117263685,0.004824161265357563,1709
Hist-Sim,IBGL,none,classical,0.001706408970854726,0.019715637581394215,0.08655104172056176,0.013793103448275862,0.19281188847184905,,1305
Hist-Sim,DJCI,none,classical,0.0015082053758471367,0.02488143409382953,0.06061569321766562,0.02072538860103627,0.008860117283427504,0.3355189365546112,772
Hist-Sim,GOLD,none,classical,0.002793970262474313,0.02662899814358257,0.1049220946056374,0.016774891774891776,0.0076298507540539795,0.5470650205477567,1848
Hist-Sim,WTI,none,classical,0.005291519530848131,0.0804566193746327,0.06576860390080598,0.014594594594594595,0.06305764753773446,0.06199072897509261,1850
Hist-Sim,NATGAS,none,classical,0.00402343753173303,0.10422660536309561,0.03860278781714638,0.02,0.00014162607791667892,0.2138626021190151,1850
Hist-Sim,BTC,none,classical,0.014866964861652537,0.06515005963221102,0.2281957214710226,0.012658227848101266,0.37709967670180333,,1185
Hist-Sim,ETH,none,classical,0.006892131648959701,0.08449891084650579,0.08156473947314441,0.023781212841854936,0.0006473892468039644,0.08641487027510175,841
Hist-Sim,EURUSD,none,classical,0.0011022546580559053,0.010892254958364838,0.10119618593846957,0.015060240963855422,0.0538718641854129,,1660
Hist-Sim,GBPUSD,none,classical,0.0014181250780124811,0.013138948234200457,0.10793292223506337,0.018629807692307692,0.0015820132339754434,0.13290067058512167,1664
Hist-Sim,USDJPY,none,classical,0.0019057896929830995,0.013712148887608747,0.13898548714748157,0.018819938962360123,0.0004609162085416063,0.03479944123530854,1966
Hist-Sim,AUDUSD,none,classical,0.003552092288656933,0.015553912781541624,0.2283729077401235,0.010183299389002037,0.9438021208879924,,1473
EWMA,SP500,none,classical,0.00425829752680423,0.0248506148095926,0.17135582195578042,0.024710830704521555,5.6045042162722325e-08,0.46778439952276474,1902
EWMA,STOXX,none,classical,0.004924291270218574,0.021905032455799316,0.22480182488453138,0.029169308814204185,5.153875104468852e-10,0.011042886369589722,1577
EWMA,GDAXI,none,classical,0.003546598963525615,0.025225508256133882,0.14059573854822993,0.02861602497398543,2.2169821534134826e-11,0.09228327914866097,1922
EWMA,FCHI,none,classical,0.003930815459453039,0.024444439280228093,0.16080612095007155,0.026873385012919897,6.828633214439606e-10,0.013736464743178467,1935
EWMA,FTSE100,none,classical,0.00422610796102995,0.020327919257422125,0.20789673096949726,0.02197802197802198,5.5294926354365614e-06,0.0019638150384743147,1911
EWMA,ICLN,none,classical,0.006885284683635508,0.0395699241338955,0.17400297913984603,0.014251781472684086,0.15343329232640557,,1263
EWMA,NIKKEI,none,classical,0.004682958622413108,0.02901693233644503,0.16138710212765497,0.022690437601296597,2.5235073768392624e-06,0.9421891085277028,1851
EWMA,HSI,none,classical,0.004970558599874594,0.03291687654645664,0.15100334908324264,0.017185821697099892,0.004694999278371581,0.017239383858772994,1862
EWMA,BOVESPA,none,classical,0.0037767859375105114,0.029826147980082745,0.12662667468935537,0.01868659903897491,0.0007469269671536161,,1873
EWMA,NIFTY,none,classical,0.0035307230418005417,0.019451861803302755,0.18151080228222966,0.01554001554001554,0.06467283633418375,,1287
EWMA,ASX200,none,classical,0.003311090851315531,0.020276782702816458,0.1632946853474747,0.030334728033472803,6.23945339839338e-13,0.03708582635801516,1912
EWMA,CBU0,none,classical,0.0009799736807461924,0.011048991746029626,0.0886934937840223,0.017061611374407582,0.036232689478673086,,1055
EWMA,TLT,none,classical,0.000627982634151739,0.022858886854314784,0.027472144122941078,0.014628437682855471,0.07202950117263685,,1709
EWMA,IBGL,none,classical,0.004392990445541459,0.019016586702245063,0.23100835677429066,0.013026819923371647,0.29370800207292913,0.2160191339404317,1305
EWMA,DJCI,none,classical,0.0034671998769248216,0.020178933609479772,0.17182275059847468,0.022020725388601035,0.003767302131312378,0.3832202456092374,772
EWMA,GOLD,none,classical,0.005673754771417313,0.023405824717035586,0.24240781258554647,0.024891774891774892,6.277910769014738e-08,,1848
EWMA,WTI,none,classical,0.006093843303224489,0.05927134100175594,0.10281264436119229,0.023783783783783784,4.1970005892899565e-07,0.10737667569438414,1850
EWMA,NATGAS,none,classical,0.0038817884617187437,0.1005840890410642,0.03859247022791025,0.011891891891891892,0.42711753689660914,,1850
EWMA,BTC,none,classical,0.03155091532396696,0.055465348771881744,0.5688401140995214,0.02278481012658228,0.0001504969471975981,,1185
EWMA,ETH,none,classical,0.03273146388932642,0.08274999266207417,0.3955464264872116,0.022592152199762187,0.0016296579378791698,0.06984558799018337,841
EWMA,EURUSD,none,classical,0.0010678527689856696,0.01033670305987649,0.10330690190092671,0.018072289156626505,0.0029839756310782173,,1660
EWMA,GBPUSD,none,classical,0.001980456303794875,0.012130926465168664,0.16325680561013436,0.019230769230769232,0.0007855963620930773,0.6460922837948258,1664
EWMA,USDJPY,none,classical,0.0026037473688422155,0.012103487509533797,0.21512372915585443,0.018311291963377416,0.0009048841545150621,,1966
EWMA,AUDUSD,none,classical,0.003053668090950385,0.014431286240684665,0.21160054897542588,0.019687712152070606,0.0009669242101998377,,1473
GJR-GARCH-t,SP500,none,classical,0.0024391911893791307,0.026149346996241874,0.09327923904676036,0.01840168243953733,0.0009794634574255001,,1902
GJR-GARCH-t,STOXX,none,classical,0.002233632995342469,0.0241606557723604,0.09244918748843431,0.018389346861128725,0.0027216857967453656,0.1133261873879029,1577
GJR-GARCH-t,GDAXI,none,classical,0.001893490268604173,0.027884699383339397,0.06790427404555414,0.019771071800208116,0.0001454503176245847,0.7805865881184066,1922
GJR-GARCH-t,FCHI,none,classical,0.0033037195261292895,0.026840721240715546,0.12308609357030884,0.016537467700258397,0.008249464430382325,,1935
GJR-GARCH-t,FTSE100,none,classical,0.003317071172390513,0.02158373989198937,0.1536838003510975,0.015698587127158554,0.020818262799119358,0.08928483609074522,1911
GJR-GARCH-t,ICLN,none,classical,0.004175633464991169,0.04340963427973463,0.09619139931203068,0.007125890736342043,0.27915034496510327,,1263
GJR-GARCH-t,NIKKEI,none,classical,0.0028460945981779416,0.03015528872060077,0.09438127502435799,0.017828200972447326,0.0022967426600656315,0.6186783261834721,1851
GJR-GARCH-t,HSI,none,classical,0.002447171820502702,0.03400719044625093,0.07196042332195915,0.012352309344790547,0.3251093002173506,,1862
GJR-GARCH-t,BOVESPA,none,classical,0.0032545857245878454,0.030431517557515143,0.10694786148724669,0.015483182060864922,0.027283093721484963,0.47067136544527743,1873
GJR-GARCH-t,NIFTY,none,classical,0.0026868092780667936,0.02090852561072841,0.12850304837793824,0.01320901320901321,0.2701296444226583,,1287
GJR-GARCH-t,ASX200,none,classical,0.0019765829117778418,0.020760330168350636,0.0952096086983802,0.026673640167364017,1.2749635791564629e-09,0.056546916780855994,1912
GJR-GARCH-t,CBU0,none,classical,0.0010989690774723705,0.012308685726842827,0.08928403095675233,0.009478672985781991,0.8636886192622488,,1055
GJR-GARCH-t,TLT,none,classical,0.0003706869539275206,0.02326132703168408,0.01593576124967465,0.012287887653598596,0.3587516438728924,,1709
GJR-GARCH-t,IBGL,none,classical,0.0025695289378755842,0.02025982791737581,0.12682876421037279,0.012260536398467433,0.4279575501883458,0.18811271086961545,1305
GJR-GARCH-t,DJCI,none,classical,0.002017908865858283,0.02113606693010786,0.0954722973073016,0.02072538860103627,0.008860117283427504,0.3355189365546112,772
GJR-GARCH-t,GOLD,none,classical,0.0038991280252561496,0.02577044826335423,0.15130229732172487,0.01406926406926407,0.09761152435109377,0.05314162631969144,1848
GJR-GARCH-t,WTI,none,classical,0.006037247767596891,0.06281333876587897,0.0961141038864249,0.018378378378378378,0.0011836752307893272,0.025207252383753764,1850
GJR-GARCH-t,NATGAS,none,classical,-0.0007945926122202851,0.10526551748113502,0.007548460609265391,0.00972972972972973,0.9065746205109829,,1850
GJR-GARCH-t,BTC,none,classical,0.017441646517076012,0.0711580123916608,0.24511149104440202,0.010970464135021098,0.7409580122675536,,1185
GJR-GARCH-t,ETH,none,classical,0.014826646222214773,0.10113727951050853,0.14659921933805062,0.007134363852556481,0.37866695286326224,,841
GJR-GARCH-t,EURUSD,none,classical,0.0005438647763226405,0.011244798034214744,0.04836589991815003,0.012650602409638554,0.2971768335854277,,1660
GJR-GARCH-t,GBPUSD,none,classical,0.0011848089742299926,0.012999265059541661,0.0911443046051534,0.016826923076923076,0.010783554169445764,0.08870178219026759,1664
GJR-GARCH-t,USDJPY,none,classical,0.0006439491879882651,0.013703307524780894,0.04699224525347295,0.011698880976602238,0.4609827225644151,,1966
GJR-GARCH-t,AUDUSD,none,classical,0.002166773901964245,0.015287358619691703,0.14173631664355774,0.010183299389002037,0.9438021208879924,0.14152273619516342,1473
Chronos-Small-A,SP500,none,foundation,0.004417977048685195,0.02497598094229356,0.17688903026042624,0.02138157894736842,2.2145433871911813e-05,0.05776947496373408,1824
Chronos-Small-A,STOXX,none,foundation,0.0076296602056412435,0.022121663338422585,0.34489541265142887,0.016688918558077435,0.01759685872512895,0.0005260696085939154,1498
Chronos-Small-A,GDAXI,none,foundation,0.0042798331146247474,0.025602171935770437,0.16716679840139337,0.026587086272381984,2.9699763759438724e-09,0.00022907671620642223,1843
Chronos-Small-A,FCHI,none,foundation,0.004542802842089515,0.025063894641143638,0.18124888039675513,0.02209051724137931,6.3312033063978035e-06,0.0017765491962921098,1856
Chronos-Small-A,FTSE100,none,foundation,0.004264169817605721,0.020756683329694225,0.20543599138044652,0.020731042007637753,5.4592480076331995e-05,0.0008857375838917658,1833
Chronos-Small-A,ICLN,none,foundation,0.005070286053296666,0.0413606397724149,0.12258722498480903,0.009282700421940928,0.8016638096758169,,1185
Chronos-Small-A,NIKKEI,none,foundation,0.00496687532776496,0.02821674099876678,0.1760258326070342,0.018623024830699775,0.0011228456881324789,0.15033282066839582,1772
Chronos-Small-A,HSI,none,foundation,0.004217457142443752,0.03260339292911986,0.12935638789535037,0.015134529147982063,0.04276034386122263,0.06665119963915977,1784
Chronos-Small-A,BOVESPA,none,foundation,0.002256770343486446,0.030380151564400326,0.0742843674990399,0.016722408026755852,0.009054989744575637,0.5273671226704557,1794
Chronos-Small-A,NIFTY,none,foundation,0.0031626527081828754,0.02135892765948356,0.14807169903862794,0.006622516556291391,0.20873921665964357,,1208
Chronos-Small-A,ASX200,none,foundation,0.003928045956061381,0.020811455621782247,0.18874441208956588,0.024549918166939442,1.287433842867003e-07,0.004614416243129638,1833
Chronos-Small-A,CBU0,none,foundation,0.0011229652315889963,0.012341590359623391,0.09099031801143528,0.010245901639344262,0.9387038277227714,,976
Chronos-Small-A,TLT,none,foundation,0.00028199200610543734,0.02402345863306203,0.011738193505465896,0.012875536480686695,0.2637656224270005,0.27173450797116006,1631
Chronos-Small-A,IBGL,none,foundation,0.002121651412262525,0.021271326419080444,0.0997423183896702,0.00897226753670473,0.712815391558864,,1226
Chronos-Small-A,DJCI,none,foundation,0.0007077704538422727,0.019139506474339645,0.03697955612341317,0.03318903318903319,1.300439129714448e-06,0.7896108228469084,693
Chronos-Small-A,GOLD,none,foundation,0.004610988736879526,0.022938026565533443,0.2010194174161422,0.023728813559322035,8.144505692087023e-07,0.9976877402297182,1770
Chronos-Small-A,WTI,none,foundation,0.003306327445819761,0.059628148937506995,0.05544910423573507,0.017494356659142212,0.004150050367138003,0.11781410299061912,1772
Chronos-Small-A,NATGAS,none,foundation,0.0025786759016061256,0.10067440279745957,0.025614017366400472,0.012987012987012988,0.22712813646855146,,1771
Chronos-Small-A,BTC,none,foundation,0.02023728220757834,0.059278736029065235,0.3413919317992155,0.012646793134598013,0.395239823662193,,1107
Chronos-Small-A,ETH,none,foundation,0.015726286480425566,0.07960678341611502,0.1975495781335897,0.026246719160104987,0.00017872302309318577,0.5478414372848159,762
Chronos-Small-A,EURUSD,none,foundation,0.0005695504559574995,0.010533029702019261,0.05407280450830897,0.01643489254108723,0.018575597065794147,,1582
Chronos-Small-A,GBPUSD,none,foundation,0.0016823974568943509,0.01263062436759659,0.1331998647042723,0.016403785488958992,0.01899470494375255,0.4452663686917603,1585
Chronos-Small-A,USDJPY,none,foundation,0.002161995364732175,0.012615643294129782,0.17137416731956734,0.017478813559322032,0.003144571901122606,0.6068089247636437,1888
Chronos-Small-A,AUDUSD,none,foundation,0.002202476019464862,0.015055450684285413,0.14629093911906363,0.012903225806451613,0.29691267236444285,0.22837440701301215,1395
Chronos-Mini-A,SP500,none,foundation,0.004726154531223981,0.02501531487285086,0.18893044342021376,0.023026315789473683,1.747458165168858e-06,0.08686925597191908,1824
Chronos-Mini-A,STOXX,none,foundation,0.006962149156996743,0.021646807326251075,0.321624757501941,0.018024032042723633,0.005025566852816743,0.01154483916528315,1498
Chronos-Mini-A,GDAXI,none,foundation,0.0036512578794293017,0.025370999451036786,0.14391462529790458,0.026587086272381984,2.9699763759438724e-09,0.0016553589402932278,1843
Chronos-Mini-A,FCHI,none,foundation,0.005412269057161686,0.024739708374453676,0.21876850669551212,0.023168103448275863,1.124077845027216e-06,0.0028238874702177785,1856
Chronos-Mini-A,FTSE100,none,foundation,0.005511091891365637,0.020675622239878972,0.26655023135100075,0.019639934533551555,0.0002474776485975605,0.0005123279922741864,1833
Chronos-Mini-A,ICLN,none,foundation,0.007634057949207851,0.0415051640281175,0.18393031633452142,0.009282700421940928,0.8016638096758169,,1185
Chronos-Mini-A,NIKKEI,none,foundation,0.005103324922145817,0.028165953958354712,0.18118771796941202,0.01805869074492099,0.0021897788716123134,0.1334291606682002,1772
Chronos-Mini-A,HSI,none,foundation,0.0045442612729026804,0.032349148014406574,0.14047545458937313,0.01569506726457399,0.02562425976526772,0.07733259239269852,1784
Chronos-Mini-A,BOVESPA,none,foundation,0.0023306449827380574,0.030572960058470766,0.07623223195531935,0.016722408026755852,0.009054989744575637,0.5273671226704557,1794
Chronos-Mini-A,NIFTY,none,foundation,0.002600803318125674,0.020571846356167392,0.12642537150516678,0.0074503311258278145,0.3509424554048667,,1208
Chronos-Mini-A,ASX200,none,foundation,0.00369385037619906,0.02078320697508923,0.17773245392910306,0.022913256955810146,1.9772088529768084e-06,0.002381559136746092,1833
Chronos-Mini-A,CBU0,none,foundation,0.0012894010838274197,0.011833423593490067,0.10896264074724404,0.011270491803278689,0.6958216272321771,,976
Chronos-Mini-A,TLT,none,foundation,0.0005640364465074495,0.02336198803048952,0.024143341130529242,0.0134886572654813,0.17878532279106862,0.033897903035279286,1631
Chronos-Mini-A,IBGL,none,foundation,0.0027972307345473235,0.020631720542461623,0.13557913062996435,0.00897226753670473,0.712815391558864,,1226
Chronos-Mini-A,DJCI,none,foundation,0.0006463804798583321,0.019133389469232216,0.03378285279237929,0.03463203463203463,3.5704556622384587e-07,0.8211029268149328,693
Chronos-Mini-A,GOLD,none,foundation,0.005242787688057814,0.022901411467707293,0.22892858352641443,0.024293785310734464,3.2356214985096443e-07,0.9635869874144474,1770
Chronos-Mini-A,WTI,none,foundation,0.0038051929808025423,0.05925988162694582,0.06421195716787086,0.016930022573363433,0.007638330560245432,0.10345758580082376,1772
Chronos-Mini-A,NATGAS,none,foundation,0.0025174212810886443,0.0989133323872961,0.025450778174489735,0.01355166572557877,0.15412293977851055,,1771
Chronos-Mini-A,BTC,none,foundation,0.022874767550770267,0.058366634052529356,0.39191513990995636,0.015356820234869015,0.09681264281600643,,1107
Chronos-Mini-A,ETH,none,foundation,0.020456312048467318,0.07926567861300897,0.2580727548973517,0.023622047244094488,0.001309619079914781,0.43946147608645925,762
Chronos-Mini-A,EURUSD,none,foundation,0.0010950363016419447,0.010389197167991837,0.1054014361201702,0.01706700379266751,0.010276419964622252,,1582
Chronos-Mini-A,GBPUSD,none,foundation,0.0016598234618218754,0.012520728078274722,0.1325660497892219,0.017665615141955835,0.005644967091565811,0.5192779831037349,1585
Chronos-Mini-A,USDJPY,none,foundation,0.002023125573204382,0.01247698130619329,0.16214864185138667,0.018538135593220338,0.00086022462164137,0.6803696164861589,1888
Chronos-Mini-A,AUDUSD,none,foundation,0.002408375559608003,0.014837785736159287,0.1623136768809686,0.011469534050179211,0.5898751231023797,0.17459410229961103,1395
