S_raw,S_rc,S_mg,S_uc,MCB,uMCB,cMCB,DSC,UNC,c_star,model,asset,defective,qV,R,n_test
0.003358276758005335,0.0005323036311809348,0.0005505448115946033,0.0005555742813599203,0.0028259731268244002,0.0028027024766454148,2.3270650178985452e-05,1.8241180413668492e-05,0.0005505448115946033,0.033759106476197426,Chronos-Small,SP500,True,0.03116672240790403,21.84685524681054,1824
0.002794278267758395,0.0003526997771038004,0.0003766507671827856,0.0003734241479722581,0.002441578490654595,0.0024208541197861372,2.0724370868457703e-05,2.3950990078985173e-05,0.0003766507671827856,0.028327967491947232,Chronos-Small,STOXX,True,0.034435598743315726,38.04957835386201,1498
0.0032760550903000113,0.000465330619985073,0.0005120608801219896,0.0005044549708288236,0.002810724470314938,0.0027716001194711876,3.912435084375056e-05,4.6730260136916546e-05,0.0005120608801219896,0.03647408503769775,Chronos-Small,GDAXI,True,0.039583067493618763,25.136503390198023,1843
0.0033374524706728708,0.00047321636471604165,0.0005264759173369019,0.0005203974000001814,0.0028642361059568293,0.0028170550706726892,4.7181035284139794e-05,5.3259552620860205e-05,0.0005264759173369019,0.03603004061479488,Chronos-Small,FCHI,True,0.036039821760051584,27.37003019733299,1856
0.002591957587169616,0.0004089765771429063,0.0004660718158542253,0.00045945056524353056,0.00218298101002671,0.0021325070219260856,5.047398810062426e-05,5.7095238711319e-05,0.0004660718158542253,0.03183319411721988,Chronos-Small,FTSE100,True,0.030329217709992418,20.25124443049844,1833
0.004150148231161216,0.0004748124628904466,0.000505491261205954,0.00050012886921925,0.0036753357682707695,0.003650019361941966,2.531640632880345e-05,3.067879831550736e-05,0.000505491261205954,0.03455324867563496,Chronos-Small,ICLN,True,0.04212352727056173,7.7070520311241735,1185
0.003658194613931045,0.0005321555292006192,0.0005385407876288699,0.000540031336541669,0.0031260390847304255,0.003118163277389376,7.875807341049877e-06,6.3852584282507235e-06,0.0005385407876288699,0.03266850921149746,Chronos-Small,NIKKEI,True,0.038378394714549076,18.231605997288526,1772
0.003929869601362617,0.0005291534237039823,0.0005402406603302162,0.0005447557495020871,0.0034007161776586346,0.0033851138518605295,1.5602325798104834e-05,1.1087236626233917e-05,0.0005402406603302162,0.03250646700825653,Chronos-Small,HSI,True,0.038906545780363636,10.950136514362763,1784
0.0037519491318614684,0.0005287979374099894,0.0007011516970627808,0.000697921344379366,0.003223151194451479,0.0030540277874821025,0.00016912340696937657,0.0001723537596527914,0.0007011516970627808,0.03429011201189848,Chronos-Small,BOVESPA,True,0.0418381945086304,16.046611161234566,1794
0.0026063345317976715,0.00029790035092402045,0.00032077326417550433,0.00031470628205445314,0.002308434180873651,0.0022916282497432183,1.6805931130432685e-05,2.2872913251483884e-05,0.00032077326417550433,0.02022746905147565,Chronos-Small,NIFTY,True,0.0242198267630135,31.90841935446773,1208
0.0029985664212519828,0.00032196203136951584,0.00047486521751655673,0.00046318166548466445,0.002676604389882467,0.0025353847557673184,0.00014121963411514862,0.0001529031861470409,0.00047486521751655673,0.026505443831934768,Chronos-Small,ASX200,True,0.026479514057737817,35.75545562107143,1833
0.001158499829408339,0.00013660981758984375,0.00014514951430193623,0.00014564746349540996,0.0010218900118184953,0.0010128523659129291,9.037645905566217e-06,8.539696712092486e-06,0.00014514951430193623,0.011131201122604914,Chronos-Small,CBU0,True,0.008038061683034886,5.156705704154373,976
0.00280335665888664,0.0003135828971920661,0.0003468216414731786,0.0003229840056625985,0.002489773761694574,0.0024803726532240415,9.401108470532388e-06,3.3238744281112486e-05,0.0003468216414731786,0.021588748479594227,Chronos-Small,TLT,True,0.019462675096885023,6.708399665806114,1631
0.00227222503775299,0.00021595894612375707,0.00024806166350231727,0.00024196273134506884,0.002056266091629233,0.0020302623064079213,2.6003785221311775e-05,3.21027173785602e-05,0.00024806166350231727,0.016762960333315802,Chronos-Small,IBGL,True,0.019096905566302277,6.940064521344162,1226
0.0027641033397365596,0.00026508998593609935,0.0004061846177245715,0.00039433337263867347,0.0024990133538004603,0.002369769967097886,0.00012924338670257412,0.00014109463178847215,0.0004061846177245715,0.026346466425110144,Chronos-Small,DJCI,True,0.01857924247195986,11.483624897398055,693
0.0030717075665880737,0.00044992401965720743,0.00045577725690772,0.00046087239127704074,0.0026217835469308664,0.0026108351753110328,1.0948371619833312e-05,5.853237250512584e-06,0.00045577725690772,0.028050112817662357,Chronos-Small,GOLD,True,0.031126434335503515,27.828081070769333,1770
0.008232681353643604,0.001243132270093471,0.0013361693431231238,0.001327247541476909,0.006989549083550133,0.006905433812166696,8.411527138343813e-05,9.303707302965288e-05,0.0013361693431231238,0.07744086603475026,Chronos-Small,WTI,True,0.05519727078867386,16.736412201436007,1772
0.011748692349588337,0.0015284038439910674,0.0016123834606009604,0.0016003982703666972,0.01022028850559727,0.01014829407922164,7.199442637562982e-05,8.3979616609893e-05,0.0016123834606009604,0.10689898736026461,Chronos-Small,NATGAS,True,0.07054923311252861,6.568678300987007,1771
0.00586104513797183,0.0008092349449534907,0.0008250320556445417,0.0008267842007267014,0.0050518101930183395,0.005034260937245128,1.754925577321072e-05,1.5797110691050955e-05,0.0008250320556445417,0.0576394042534943,Chronos-Small,BTC,True,0.10761549021774856,18.647576319042102,1107
0.010438107107696255,0.001063630087361333,0.001283606366274544,0.0012705719276583144,0.009374477020334922,0.00916753518003794,0.00020694184029698129,0.00021997627891321087,0.001283606366274544,0.08751486604870794,Chronos-Small,ETH,True,0.12616460281247144,18.40984008776045,762
0.001277966179458058,0.00015309380746674842,0.00015493270194452146,0.00015577063617112403,0.0011248723719913096,0.001122195543286934,2.6768287043756154e-06,1.8388944777730375e-06,0.00015493270194452146,0.011379726896427462,Chronos-Small,EURUSD,True,0.015414008109286406,14.140467852746042,1582
0.0014955882167032167,0.00016991947813283452,0.00019988154109959057,0.0001958812427709236,0.0013256687385703823,0.0012997069739322932,2.5961764638089083e-05,2.9962062966756045e-05,0.00019988154109959057,0.012669260619811351,Chronos-Small,GBPUSD,True,0.015203177062875935,12.49195703496852,1585
0.0016055387795270587,0.00021463356366583603,0.00021607484269536959,0.0002182323100874502,0.0013909052158612226,0.0013873064694396085,3.598746421614162e-06,1.4412790295335572e-06,0.00021607484269536959,0.015588335326985923,Chronos-Small,USDJPY,True,0.016733083111953113,20.9436862385359,1888
0.0017762818418232517,0.00020813126331292527,0.00021743708727480496,0.00021710377530125745,0.0015681505785103264,0.0015591780665219943,8.972511988332177e-06,9.30582396187969e-06,0.00021743708727480496,0.013636097249159422,Chronos-Small,AUDUSD,True,0.021631863257192623,13.572125181678556,1395
0.0031881215226645006,0.0004376571740870846,0.0005505448115946033,0.0004608537603074779,0.002750464348577416,0.002727267762357023,2.3196586220393313e-05,0.00011288763750751872,0.0005505448115946033,0.03206897561420139,Chronos-Mini,SP500,True,0.03242629503592577,16.765927500477375,1824
0.002829666825445875,0.00036752703631320785,0.0003766507671827856,0.00037844600550191826,0.002462139789132667,0.002451220819943957,1.0918969188710413e-05,9.123730869577736e-06,0.0003766507671827856,0.029168509959421662,Chronos-Mini,STOXX,True,0.03590803355319631,43.15786044811547,1498
0.0034445298932109067,0.00046711141462005447,0.0005120608801219896,0.0005040816499004933,0.002977418478590852,0.0029404482433104135,3.697023528043884e-05,4.494946550193509e-05,0.0005120608801219896,0.03672627293252212,Chronos-Mini,GDAXI,True,0.0411064567169019,35.24654693650217,1843
0.003390492179384547,0.0004987211637557503,0.0005264759173369019,0.0005238114621247577,0.0028917710156287964,0.0028666807172597892,2.5090298369007417e-05,2.7754753581151533e-05,0.0005264759173369019,0.036147675141508066,Chronos-Mini,FCHI,True,0.0378795796003128,30.701114953399646,1856
0.0027703850280562975,0.0004141037005085462,0.0004660718158542253,0.00046087232243934777,0.002356281327547751,0.00230951270561695,4.676862193080155e-05,5.196811534567908e-05,0.0004660718158542253,0.0320625982971067,Chronos-Mini,FTSE100,True,0.030749208822588116,29.052999555150127,1833
0.004805301895607216,0.00048357447937507334,0.000505491261205954,0.0005050644517193102,0.0043217274162321425,0.004300237443887906,2.148997234423689e-05,2.1916781830880606e-05,0.000505491261205954,0.03575302473369391,Chronos-Mini,ICLN,True,0.042703255140236755,11.371821951542202,1185
0.004008281188841667,0.00048686016210842465,0.0005385407876288699,0.0005366935044852975,0.003521421026733242,0.0034715876843563693,4.983334237687283e-05,5.168062552044525e-05,0.0005385407876288699,0.03341716824463543,Chronos-Mini,NIKKEI,True,0.039270611287087094,31.246390823600564,1772
0.0044689435091856905,0.0004978653734764759,0.0005402406603302162,0.0005348878391242355,0.003971078135709215,0.003934055670061455,3.702246564775966e-05,4.237528685374029e-05,0.0005402406603302162,0.034961433918550694,Chronos-Mini,HSI,True,0.03768070967099364,17.538364144022218,1784
0.00393041603836951,0.0005726162955437287,0.0007011516970627808,0.0005934619087435476,0.003357799742825781,0.0033369541296259624,2.084561319981896e-05,0.0001285354015190521,0.0007011516970627808,0.03226172833641646,Chronos-Mini,BOVESPA,True,0.043729029913938094,17.218848058062854,1794
0.002563765923546438,0.0002746425607766623,0.00032077326417550433,0.0003093674500046065,0.0022891233627697757,0.0022543984735418315,3.472488922794418e-05,4.6130703398842014e-05,0.00032077326417550433,0.01961215304432757,Chronos-Mini,NIFTY,True,0.02596414856642934,31.613427199687628,1208
0.0029493745872828975,0.00037982049359501664,0.00047486521751655673,0.00044803086859030095,0.0025695540936878807,0.0025013437186925964,6.821037499528431e-05,9.504472392154008e-05,0.00047486521751655673,0.02527207514018888,Chronos-Mini,ASX200,True,0.025212723744431523,24.584735617431914,1833
0.0013800126898976285,0.00013649896602401312,0.00014514951430193623,0.00014392007295604598,0.0012435137238736155,0.0012360926169415825,7.421106932032858e-06,8.65054827792311e-06,0.00014514951430193623,0.011420816483980287,Chronos-Mini,CBU0,True,0.008317245147305714,8.433143629753674,976
0.00329514135028657,0.0003411806548175114,0.0003468216414731786,0.00034993611198753005,0.0029539606954690585,0.0029452052382990396,8.755457170018632e-06,5.640986655667168e-06,0.0003468216414731786,0.023306735226726584,Chronos-Mini,TLT,True,0.020034603633416286,10.996087923599791,1631
0.002611059916818382,0.00023032905371570873,0.00024806166350231727,0.00024523449967849974,0.0023807308631026733,0.002365825417139882,1.4905445962791009e-05,1.7732609786608536e-05,0.00024806166350231727,0.018859183400358984,Chronos-Mini,IBGL,True,0.019918195424019333,10.127015820639917,1226
0.0029881914012385453,0.00029501758322024956,0.0004061846177245715,0.0003908732347148374,0.0026931738180182956,0.002597318166523708,9.585565149458782e-05,0.00011116703450432194,0.0004061846177245715,0.027358731000714256,Chronos-Mini,DJCI,True,0.019775894804161705,18.587909074498423,693
0.00329443370972418,0.00044768377571832924,0.00045577725690772,0.000456428774826928,0.0028467499340058505,0.002838004934897252,8.744999108598734e-06,8.093481189390774e-06,0.00045577725690772,0.027881524581140574,Chronos-Mini,GOLD,True,0.03167960736979117,59.246863921573436,1770
0.00848047322867952,0.0010809054884108266,0.0013361693431231238,0.0013017430913682053,0.007399567740268694,0.007178730137311315,0.00022083760295737867,0.0002552638547122972,0.0013361693431231238,0.07596945794283151,Chronos-Mini,WTI,True,0.05598975664497916,17.43204130991947,1772
0.013211691226989503,0.0015429871215925722,0.0016123834606009604,0.0015962651576254803,0.011668704105396931,0.011615426069364023,5.327803603290813e-05,6.93963390083882e-05,0.0016123834606009604,0.11069457512881589,Chronos-Mini,NATGAS,True,0.07638513391380006,10.808381983342402,1771
0.006768946650937431,0.000817905946445961,0.0008250320556445417,0.0008380349450584427,0.00595104070449147,0.005930911705878989,2.0128998612481777e-05,7.126109198580719e-06,0.0008250320556445417,0.06043340858573835,Chronos-Mini,BTC,True,0.1093308046365461,32.58137981875184,1107
0.011597382618007133,0.0012215435272968918,0.001283606366274544,0.001277682588332584,0.010375839090710241,0.010319700029674549,5.6139061035692314e-05,6.20628389776522e-05,0.001283606366274544,0.08896015263166046,Chronos-Mini,ETH,True,0.1312263188759762,32.33481117323097,762
0.0014158411392104985,0.0001475042006476232,0.00015493270194452146,0.00015430367920032595,0.0012683369385628753,0.0012615374600101726,6.799478552702742e-06,7.428501296898249e-06,0.00015493270194452146,0.011333695112621606,Chronos-Mini,EURUSD,True,0.01622539326522643,21.607299173146046,1582
0.0016572326386459502,0.00016635504233165161,0.00019988154109959057,0.00019545178263817705,0.0014908775963142985,0.0014617808560077731,2.909674030652544e-05,3.3526498767938955e-05,0.00019988154109959057,0.013246102974761231,Chronos-Mini,GBPUSD,True,0.015332036362671955,19.152181169272108,1585
0.0017009353631910707,0.0002113940569009863,0.00021607484269536959,0.00021702966384214175,0.0014895413062900845,0.001483905699348929,5.6356069411554386e-06,4.680785794383273e-06,0.00021607484269536959,0.015915489343354603,Chronos-Mini,USDJPY,True,0.016922191158423323,31.785750428347704,1888
0.002002355856549876,0.00020208540043594012,0.00021743708727480496,0.00021481779554917218,0.001800270456113936,0.001787538061000704,1.2732395113232062e-05,1.5351686838864845e-05,0.00021743708727480496,0.014236546196586005,Chronos-Mini,AUDUSD,True,0.022505440541051823,21.992628536185727,1395
0.0004664781511644117,0.000372386821640253,0.0005505448115946033,0.0004469105068984547,9.40913295241587e-05,1.9567644265957e-05,7.45236852582017e-05,0.0001781579899543503,0.0005505448115946033,0.004802393057208487,TimesFM-2.5,SP500,False,0.0038626757775037605,0.15044590078678977,1824
0.0003621816007062883,0.0003303015609857974,0.0003766507671827856,0.0003602129347776106,3.188003972049092e-05,1.968665928677685e-06,2.9911373791813235e-05,4.6349206196988194e-05,0.0003766507671827856,0.0011293169065076593,TimesFM-2.5,STOXX,False,0.00453320671640323,0.1807155630341584,1498
0.000480593190123102,0.0004327734278993443,0.0005120608801219896,0.00046125819982920704,4.781976222375774e-05,1.9334990293894984e-05,2.8484771929862757e-05,7.928745222264528e-05,0.0005120608801219896,0.004540547128209675,TimesFM-2.5,GDAXI,False,0.0033285771536158554,0.11250345128904866,1843
0.0004695212672565705,0.00040465823753143627,0.0005264759173369019,0.00045885260018389574,6.486302972513421e-05,1.066866707267474e-05,5.419436265245947e-05,0.00012181767980546558,0.0005264759173369019,0.004290515629189358,TimesFM-2.5,FCHI,False,0.003789499406715524,0.13337380771793533,1856
0.00041525566821735206,0.0003543210798475405,0.0004660718158542253,0.0004082477889882448,6.093458836981154e-05,7.007879229107281e-06,5.392670914070426e-05,0.00011175073600668478,0.0004660718158542253,0.0024764378116297826,TimesFM-2.5,FTSE100,False,0.0029150162635849172,0.12491634265654541,1833
0.0005203892227824724,0.00047015217733846595,0.000505491261205954,0.0005134369824784506,5.023704544400643e-05,6.952240304021755e-06,4.328480513998467e-05,3.5339083867487995e-05,0.000505491261205954,-0.0044657690636633034,TimesFM-2.5,ICLN,False,0.005714076754184394,0.12689249489463506,1185
0.0004866732036384497,0.00044672622273396316,0.0005385407876288699,0.0004852363066523138,3.9946980904486556e-05,1.4368969861359255e-06,3.851008391835063e-05,9.181456489490674e-05,0.0005385407876288699,0.0007312958330911474,TimesFM-2.5,NIKKEI,False,0.0032249850415792362,0.10553269849674746,1772
0.0005427779428998591,0.0005153571747306446,0.0005402406603302162,0.0005406567934190579,2.742076816921455e-05,2.12114948080122e-06,2.529961868841333e-05,2.488348559957158e-05,0.0005402406603302162,0.0019575176815292395,TimesFM-2.5,HSI,False,0.0037844077598133893,0.10654909989450566,1784
0.0005624750921960076,0.00043177189124379985,0.0007011516970627808,0.0005425075934283593,0.0001307032009522077,1.9967498767648243e-05,0.00011073570218455946,0.0002693798058189809,0.0007011516970627808,0.006004810557883643,TimesFM-2.5,BOVESPA,False,0.001406422295131337,0.04532304585810231,1794
0.00031669001249739966,0.0002897466971392161,0.00032077326417550433,0.0003164734358580177,2.6943315358183553e-05,2.165766393819545e-07,2.67267387188016e-05,3.102656703628823e-05,0.00032077326417550433,0.0002668640904274094,TimesFM-2.5,NIFTY,False,0.0018181311819527278,0.08622675092751773,1208
0.0004077137671436661,0.0003210669653767587,0.00047486521751655673,0.00037202430118173053,8.664680176690743e-05,3.5689465961935584e-05,5.095733580497185e-05,0.00015379825213979805,0.00047486521751655673,0.004972301531140487,TimesFM-2.5,ASX200,False,0.0030173106139521275,0.13874864047594138,1833
0.00014030848123173877,0.00012699920220161315,0.00014514951430193623,0.00014035849656045228,1.3309279030125615e-05,-5.001532871350589e-08,1.3359294358839121e-05,1.8150312100323078e-05,0.00014514951430193623,-0.00020339567010175435,TimesFM-2.5,CBU0,False,0.0005288025792504975,0.04195727122677234,976
0.00031071312941385133,0.000273217741279183,0.0003468216414731786,0.00030750203723324527,3.7495388134668305e-05,3.2110921806060644e-06,3.428429595406224e-05,7.360390019399556e-05,0.0003468216414731786,-0.0019793912072076474,TimesFM-2.5,TLT,False,-0.0001956285496963299,0.007570709319154948,1631
0.0002485935115024566,0.0002270158777366617,0.00024806166350231727,0.0002481067956659624,2.1577633765794917e-05,4.867158364942016e-07,2.1090917929300715e-05,2.1045785765655558e-05,0.00024806166350231727,0.0006089911029435735,TimesFM-2.5,IBGL,False,0.0016756609539582672,0.076761692412226,1226
0.00034618657612181856,0.0002738177044984589,0.0004061846177245715,0.0003073518254581406,7.236887162335965e-05,3.8834750663677934e-05,3.353412095968172e-05,0.0001323669132261126,0.0004061846177245715,0.005852643336431244,TimesFM-2.5,DJCI,False,-0.00014606111117307016,0.006844719134184164,693
0.0004738964819669637,0.0004217674838005761,0.00045577725690772,0.0004439831663258753,5.2128998166387625e-05,2.9913315641088417e-05,2.2215682525299207e-05,3.400977310714394e-05,0.00045577725690772,0.005915112255187077,TimesFM-2.5,GOLD,False,0.004476841542951925,0.17939217261771742,1770
0.001173753470942296,0.000990808486979201,0.0013361693431231238,0.0011472691747851163,0.00018294498396309502,2.648429615717974e-05,0.00015646068780591528,0.00034536085614392275,0.0013361693431231238,0.009411877751644366,TimesFM-2.5,WTI,False,0.002071789239251637,0.03329712053762163,1772
0.0014692000461492595,0.0013781725118173136,0.0016123834606009604,0.0014692369909970707,9.102753433194591e-05,-3.694484781123497e-08,9.106447917975715e-05,0.0002342109487836468,0.0016123834606009604,-0.00034408191102642887,TimesFM-2.5,NATGAS,False,-0.001606100079649446,0.014977555560400065,1771
0.0008447690209340735,0.000788102368429536,0.0008250320556445417,0.0008362564339073709,5.666665250453752e-05,8.512587026702546e-06,4.815406547783497e-05,3.692968721500571e-05,0.0008250320556445417,-0.007463441588281391,TimesFM-2.5,BTC,False,0.01084113110710122,0.15339187177989594,1107
0.0012640287660756673,0.0011341394740773465,0.001283606366274544,0.0012630355521710713,0.0001298892919983207,9.932139045959899e-07,0.00012889607809372472,0.00014946689219719742,0.001283606366274544,-0.0013309056920392886,TimesFM-2.5,ETH,False,0.007864329986406501,0.08308589734863735,762
0.00015866088318203055,0.0001456409955670906,0.00015493270194452146,0.00015614542543406567,1.3019887614939955e-05,2.515457747964884e-06,1.050442986697507e-05,9.291706377430862e-06,0.00015493270194452146,0.0010218789441577222,TimesFM-2.5,EURUSD,False,0.00020206050815201222,0.018358486820620183,1582
0.00019912832026228926,0.00017502832282766806,0.00019988154109959057,0.0001940399507439593,2.40999974346212e-05,5.088369518329959e-06,1.901162791629124e-05,2.485321827192251e-05,0.00019988154109959057,0.0013373966567988467,TimesFM-2.5,GBPUSD,False,0.0007174227982401343,0.054301006336459165,1585
0.00020647282626704878,0.0001931247934706518,0.00021607484269536959,0.00020211980081236098,1.3348032796396995e-05,4.3530254546878e-06,8.995007341709195e-06,2.2950049224717796e-05,0.00021607484269536959,0.0015847106923464025,TimesFM-2.5,USDJPY,False,0.0016330913189772922,0.11863672860027362,1888
0.0002117851063662788,0.00020230277383071063,0.00021743708727480496,0.0002116514945048526,9.482332535568175e-06,1.3361186142619693e-07,9.348720674141978e-06,1.5134313444094337e-05,0.00021743708727480496,0.0001532950491174447,TimesFM-2.5,AUDUSD,False,0.00125264971162466,0.07920282835836147,1395
0.000500655209247673,0.0003886406648175999,0.0005505448115946033,0.0004664866917260189,0.00011201454443007314,3.4168517521654114e-05,7.784602690841903e-05,0.0001619041467770034,0.0005505448115946033,0.006890027670854606,Moirai-2.0,SP500,False,0.004562603474665597,0.18678671168717634,1824
0.0003673600539151405,0.00032725238381796785,0.0003766507671827856,0.00034514641534127337,4.010767009717263e-05,2.221363857386711e-05,1.789403152330552e-05,4.939838336481773e-05,0.0003766507671827856,0.003690252018173694,Moirai-2.0,STOXX,False,0.007382639514707776,0.3433027890685594,1498
0.0005108870033908854,0.00041090490232116627,0.0005120608801219896,0.0004502426619289549,9.998210106971909e-05,6.064434146193045e-05,3.9337759607788636e-05,0.00010115597780082329,0.0005120608801219896,0.00684424483638614,Moirai-2.0,GDAXI,False,0.0042619928202240545,0.1684233472267915,1843
0.0005115132768719623,0.0004097077695452563,0.0005264759173369019,0.0004605201093838393,0.00010180550732670604,5.0993167488123025e-05,5.0812339838583016e-05,0.00011676814779164557,0.0005264759173369019,0.008653346279487302,Moirai-2.0,FCHI,False,0.004867359660431891,0.19735520960939743,1856
0.00041173444306626757,0.0003271623159132236,0.0004660718158542253,0.00038887505683462924,8.457212715304394e-05,2.2859386231638325e-05,6.171274092140562e-05,0.00013890949994100168,0.0004660718158542253,0.005525454731039045,Moirai-2.0,FTSE100,False,0.004528598507753327,0.21935408138099557,1833
0.0005074201594833831,0.00047114122072292454,0.000505491261205954,0.0005071994512887728,3.627893876045852e-05,2.2070819461026282e-07,3.605823056584826e-05,3.435004048302941e-05,0.000505491261205954,-0.000669242806167294,Moirai-2.0,ICLN,False,0.006806847191972387,0.16169063652771454,1185
0.0005024754774618913,0.0003988450500859145,0.0005385407876288699,0.0004747697955977154,0.00010363042737597674,2.7705681864175847e-05,7.592474551180089e-05,0.00013969573754295538,0.0005385407876288699,0.005559722609996806,Moirai-2.0,NIKKEI,False,0.004345238496157287,0.15854525926112764,1772
0.0005492940540271123,0.000508754358539986,0.0005402406603302162,0.000536841501182128,4.053969548712625e-05,1.2452552844984346e-05,2.8087142642141904e-05,3.1486301790230125e-05,0.0005402406603302162,0.004483837805680256,Moirai-2.0,HSI,False,0.003456417211721595,0.10319498540240284,1784
0.0005721113796944056,0.0004341302168060139,0.0007011516970627808,0.0005545561387925452,0.0001379811628883917,1.7555240901860462e-05,0.00012042592198653124,0.00026702148025676685,0.0007011516970627808,0.0045107616777222215,Moirai-2.0,BOVESPA,False,0.0030704200601404663,0.10078692157065074,1794
0.0003126789224825952,0.000293882068516177,0.00032077326417550433,0.0003111649897932598,1.879685396641821e-05,1.5139326893354025e-06,1.7282921277082808e-05,2.689119565932736e-05,0.00032077326417550433,0.001148737183186237,Moirai-2.0,NIFTY,False,0.0021291334568381455,0.1095094976273595,1208
0.00043099458899401407,0.00031243838576766874,0.00047486521751655673,0.00038069862124798866,0.00011855620322634533,5.029596774602541e-05,6.826023548031992e-05,0.000162426831748888,0.00047486521751655673,0.006759768074215253,Moirai-2.0,ASX200,False,0.003935408440419848,0.19580300940107861,1833
0.00014096471198574983,0.0001301417266138801,0.00014514951430193623,0.00013943371879728326,1.0822985371869724e-05,1.530993188466576e-06,9.291992183403148e-06,1.5007787688056125e-05,0.00014514951430193623,-0.0005627119573219156,Moirai-2.0,CBU0,False,0.0007356667742894089,0.057297714215525763,976
0.0003027953515134145,0.00026720064594483656,0.0003468216414731786,0.0003028843261481753,3.5594705568577913e-05,-8.897463476084016e-08,3.5683680203338754e-05,7.962099552834203e-05,0.0003468216414731786,-0.0002141778819055909,Moirai-2.0,TLT,False,5.313815850511994e-06,0.00021875698648915693,1631
0.00024331966415959695,0.0002192034626819968,0.00024806166350231727,0.0002424394597769665,2.4116201477600145e-05,8.802043826304539e-07,2.323599709496969e-05,2.8858200820320456e-05,0.00024806166350231727,-0.0006949968578733598,Moirai-2.0,IBGL,False,0.0031602306653665015,0.1396110541675044,1226
0.0003939873421951275,0.0002556111222429994,0.0004061846177245715,0.000330669910608561,0.00013837621995212808,6.331743158656647e-05,7.50587883655616e-05,0.0001505734954815721,0.0004061846177245715,0.006793490197690425,Moirai-2.0,DJCI,False,0.00040241421564874216,0.020971901655042667,693
0.0004995452096605464,0.00042366038787836595,0.00045577725690772,0.0004448659288187492,7.588482178218047e-05,5.4679280841797215e-05,2.120554094038325e-05,3.211686902935407e-05,0.00045577725690772,0.006990399157544972,Moirai-2.0,GOLD,False,0.005199167326491502,0.23566939356798236,1770
0.0012307866904732795,0.000946805175299181,0.0013361693431231238,0.0011668363859544326,0.00028398151517409847,6.395030451884689e-05,0.00022003121065525158,0.0003893641678239428,0.0013361693431231238,0.019293181340281733,Moirai-2.0,WTI,False,0.0022702965364315986,0.04039842989970734,1772
0.0014882751578398812,0.0013423686073532057,0.0016123834606009604,0.0014675344987370173,0.00014590655048667546,2.074065910286386e-05,0.0001251658913838116,0.00027001485324775463,0.0016123834606009604,0.008086881405737654,Moirai-2.0,NATGAS,False,-0.0005185650753418841,0.005198793709940117,1771
0.0008368798708476413,0.0007763024045643826,0.0008250320556445417,0.0008280186419393592,6.057746628325867e-05,8.861228908282068e-06,5.17162373749766e-05,4.872965108015904e-05,0.0008250320556445417,0.005460404565495019,Moirai-2.0,BTC,False,0.03086718346836146,0.5234453923741065,1107
0.0013700752525741173,0.0011361112924643721,0.001283606366274544,0.001233906799921413,0.0002339639601097452,0.00013616845265270426,9.779550745704093e-05,0.00014749507381017182,0.001283606366274544,0.017271030964521178,Moirai-2.0,ETH,False,0.028762700626101444,0.34424364359727316,762
0.00015318243442382945,0.00014503220135563582,0.00015493270194452146,0.00015281156055145414,8.150233068193632e-06,3.7087387237531204e-07,7.77935919581832e-06,9.900500588885634e-06,0.00015493270194452146,0.000317038135811663,Moirai-2.0,EURUSD,False,-0.0002587385426591985,0.023412089330126087,1582
0.00018849371085616617,0.0001706003275245411,0.00019988154109959057,0.00018649773755503719,1.7893383331625068e-05,1.99597330112898e-06,1.589741003049609e-05,2.928121357504947e-05,0.00019988154109959057,0.0008180289470782764,Moirai-2.0,GBPUSD,False,0.0012567122513356677,0.09797888418103336,1585
0.0002089923938967398,0.0001785101247458545,0.00021607484269536959,0.00019801066044000163,3.048226915088528e-05,1.0981733456738157e-05,1.9500535694147122e-05,3.7564717949515073e-05,0.00021607484269536959,0.0030136235797993695,Moirai-2.0,USDJPY,False,0.0019161959271668007,0.153121501648733,1888
0.00021277540252200158,0.0002043947554294046,0.00021743708727480496,0.00021274143459611096,8.380647092596979e-06,3.3967925890620015e-08,8.346679166706359e-06,1.3042331845400363e-05,0.00021743708727480496,7.48025794957384e-05,Moirai-2.0,AUDUSD,False,0.0021283272991483686,0.1380816547254963,1395
0.000543384412527589,0.0004659965048031785,0.0005505448115946033,0.0005044493973033248,7.738790772441044e-05,3.893501522426416e-05,3.845289250014629e-05,8.454830679142477e-05,0.0005505448115946033,0.0072062711078110546,Moirai-1.1,SP500,False,0.003502250784425242,0.12325170867793424,1824
0.00036895017958447316,0.00033196149086246155,0.0003766507671827856,0.00036555073431016917,3.698868872201161e-05,3.3994452743039863e-06,3.3589243447707624e-05,4.4689276320324036e-05,0.0003766507671827856,0.0017491488451644311,Moirai-1.1,STOXX,False,0.005542742937445628,0.21250269889830348,1498
0.0005075540966445021,0.00044470132863747664,0.0005120608801219896,0.0004856823709352543,6.285276800702545e-05,2.1871725709247817e-05,4.098104229777763e-05,6.735955148451291e-05,0.0005120608801219896,0.004851080284645357,Moirai-1.1,GDAXI,False,0.003247047533000473,0.10979368152787666,1843
0.0005225425443299542,0.0004614334369189182,0.0005264759173369019,0.0004969400977058306,6.110910741103601e-05,2.5602446624123647e-05,3.5506660786912365e-05,6.504248041798363e-05,0.0005264759173369019,0.007208623725325147,Moirai-1.1,FCHI,False,0.0032134817070712737,0.10837064397937725,1856
0.00041091147445521174,0.0003603404786740748,0.0004660718158542253,0.0004050683872999292,5.057099578113696e-05,5.843087155282562e-06,4.47279086258544e-05,0.00010573133718015052,0.0004660718158542253,0.0028338301250501693,Moirai-1.1,FTSE100,False,0.0034951155195795877,0.14078034883098928,1833
0.0005550387535819144,0.0004804049082809255,0.000505491261205954,0.0005486142559986032,7.463384530098893e-05,6.4244975833112426e-06,6.820934771767769e-05,2.508635292502846e-05,0.000505491261205954,-0.0027869529882203377,Moirai-1.1,ICLN,False,0.004277296057696868,0.09191008731640923,1185
0.0004816905951167815,0.0004016201770146186,0.0005385407876288699,0.0004708645075463939,8.007041810216287e-05,1.0826087570387595e-05,6.924433053177528e-05,0.00013692061061425128,0.0005385407876288699,0.003655180877697862,Moirai-1.1,NIKKEI,False,0.006097342994932836,0.1811937248588501,1772
0.0005431372732660057,0.0005057738377604119,0.0005402406603302162,0.0005405247097675623,3.736343550559383e-05,2.612563498443363e-06,3.4750872007150465e-05,3.4466822569804295e-05,0.0005402406603302162,0.0016263985205456101,Moirai-1.1,HSI,False,0.004184682313436862,0.11219688680038208,1784
0.0006306065655741717,0.0004987610647927665,0.0007011516970627808,0.000626607783223915,0.00013184550078140518,3.998782350256693e-06,0.00012784671843114848,0.00020239063227001422,0.0007011516970627808,0.0025839734349855973,Moirai-1.1,BOVESPA,False,0.0029007167219524572,0.08252824441273682,1794
0.0003006159318291033,0.0002704987589307286,0.00032077326417550433,0.0002974790278998313,3.011717289837473e-05,3.1369039292720286e-06,2.6980268969102703e-05,5.027450524477576e-05,0.00032077326417550433,-0.0018677709402498807,Moirai-1.1,NIFTY,False,0.0016620239980940192,0.07022709714366299,1208
0.00042538035571612,0.000354513411315192,0.00047486521751655673,0.0004041271754043557,7.086694440092801e-05,2.125318031176432e-05,4.9613764089163686e-05,0.00012035180620136471,0.00047486521751655673,0.004139675776822188,Moirai-1.1,ASX200,False,0.0019394000908385736,0.07733217633290099,1833
0.00015404954827538024,0.00012862944637027468,0.00014514951430193623,0.00015399475811038023,2.5420101905105567e-05,5.479016500000984e-08,2.5365311740105557e-05,1.6520067931661555e-05,0.00014514951430193623,-0.0005411447423438742,Moirai-1.1,CBU0,False,0.0017071349745451945,0.12653599087871278,976
0.0003521166957647764,0.0003187305573918466,0.0003468216414731786,0.0003506222031553024,3.338613837292981e-05,1.4944926094739874e-06,3.189164576345582e-05,2.809108408133201e-05,0.0003468216414731786,-0.0012767013176311229,Moirai-1.1,TLT,False,0.0003764811378797108,0.01371875341465465,1631
0.00028089330264440254,0.0002392478373032683,0.00024806166350231727,0.00028015506322593743,4.1645465341134236e-05,7.382394184651071e-07,4.090722592266913e-05,8.813826199048966e-06,0.00024806166350231727,0.000527737458829604,Moirai-1.1,IBGL,False,0.0021507646889076214,0.0890007613036229,1226
0.00036279177795302297,0.00029718116885451656,0.0004061846177245715,0.0003371456550201037,6.56106090985064e-05,2.564612293291926e-05,3.9964486165587143e-05,0.00010900344887005494,0.0004061846177245715,0.003338403057759951,Moirai-1.1,DJCI,False,0.0013349086311602379,0.06019721822535163,693
0.0005536284157860927,0.0004428397492620472,0.00045577725690772,0.00048523211866187627,0.00011078866652404555,6.839629712421648e-05,4.239236939982907e-05,1.2937507645672814e-05,0.00045577725690772,0.007941271493213851,Moirai-1.1,GOLD,False,0.004428363482144128,0.17021580608574174,1770
0.0012943361240014132,0.0009963668877534756,0.0013361693431231238,0.0012434805157514604,0.0002979692362479376,5.085560824995283e-05,0.00024711362799798475,0.0003398024553696482,0.0013361693431231238,0.012821621639580314,Moirai-1.1,WTI,False,0.001093754438919091,0.01605321170837794,1772
0.0016047176914908944,0.0014052317912211763,0.0016123834606009604,0.0015665023465877997,0.00019948590026971805,3.821534490309466e-05,0.00016127055536662338,0.00020715166937978406,0.0016123834606009604,0.01276094200792167,Moirai-1.1,NATGAS,False,0.0012214511354535773,0.011285865605792745,1771
0.0009194967008788209,0.0007705005825696674,0.0008250320556445417,0.000858964053530925,0.00014899611830915347,6.053264734789596e-05,8.846347096125751e-05,5.453147307487422e-05,0.0008250320556445417,0.009990084412428766,Moirai-1.1,BTC,False,0.022927631213099223,0.38477699738017457,1107
0.0013556595244657945,0.0010789638098238589,0.001283606366274544,0.0012219472730682717,0.00027669571464193567,0.00013371225139752283,0.00014298346324441284,0.00020464255645068511,0.001283606366274544,0.02066741846896899,Moirai-1.1,ETH,False,0.016029722725735635,0.19161130834980503,762
0.00016497954902776153,0.00014754523953668927,0.00015493270194452146,0.00016334392352134746,1.7434309491072265e-05,1.6356255064140738e-06,1.579868398465819e-05,7.3874624078321875e-06,0.00015493270194452146,0.0007232121870062689,Moirai-1.1,EURUSD,False,-0.00016161325282183954,0.012514347967614038,1582
0.0002018137005753169,0.00018164547408748105,0.00019988154109959057,0.00019960041139286544,2.016822648783585e-05,2.213289182451464e-06,1.7954937305384388e-05,1.8236067012109518e-05,0.00019988154109959057,0.0009251863107256863,Moirai-1.1,GBPUSD,False,0.0005476772828920534,0.03596045880535047,1585
0.0002054205091815698,0.00018157915197722287,0.00021607484269536959,0.0002034208128805118,2.3841357204346916e-05,1.999696301057996e-06,2.184166090328892e-05,3.4495690718146715e-05,0.00021607484269536959,0.0010730525239607467,Moirai-1.1,USDJPY,False,0.0011393032347210598,0.07646299970802273,1888
0.00022378350232358602,0.00018588719735988923,0.00021743708727480496,0.00022193252390935057,3.789630496369678e-05,1.850978414235445e-06,3.604532654946134e-05,3.154988991491573e-05,0.00021743708727480496,-0.0014219277906238749,Moirai-1.1,AUDUSD,False,0.0006695114135569936,0.0362387063963339,1395
0.0005114043508825965,0.0004107638685492053,0.0005505448115946033,0.0004574710255599241,0.00010064048233339126,5.393332532267243e-05,4.6707157010718824e-05,0.000139780943045398,0.0005505448115946033,0.008147254817508307,Lag-Llama,SP500,False,0.008219084752491997,0.32519692726769767,1824
0.00037564077278498927,0.0003010862660047616,0.0003766507671827856,0.0003384902424111205,7.455450678022765e-05,3.715053037386875e-05,3.7403976406358904e-05,7.556450117802396e-05,0.0003766507671827856,0.004673873960762989,Lag-Llama,STOXX,False,0.012709359384210278,0.5944480474186036,1498
0.0005902657818391751,0.0004541206959493184,0.0005120608801219896,0.0004946971276822605,0.0001361450858898567,9.55686541569146e-05,4.057643173294211e-05,5.794018417267118e-05,0.0005120608801219896,0.010790680357767401,Lag-Llama,GDAXI,False,0.011476128009957579,0.4509610921617591,1843
0.0005645461417277848,0.00045397692248558654,0.0005264759173369019,0.0004874306747846429,0.00011056921924219821,7.711546694314186e-05,3.345375229905635e-05,7.249899485131531e-05,0.0005264759173369019,0.010412418055257376,Lag-Llama,FCHI,False,0.011366232311129178,0.4614493569229978,1856
0.00045128809767661093,0.00037075812689773863,0.0004660718158542253,0.00040260180538856773,8.05299707788723e-05,4.86862922880432e-05,3.18436784908291e-05,9.531368895648667e-05,0.0004660718158542253,0.0062787663845707805,Lag-Llama,FTSE100,False,0.007876998044277224,0.3799393577456112,1833
0.0005752715645452635,0.00048073858148798415,0.000505491261205954,0.0005519049955937932,9.453298305727939e-05,2.336656895147039e-05,7.1166414105809e-05,2.47526797179698e-05,0.000505491261205954,0.006100740301001429,Lag-Llama,ICLN,False,0.010926482324309653,0.2666622300732105,1185
0.0005422182112714176,0.0004096778694729763,0.0005385407876288699,0.0004632365252199353,0.00013254034179844128,7.898168605148227e-05,5.3558655746959e-05,0.0001288629181558936,0.0005385407876288699,0.0085327929054922,Lag-Llama,NIKKEI,False,0.011381577724163951,0.39789245721747724,1772
0.0006014422765624004,0.0004983863893769202,0.0005402406603302162,0.0005565077933040761,0.00010305588718548015,4.4934483258324254e-05,5.812140392715589e-05,4.1854270953295956e-05,0.0005402406603302162,0.006654318838549849,Lag-Llama,HSI,False,0.010445109658784396,0.3195045860637398,1784
0.000582262309562048,0.00046902425175637943,0.0007011516970627808,0.000530736271451475,0.0001132380578056686,5.1526038110573055e-05,6.171201969509555e-05,0.00023212744530640134,0.0007011516970627808,0.009868882989483302,Lag-Llama,BOVESPA,False,0.009859050827052546,0.3365591967337475,1794
0.00037203985596798313,0.0002839232448218442,0.00032077326417550433,0.0003182892853398013,8.811661114613891e-05,5.375057062818184e-05,3.4366040517957075e-05,3.6850019353660115e-05,0.00032077326417550433,0.006404476420128105,Lag-Llama,NIFTY,False,0.006109485689649412,0.3062886129364577,1208
0.0004960437615424796,0.0003461604963039298,0.00047486521751655673,0.00038217996882381025,0.00014988326523854983,0.00011386379271866937,3.6019472519880464e-05,0.00012870472121262694,0.00047486521751655673,0.009636136829648912,Lag-Llama,ASX200,False,0.007124247836627448,0.36300234579727264,1833
0.00018952519894553424,0.000137508651294837,0.00014514951430193623,0.0001644981125875169,5.201654765069725e-05,2.5027086358017338e-05,2.6989461292679912e-05,7.640863007099243e-06,0.00014514951430193623,0.00371012671343441,Lag-Llama,CBU0,False,0.0024857182085719232,0.22214550991645754,976
0.0003474735387158827,0.0002759421027122159,0.0003468216414731786,0.00031633751375277543,7.153143600366682e-05,3.113602496310729e-05,4.0395411040559535e-05,7.087953876096269e-05,0.0003468216414731786,0.0054178536651355936,Lag-Llama,TLT,False,0.00457032730886478,0.2017129848101206,1631
0.00032214396482712477,0.0002421161211159903,0.00024806166350231727,0.00028541674327337615,8.002784371113447e-05,3.6727221553748616e-05,4.3300622157385854e-05,5.945542386326971e-06,0.00024806166350231727,0.004975951910125778,Lag-Llama,IBGL,False,0.005871659340550199,0.295549363428627,1226
0.0004752486519604297,0.00031340096932975706,0.0004061846177245715,0.0003615831743975568,0.00016184768263067265,0.00011366547756287292,4.818220506779973e-05,9.278364839481444e-05,0.0004061846177245715,0.008249539508509006,Lag-Llama,DJCI,False,0.005236942707085015,0.2653505736921332,693
0.0006022874650218089,0.00044357873490862216,0.00045577725690772,0.0004896163373761937,0.00015870873011318673,0.00011267112764561517,4.6037602467571565e-05,1.2198521999097858e-05,0.00045577725690772,0.012372289144547596,Lag-Llama,GOLD,False,0.009904797092721202,0.4478756471577933,1770
0.00137316083755946,0.0010749143992794697,0.0013361693431231238,0.001224557800477377,0.00029824643827999027,0.00014860303708208304,0.00014964340119790723,0.0002612549438436541,0.0013361693431231238,0.023032482071002013,Lag-Llama,WTI,False,0.01690681812634271,0.29214162542429895,1772
0.0016334267402598043,0.0013246709221943602,0.0016123834606009604,0.001469995762780131,0.00030875581806544413,0.00016343097747967337,0.00014532484058577076,0.0002877125384066002,0.0016123834606009604,0.02172268872604677,Lag-Llama,NATGAS,False,0.017042094857963038,0.18186663140372047,1771
0.000999164470846819,0.0008064308388760579,0.0008250320556445417,0.0009420165053923794,0.00019273363197076115,5.7147965454439715e-05,0.00013558566651632143,1.860121676848373e-05,0.0008250320556445417,0.01200046311497424,Lag-Llama,BTC,False,0.03684647219935443,0.6252131855889844,1107
0.001630768895287238,0.0011429086605146323,0.001283606366274544,0.0012874723981627565,0.00048786023477260555,0.00034329649712448143,0.00014456373764812412,0.00014069770575991162,0.001283606366274544,0.02633127106633481,Lag-Llama,ETH,False,0.039665284081128405,0.4988957476005814,762
0.00019910417568668444,0.00015379046638246442,0.00015493270194452146,0.0001765353490360445,4.531370930422002e-05,2.256882665063994e-05,2.274488265358008e-05,1.14223556205704e-06,0.00015493270194452146,0.0032256252701264756,Lag-Llama,EURUSD,False,0.0032323802098128893,0.30918787149248855,1582
0.0002476847609466106,0.0001937142108385399,0.00019988154109959057,0.00021008028194423212,5.3970550108070695e-05,3.760447900237848e-05,1.6366071105692215e-05,6.1673302610506684e-06,0.00019988154109959057,0.003858383142321359,Lag-Llama,GBPUSD,False,0.003590903920353822,0.2883983134037324,1585
0.0002477963984765766,0.00020156086482243446,0.00021607484269536959,0.0002199845019152985,4.623553365414214e-05,2.7811896561278108e-05,1.842363709286403e-05,1.451397787293512e-05,0.00021607484269536959,0.004426822448731578,Lag-Llama,USDJPY,False,0.00480167730304349,0.39552547752638056,1888
0.00025657764918076754,0.00021043291535109097,0.00021743708727480496,0.00023357340266246066,4.6144733829676574e-05,2.300424651830688e-05,2.3140487311369695e-05,7.004171923713997e-06,0.00021743708727480496,0.003200737605496707,Lag-Llama,AUDUSD,False,0.005069993100678873,0.3500539780115833,1395
0.00042460944534383933,0.0003449915122227064,0.0005419353221803176,0.00038497922381927965,7.961793312113291e-05,3.963022152455968e-05,3.998771159657323e-05,0.00019694380995761117,0.0005419353221803176,0.006171891946197761,GJR-GARCH,SP500,False,0.0036279778138180174,0.1504496212510349,1902
0.0004002103992232625,0.0003239385158984678,0.0004894969311151533,0.0003632914684373718,7.62718833247947e-05,3.691893078589068e-05,3.935295253890402e-05,0.00016555841521668547,0.0004894969311151533,0.0059649158228932755,GJR-GARCH,STOXX,False,0.0034093647142248475,0.15693863586415746,1577
0.00044591940818989,0.0003535534244443682,0.0005059971699283034,0.00039203584560117333,9.23659837455218e-05,5.388356258871667e-05,3.8482421156805125e-05,0.0001524437454839352,0.0005059971699283034,0.007303086262222578,GJR-GARCH,GDAXI,False,0.003801421969476689,0.1517605503344948,1922
0.00040688333688811487,0.00034045403139656223,0.000520123369607122,0.0003729271019155611,6.642930549155264e-05,3.3956234972553755e-05,3.247307051899888e-05,0.00017966933821055974,0.000520123369607122,0.00643532789848528,GJR-GARCH,FCHI,False,0.003517031199887166,0.145683189304611,1935
0.0003623223105408197,0.00029200631146248046,0.00046040913176893783,0.0003361678659642093,7.031599907833926e-05,2.615444457661041e-05,4.416155450172885e-05,0.00016840282030645737,0.00046040913176893783,0.004758024160462392,GJR-GARCH,FTSE100,False,0.0041584880305319885,0.21198199401765574,1911
0.0005253345363867735,0.0004775652595793315,0.0005156442678412484,0.0005243185411242152,4.7769276807441954e-05,1.0159952625582837e-06,4.675328154488367e-05,3.807900826191692e-05,0.0005156442678412484,0.0011027981787455332,GJR-GARCH,ICLN,False,0.005918422828751491,0.1478073690255413,1263
0.00048417810650420735,0.0003954773056134546,0.0005339731958319682,0.0004527999160047877,8.870080089075274e-05,3.137819049941966e-05,5.732261039133308e-05,0.00013849589021851363,0.0005339731958319682,0.005294137094103483,GJR-GARCH,NIKKEI,False,0.004965823717461829,0.1788524935833485,1851
0.000521932464290473,0.00047626694393645963,0.0005329313733737452,0.0005086539438874864,4.5665520354013314e-05,1.3278520402986577e-05,3.238699995102674e-05,5.6664429437285535e-05,0.0005329313733737452,0.0041162344356335265,GJR-GARCH,HSI,False,0.004796309565254151,0.1495543679313267,1862
0.0004607256037776963,0.00039557087317198847,0.0006878650970002342,0.0004401236068393208,6.515473060570782e-05,2.060199693837547e-05,4.455273366733235e-05,0.0002922942238282457,0.0006878650970002342,0.00469921720735734,GJR-GARCH,BOVESPA,False,0.00463888376866866,0.1579380191124295,1873
0.0003174345924063322,0.0002777387608650225,0.00033802924523164933,0.00031059812431902245,3.969583154130973e-05,6.8364680873097715e-06,3.285936345399996e-05,6.029048436662684e-05,0.00033802924523164933,0.0025798027526089187,GJR-GARCH,NIFTY,False,0.003519682835008038,0.18313024475413966,1287
0.00037674337146117244,0.00029082628044527285,0.00046649783255666593,0.0003184675766630952,8.59170910158996e-05,5.827579479807723e-05,2.7641296217822367e-05,0.00017567155211139308,0.00046649783255666593,0.006092326511716519,GJR-GARCH,ASX200,False,0.0023498679691079313,0.12109019945110493,1912
0.00013553508751799065,0.00012222024052674292,0.0001427679771298904,0.00013479558860854436,1.3314846991247729e-05,7.394989094462886e-07,1.257534808180144e-05,2.0547736603147474e-05,0.0001427679771298904,0.0004111888533475129,GJR-GARCH,CBU0,False,0.001076773895041262,0.09194358125980132,1055
0.0002745968529606929,0.00025289384062733875,0.00034314415786410154,0.00027277359653855025,2.170301233335415e-05,1.8232564221426603e-06,1.987975591121149e-05,9.025031723676279e-05,0.00034314415786410154,0.0009574245214871919,GJR-GARCH,TLT,False,0.0009471048465511805,0.04145736477041133,1709
0.0002295214015522636,0.0002104377832295234,0.00024547706656848057,0.00022846394965372237,1.908361832274021e-05,1.0574518985412382e-06,1.8026166424198973e-05,3.503928333895717e-05,0.00024547706656848057,0.0010873765621927983,GJR-GARCH,IBGL,False,0.004268015567643443,0.21470214290845124,1305
0.00031218034523092117,0.00023820472273314807,0.0003939962974056566,0.00028280487224229456,7.39756224977731e-05,2.9375472988626614e-05,4.460014950914649e-05,0.00015579157467250854,0.0003939962974056566,0.0038649440820027656,GJR-GARCH,DJCI,False,0.003419159238360104,0.17043667129394552,772
0.0004387242140317406,0.00033862809260423347,0.0004489819429221208,0.00040247467371303875,0.00010009612142750714,3.624954031870186e-05,6.384658110880528e-05,0.00011035385031788733,0.0004489819429221208,0.006587907405086389,GJR-GARCH,GOLD,False,0.005932211168241223,0.26187804417465466,1848
0.0011821682368957783,0.0009525218319096082,0.0013142940334981282,0.0010945827424903882,0.00022964640498617016,8.758549440539016e-05,0.00014206091058078,0.0003617722015885201,0.0013142940334981282,0.019106528950731665,GJR-GARCH,WTI,False,0.007291047283296909,0.12606698316883608,1850
0.0013584911543344034,0.0012396621503689656,0.0016356779609098516,0.001344933623752092,0.00011882900396543777,1.3557530582311355e-05,0.00010527147338312642,0.0003960158105408859,0.0016356779609098516,0.006147159059903781,GJR-GARCH,NATGAS,False,0.005262514799031073,0.05305211837595346,1850
0.0008869048987236103,0.0007346446675127085,0.000815759569963572,0.0008176974052329086,0.00015226023121090175,6.92074934907017e-05,8.305273772020005e-05,8.111490245086346e-05,0.000815759569963572,0.00932638024044146,GJR-GARCH,BTC,False,0.02782738913654375,0.5033700155996464,1185
0.0012752663542372306,0.001132939462506329,0.0012545229388267775,0.0012414425663048417,0.0001423268917309017,3.382378793238892e-05,0.00010850310379851278,0.00012158347632044856,0.0012545229388267775,0.008520252611841353,GJR-GARCH,ETH,False,0.032819885376668675,0.4030720638836769,841
0.00015197503074087203,0.00014015427490172915,0.00015332494172563927,0.0001503615326370694,1.182075583914288e-05,1.6134981038026157e-06,1.0207257735340264e-05,1.317066682391012e-05,0.00015332494172563927,0.0007187369139685013,GJR-GARCH,EURUSD,False,0.0011164623700521854,0.10640266390016818,1660
0.00019956575599683161,0.0001750694132930275,0.00019710962356189477,0.0001873915082239882,2.4496342703804127e-05,1.2174247772843416e-05,1.2322094930960711e-05,2.2040210268867285e-05,0.00019710962356189477,0.001925636319531011,GJR-GARCH,GBPUSD,False,0.0017210491405558106,0.14180503499532268,1664
0.00020019281549164998,0.00018403603277163434,0.000213927453268584,0.0001958475874412733,1.6156782720015646e-05,4.345228050376678e-06,1.1811554669638967e-05,2.9891420496949668e-05,0.000213927453268584,0.0018567258233831944,GJR-GARCH,USDJPY,False,0.0024667896750301364,0.20311503602677736,1966
0.00020763129879871603,0.00019529059944044805,0.00021420229840083142,0.00020575252698749888,1.2340699358267973e-05,1.8787718112171488e-06,1.0461927547050824e-05,1.891169896038337e-05,0.00021420229840083142,0.0007569744759424388,GJR-GARCH,AUDUSD,False,0.0031405232637390645,0.21351238027726102,1473
0.0004140365288541177,0.00034788740778136636,0.0005419353221803176,0.0003936766621615311,6.614912107275132e-05,2.035986669258658e-05,4.578925438016474e-05,0.00019404791439895123,0.0005419353221803176,0.005400279339152485,GJR-GARCH-t,SP500,False,0.0024391911893791307,0.09327923904676036,1902
0.0003751123134726696,0.00031974616311504,0.0004894969311151533,0.0003576090326523293,5.536615035762961e-05,1.7503280820340328e-05,3.786286953728928e-05,0.00016975076800011325,0.0004894969311151533,0.004174103148163897,GJR-GARCH-t,STOXX,False,0.002233632995342469,0.09244918748843431,1577
0.00041905464521195166,0.00034992742969014467,0.0005059971699283034,0.0003957988151685635,6.912721552180699e-05,2.3255830043388155e-05,4.5871385478418833e-05,0.00015606974023815875,0.0005059971699283034,0.004681855959365499,GJR-GARCH-t,GDAXI,False,0.001893490268604173,0.06790427404555414,1922
0.00038536311925967023,0.0003427995029462714,0.000520123369607122,0.00037385748989789147,4.256361631339883e-05,1.1505629361778763e-05,3.1057986951620064e-05,0.00017732386666085057,0.000520123369607122,0.0034778411382770757,GJR-GARCH-t,FCHI,False,0.0033037195261292895,0.12308609357030884,1935
0.0003389172027122225,0.0002941916102186438,0.00046040913176893783,0.00033262423569030853,4.4725592493578684e-05,6.292967021913961e-06,3.8432625471664724e-05,0.00016621752155029403,0.00046040913176893783,0.0026717563377455095,GJR-GARCH-t,FTSE100,False,0.003317071172390513,0.1536838003510975,1911
0.0005456846542149861,0.0004814426290739432,0.0005156442678412484,0.0005410597041890734,6.424202514104284e-05,4.6249500259127035e-06,5.9617075115130135e-05,3.42016387673052e-05,0.0005156442678412484,-0.003539512846469334,GJR-GARCH-t,ICLN,False,0.004175633464991169,0.09619139931203068,1263
0.0004675998760468472,0.0003991626387116624,0.0005339731958319682,0.000455042909877723,6.843723733518484e-05,1.2556966169124245e-05,5.5880271166060594e-05,0.00013481055712030585,0.0005339731958319682,0.002885699745015371,GJR-GARCH-t,NIKKEI,False,0.0028460945981779416,0.09438127502435799,1851
0.0005064979782981808,0.0004751475214743378,0.0005329313733737452,0.0005041944418647846,3.1350456823843e-05,2.303536433396233e-06,2.9046920390446765e-05,5.778385189940735e-05,0.0005329313733737452,0.0012019792477563729,GJR-GARCH-t,HSI,False,0.002447171820502702,0.07196042332195915,1862
0.00045951240768505436,0.00039537113039091746,0.0006878650970002342,0.000446454749570432,6.41412772941369e-05,1.305765811462239e-05,5.108361917951452e-05,0.00029249396660931674,0.0006878650970002342,0.004008783103538771,GJR-GARCH-t,BOVESPA,False,0.0032545857245878454,0.10694786148724669,1873
0.00030680903742730475,0.0002692788038206066,0.00033802924523164933,0.00030484041693307933,3.753023360669814e-05,1.9686204942254235e-06,3.556161311247272e-05,6.875044141104272e-05,0.00033802924523164933,0.001370744292553621,GJR-GARCH-t,NIFTY,False,0.0026868092780667936,0.12850304837793824,1287
0.0003640631960856425,0.00029484974140066967,0.00046649783255666593,0.000322258087020197,6.921345468497282e-05,4.180510906544549e-05,2.7408345619527334e-05,0.00017164809115599626,0.00046649783255666593,0.0052813643501477495,GJR-GARCH-t,ASX200,False,0.0019765829117778418,0.0952096086983802,1912
0.00013567583856098452,0.0001232031310343971,0.0001427679771298904,0.00013566734357277438,1.247270752658742e-05,8.494988210132814e-09,1.2464212538377287e-05,1.95648460954933e-05,0.0001427679771298904,-2.1139233710924967e-05,GJR-GARCH-t,CBU0,False,0.0010989690774723705,0.08928403095675233,1055
0.0002731601164651399,0.00025430197396933977,0.00034314415786410154,0.00027263797104722234,1.8858142495800114e-05,5.221454179175412e-07,1.8335997077882572e-05,8.884218389476178e-05,0.00034314415786410154,0.0004433487107936854,GJR-GARCH-t,TLT,False,0.0003706869539275206,0.01593576124967465,1709
0.00023541045295930006,0.0002126133456441802,0.00024547706656848057,0.00023425464587307858,2.2797107315119863e-05,1.155807086221475e-06,2.1641300228898388e-05,3.286372092430037e-05,0.00024547706656848057,0.0010164551684635362,GJR-GARCH-t,IBGL,False,0.0025695289378755842,0.12682876421037279,1305
0.0003055770554107137,0.0002416218435654065,0.0003939962974056566,0.0002869377750790129,6.39552118453072e-05,1.8639280331700814e-05,4.5315931513606385e-05,0.00015237445384025012,0.0003939962974056566,0.0033244485517530766,GJR-GARCH-t,DJCI,False,0.002017908865858283,0.0954722973073016,772
0.00041224254843982275,0.0003513217848957117,0.0004489819429221208,0.00040508300397356744,6.092076354411103e-05,7.159544466255302e-06,5.3761219077855726e-05,9.766015802640908e-05,0.0004489819429221208,0.0035797159916955926,GJR-GARCH-t,GOLD,False,0.0038991280252561496,0.15130229732172487,1848
0.001066828258103799,0.0008933445774344729,0.0013142940334981282,0.0010224812114435777,0.00017348368066932623,4.4347046660221396e-05,0.00012913663400910484,0.00042094945606365537,0.0013142940334981282,0.012211692065595938,GJR-GARCH-t,WTI,False,0.006037247767596891,0.0961141038864249,1850
0.0013463976858593526,0.0012360734938561722,0.0016356779609098516,0.001346116765119974,0.00011032419200318047,2.8092073937869243e-07,0.00011004327126380178,0.0003996044670536794,0.0016356779609098516,-0.001042870182445897,GJR-GARCH-t,NATGAS,False,-0.0007945926122202851,0.007548460609265391,1850
0.0008725908206157374,0.0007767460424700785,0.000815759569963572,0.0008722508228091251,9.58447781456589e-05,3.3999780661231674e-07,9.550478033904658e-05,3.9013527493493507e-05,0.000815759569963572,0.00035278972319899656,GJR-GARCH-t,BTC,False,0.017441646517076012,0.24511149104440202,1185
0.0012525040325666581,0.0011288333570419293,0.0012545229388267775,0.001234641981640548,0.0001236706755247288,1.7862050926110117e-05,0.00010580862459861869,0.00012568958178484817,0.0012545229388267775,-0.007705069616576259,GJR-GARCH-t,ETH,False,0.014826646222214773,0.14659921933805062,841
0.000151692457057395,0.00013969656771460563,0.00015332494172563927,0.00015092308774755246,1.1995889342789377e-05,7.693693098425464e-07,1.122652003294683e-05,1.3628374011033636e-05,0.00015332494172563927,0.0005876808877790912,GJR-GARCH-t,EURUSD,False,0.0005438647763226405,0.04836589991815003,1660
0.00019254872812238816,0.0001712047459095516,0.00019710962356189477,0.00018784340429363274,2.1343982212836566e-05,4.7053238287554265e-06,1.663865838408114e-05,2.5904877652343177e-05,0.00019710962356189477,0.0013880843963771157,GJR-GARCH-t,GBPUSD,False,0.0011848089742299926,0.0911443046051534,1664
0.00019999872468935736,0.00018380221029539335,0.000213927453268584,0.00019950404320680053,1.6196514393964007e-05,4.946814825568268e-07,1.570183291140718e-05,3.0125242973190653e-05,0.000213927453268584,0.000518573865923316,GJR-GARCH-t,USDJPY,False,0.0006439491879882651,0.04699224525347295,1966
0.0002062119634072779,0.00019623279282217522,0.00021420229840083142,0.00020620655146934855,9.979170585102678e-06,5.411937929348859e-09,9.973758647173329e-06,1.79695055786562e-05,0.00021420229840083142,2.952512803685076e-05,GJR-GARCH-t,AUDUSD,False,0.002166773901964245,0.14173631664355774,1473
0.0004188816618401219,0.0003568936119800472,0.0005419353221803176,0.00039147997260325707,6.198804986007469e-05,2.7401689236864824e-05,3.4586360623209867e-05,0.00018504171020027038,0.0005419353221803176,0.006685613250286655,GARCH-N,SP500,False,0.004796365698355258,0.19218357455979795,1902
0.00041453122382307606,0.00032234321219451066,0.0004894969311151533,0.0003792803832568862,9.21880116285654e-05,3.525084056618986e-05,5.693717106237554e-05,0.0001671537189206426,0.0004894969311151533,0.004866310757188649,GARCH-N,STOXX,False,0.00490904978849957,0.22215125266086827,1577
0.0004674317879890888,0.00036535273773291685,0.0005059971699283034,0.0004179964661788453,0.00010207905025617193,4.9435321810243455e-05,5.264372844592847e-05,0.00014064443219538657,0.0005059971699283034,0.007295431204860882,GARCH-N,GDAXI,False,0.0036135898281409277,0.14075844196013063,1922
0.00046205644857787257,0.00036663024310052176,0.000520123369607122,0.0004145458941631422,9.542620547735081e-05,4.751055441473039e-05,4.791565106262042e-05,0.00015349312650660021,0.000520123369607122,0.008363635134050333,GARCH-N,FCHI,False,0.003620000666631741,0.14717971555480003,1935
0.0003798094899936718,0.0003039138609586359,0.00046040913176893783,0.00034835776245748163,7.589562903503595e-05,3.1451727536190195e-05,4.4443901498845756e-05,0.00015649527081030196,0.00046040913176893783,0.005278066751719558,GARCH-N,FTSE100,False,0.004196751455123993,0.20723235104828203,1911
0.0005366870088411188,0.0004852158505253107,0.0005156442678412484,0.0005367597556073346,5.147115831580809e-05,-7.274676621575431e-08,5.1543905082023845e-05,3.0428417315937707e-05,0.0005156442678412484,-0.0002483220695413196,GARCH-N,ICLN,False,0.005742539727872711,0.14144406223557646,1263
0.0005126901346843251,0.00041840817379205426,0.0005339731958319682,0.00047742353196399313,9.428196089227085e-05,3.5266602720331974e-05,5.9015358171938875e-05,0.00011556502203991398,0.0005339731958319682,0.006255678489142633,GARCH-N,NIKKEI,False,0.004187573587972344,0.1468953152001408,1851
0.0005449275636653919,0.0004852694205970921,0.0005329313733737452,0.0005223988328570499,5.965814306829975e-05,2.2528730808341968e-05,3.712941225995778e-05,4.766195277665304e-05,0.0005329313733737452,0.004828443481627996,GARCH-N,HSI,False,0.0044859965641476165,0.13512349229589635,1862
0.0004801344691426242,0.00040344291218230224,0.0006878650970002342,0.0004633853914791193,7.669155696032198e-05,1.6749077663504898e-05,5.994247929681708e-05,0.00028442218481793195,0.0006878650970002342,0.004249883715769085,GARCH-N,BOVESPA,False,0.0036149733502165646,0.12054109041555189,1873
0.00031977685428073526,0.0002797416824254,0.00033802924523164933,0.00031213921857330894,4.003517185533525e-05,7.637635707426324e-06,3.239753614790893e-05,5.8287562806249324e-05,0.00033802924523164933,0.002075762904327237,GARCH-N,NIFTY,False,0.00349813729733673,0.17588536139326272,1287
0.00038306573619475363,0.00030178835187000367,0.00046649783255666593,0.0003323546933450218,8.127738432474996e-05,5.071104284973184e-05,3.056634147501812e-05,0.00016470948068666227,0.00046649783255666593,0.006602026437638554,GARCH-N,ASX200,False,0.0027927869391912753,0.13945517544743277,1912
0.00013354111569858736,0.00012236280601237833,0.0001427679771298904,0.00013320528773422502,1.117830968620903e-05,3.3582796436234337e-07,1.0842481721846687e-05,2.0405171117512065e-05,0.0001427679771298904,0.00016905477351380585,GARCH-N,CBU0,False,0.0008492526288492244,0.07277077178527021,1055
0.00027559091614414284,0.00025363056345400423,0.00034314415786410154,0.0002740436826317353,2.196035269013861e-05,1.5472335124075615e-06,2.0413119177731048e-05,8.951359441009731e-05,0.00034314415786410154,0.0010429732805437822,GARCH-N,TLT,False,0.0005017830808760303,0.021880208170940284,1709
0.00022882559248993742,0.00020924357512944503,0.00024547706656848057,0.00022744284226244532,1.9582017360492387e-05,1.3827502274921038e-06,1.8199267133000283e-05,3.6233491439035533e-05,0.00024547706656848057,0.0008795863617123337,GARCH-N,IBGL,False,0.0031866086808751484,0.16187526003625258,1305
0.00031761743145225773,0.00025033638526471546,0.0003939962974056566,0.00029146238796427673,6.728104618754227e-05,2.6155043487980994e-05,4.1126002699561277e-05,0.00014365991214094115,0.0003939962974056566,0.0037603649841342125,GARCH-N,DJCI,False,0.003635312486153683,0.1826250728182216,772
0.0004304332000417437,0.0003507088085702252,0.0004489819429221208,0.0004023120578894345,7.972439147151854e-05,2.812114215230922e-05,5.160324931920932e-05,9.827313435189562e-05,0.0004489819429221208,0.005365210024480591,GARCH-N,GOLD,False,0.0058154549334591965,0.2471123517848026,1848
0.0011347460958048077,0.0009805410113214196,0.0013142940334981282,0.0010757157751643456,0.0001542050844833881,5.903032064046216e-05,9.517476384292593e-05,0.0003337530221767086,0.0013142940334981282,0.01759928220958559,GARCH-N,WTI,False,0.005302661330921259,0.08939784376897296,1850
0.0013434119622323007,0.0012269630462406434,0.0016356779609098516,0.00134109864700756,0.0001164489159916572,2.3133152247407224e-06,0.00011413560076691648,0.0004087149146692081,0.0016356779609098516,0.0025484751945085778,GARCH-N,NATGAS,False,0.004675567775722506,0.046110447639698134,1850
0.0008923009576224596,0.0007744181779440784,0.000815759569963572,0.0008384526259847052,0.00011788277967838114,5.384833163775437e-05,6.403444804062677e-05,4.134139201949355e-05,0.000815759569963572,0.008470947110550317,GARCH-N,BTC,False,0.026398994484491095,0.4627586508817094,1185
0.0013007291051956994,0.00113141706931139,0.0012545229388267775,0.0012299671844223593,0.00016931203588430943,7.076192077334008e-05,9.855011511096935e-05,0.00012310586951538752,0.0012545229388267775,0.013143334185856472,GARCH-N,ETH,False,0.032570986401738736,0.3936680822738185,841
0.00014720491628718947,0.00013594547731842486,0.00015332494172563927,0.00014641733109663403,1.1259438968764612e-05,7.875851905554416e-07,1.0471853778209171e-05,1.737946440721441e-05,0.00015332494172563927,0.00035964140608451054,GARCH-N,EURUSD,False,0.0011837784228271968,0.11145005213705586,1660
0.00019682369713744632,0.00017487764664197812,0.00019710962356189477,0.0001862664205491234,2.1946050495468195e-05,1.0557276588322924e-05,1.138877390714527e-05,2.223197691991665e-05,0.00019710962356189477,0.0017533837332336588,GARCH-N,GBPUSD,False,0.0019806948548665958,0.16098760478231083,1664
0.0002042796385699066,0.00018779361428352092,0.000213927453268584,0.00020004120260938498,1.6486024286385665e-05,4.238435960521612e-06,1.2247588325864053e-05,2.613383898506308e-05,0.000213927453268584,0.00261932825851727,GARCH-N,USDJPY,False,0.0022445027532049106,0.17963307214869878,1966
0.00020429812225386968,0.00019107229856269838,0.00021420229840083142,0.000202448369069218,1.3225823691171296e-05,1.8497531846516937e-06,1.1376070506519603e-05,2.3129999838133038e-05,0.00021420229840083142,0.0008543807196965164,GARCH-N,AUDUSD,False,0.003133816041032066,0.21246777307425746,1473
0.0005581691664894074,0.0004940673109068228,0.0005419353221803176,0.0005369268073041446,6.41018555825846e-05,2.124235918526279e-05,4.285949639732181e-05,4.786801127349479e-05,0.0005419353221803176,0.005032824093652261,Hist-Sim,SP500,False,0.003282584740003286,0.09865293543451913,1902
0.0005190351938644422,0.0004631497321469053,0.0004894969311151533,0.0005054776453018182,5.588546171753691e-05,1.3557548562624015e-05,4.2327913154912894e-05,2.6347198968247935e-05,0.0004894969311151533,0.005152572608974574,Hist-Sim,STOXX,False,0.0047453718086177855,0.16130942112067417,1577
0.000525898723475731,0.00047655437478547036,0.0005059971699283034,0.0005111594569358786,4.934434869026069e-05,1.4739266539852414e-05,3.460508215040827e-05,2.9442795142833053e-05,0.0005059971699283034,0.004682115235686806,Hist-Sim,GDAXI,False,0.0027969278978324102,0.0865448189629024,1922
0.0005441042599438031,0.00047916466622290006,0.000520123369607122,0.0005198916821555154,6.493959372090309e-05,2.421257778828772e-05,4.0727015932615367e-05,4.095870338422192e-05,0.000520123369607122,0.0065988686653992564,Hist-Sim,FCHI,False,0.0035556210507943636,0.11203956572729525,1935
0.0004572788921414387,0.00041767270415042504,0.00046040913176893783,0.00044171321522232357,3.960618799101368e-05,1.5565676919115153e-05,2.4040511071898526e-05,4.273642761851279e-05,0.00046040913176893783,0.004253714611062449,Hist-Sim,FTSE100,False,0.0036501061976578555,0.13950529336006104,1911
0.0005586609484945143,0.0005008648110478239,0.0005156442678412484,0.0005577216545353885,5.7796137446690355e-05,9.39293959125744e-07,5.685684348756461e-05,1.4779456793424513e-05,0.0005156442678412484,-0.0011692390815819622,Hist-Sim,ICLN,False,0.0008834086325304746,0.01989570411506114,1263
0.0005509371564144775,0.0005189795383081216,0.0005339731958319682,0.0005452586024210457,3.195761810635591e-05,5.678553993431813e-06,2.62790641129241e-05,1.4993657523846605e-05,0.0005339731958319682,0.0023838413584735263,Hist-Sim,NIKKEI,False,0.005297441133603083,0.1536931037830491,1851
0.000549942492090992,0.0005213163458188222,0.0005329313733737452,0.0005450131612796322,2.8626146272169744e-05,4.92933081135973e-06,2.3696815460810014e-05,1.1615027554922946e-05,0.0005329313733737452,0.003302481468919709,Hist-Sim,HSI,False,0.00345447585696345,0.10207508257749935,1862
0.0006642411218491188,0.000558466032459862,0.0006878650970002342,0.0006596853081785214,0.00010577508938925675,4.5558136705974245e-06,0.00010121927571865932,0.00012939906454037216,0.0006878650970002342,0.0029721236899108634,Hist-Sim,BOVESPA,False,0.004412965087114463,0.10827338025072059,1873
0.00034017090926417875,0.000308192590800827,0.00033802924523164933,0.0003376917292588423,3.197831846335177e-05,2.4791800053364297e-06,2.949913845801534e-05,2.983665443082235e-05,0.00033802924523164933,0.0010239749077134307,Hist-Sim,NIFTY,False,0.0030245018021237344,0.12395115580627117,1287
0.000457880990959116,0.00039309155402487083,0.00046649783255666593,0.0004465832933631285,6.478943693424518e-05,1.1297697595987497e-05,5.349173933825768e-05,7.34062785317951e-05,0.00046649783255666593,0.003063702217817219,Hist-Sim,ASX200,False,0.0026537138837206507,0.09577431709492495,1912
0.0001510854790883115,0.000137630253097593,0.0001427679771298904,0.00014684780210348083,1.3455225990718488e-05,4.237676984830669e-06,9.21754900588782e-06,5.137724032297389e-06,0.0001427679771298904,0.0011439297873917318,Hist-Sim,CBU0,False,0.0014170611570848562,0.12035439578583791,1055
0.00038231705122956363,0.00033751775092312475,0.00034314415786410154,0.0003769910357367443,4.4799300306438885e-05,5.326015492819317e-06,3.947328481361957e-05,5.626406940976796e-06,0.00034314415786410154,0.002562108116883618,Hist-Sim,TLT,False,0.001177761413393718,0.04556367954980599,1709
0.00024134879144129464,0.00022974305798567494,0.00024547706656848057,0.0002398088418796824,1.1605733455619707e-05,1.5399495616122557e-06,1.0065783894007451e-05,1.573400858280563e-05,0.00024547706656848057,0.0009317130575157043,Hist-Sim,IBGL,False,0.001706408970854726,0.08655104172056176,1305
0.00041584408707468336,0.000333300458826132,0.0003939962974056566,0.00038157085646755076,8.254362824855135e-05,3.4273230607132594e-05,4.827039764141876e-05,6.06958385795246e-05,0.0003939962974056566,0.0044287578906364,Hist-Sim,DJCI,False,0.0015082053758471367,0.06061569321766562,772
0.000450379906794771,0.00041710702608426377,0.0004489819429221208,0.0004359169748522579,3.3272880710507225e-05,1.4462931942513095e-05,1.880994876799413e-05,3.187491683785703e-05,0.0004489819429221208,0.004029193878896426,Hist-Sim,GOLD,False,0.002793970262474313,0.1049220946056374,1848
0.0014301959372843799,0.0012496372104924588,0.0013142940334981282,0.0014127286970955699,0.00018055872679192107,1.746724018880999e-05,0.00016309148660311108,6.465682300566943e-05,0.0013142940334981282,0.010752217820220225,Hist-Sim,WTI,False,0.005291519530848131,0.06576860390080598,1850
0.0017675545051768255,0.0015753902718689294,0.0016356779609098516,0.0016684027652805191,0.0001921642333078961,9.915173989630635e-05,9.301249341158975e-05,6.028768904092221e-05,0.0016356779609098516,0.019452209704646378,Hist-Sim,NATGAS,False,0.00402343753173303,0.03860278781714638,1850
0.0008978535932375994,0.000814242583141997,0.000815759569963572,0.0008921466789540574,8.361101009560245e-05,5.706914283542066e-06,7.790409581206038e-05,1.5169868215749935e-06,0.000815759569963572,0.0032877937707705383,Hist-Sim,BTC,False,0.014866964861652537,0.2281957214710226,1185
0.0013314389529404517,0.0011613927246226109,0.0012545229388267775,0.0012476359550343348,0.00017004622831784085,8.38029979061169e-05,8.624323041172394e-05,9.313021420416664e-05,0.0012545229388267775,0.012527719871771825,Hist-Sim,ETH,False,0.006892131648959701,0.08156473947314441,841
0.00015892545010359394,0.00014758393442621106,0.00015332494172563927,0.00015628172959740566,1.1341515677382874e-05,2.643720506188276e-06,8.697795171194598e-06,5.741007299428204e-06,0.00015332494172563927,0.0011304173044157798,Hist-Sim,EURUSD,False,0.0011022546580559053,0.10119618593846957,1660
0.0001970906582906689,0.0001870939674337298,0.00019710962356189477,0.00019353649075670826,9.99669085693911e-06,3.5541675339606494e-06,6.442523322978461e-06,1.0015656128164975e-05,0.00019710962356189477,0.0008244740359402299,Hist-Sim,GBPUSD,False,0.0014181250780124811,0.10793292223506337,1664
0.00022242834948559353,0.0002002832568192873,0.000213927453268584,0.00021065331034583358,2.214509266630624e-05,1.1775039139759957e-05,1.0370053526546284e-05,1.364419644929671e-05,0.000213927453268584,0.0025638194120051975,Hist-Sim,USDJPY,False,0.0019057896929830995,0.13898548714748157,1966
0.00022151142781300554,0.00021027610798846487,0.00021420229840083142,0.0002214940153721946,1.1235319824540668e-05,1.7412440810938602e-08,1.1217907383729729e-05,3.9261904123665545e-06,0.00021420229840083142,9.499453820173222e-05,Hist-Sim,AUDUSD,False,0.003552092288656933,0.2283729077401235,1473
0.00047888475957725657,0.0003722909061123884,0.0005419353221803176,0.0004265300415466432,0.00010659385346486816,5.235471803061338e-05,5.4239135434254774e-05,0.00016964441606792918,0.0005419353221803176,0.008131399459287224,EWMA,SP500,False,0.00425829752680423,0.17135582195578042,1902
0.0004796772255057223,0.00036316159491640144,0.0004894969311151533,0.00041656103120766083,0.00011651563058932086,6.311619429806147e-05,5.3399436291259395e-05,0.00012633533619875182,0.0004894969311151533,0.007650274959821751,EWMA,STOXX,False,0.004924291270218574,0.22480182488453138,1577
0.0004994712595820013,0.00039663617097392725,0.0005059971699283034,0.0004365175020154512,0.00010283508860807407,6.29537575665501e-05,3.9881331041523966e-05,0.00010936099895437617,0.0005059971699283034,0.008763954097668072,EWMA,GDAXI,False,0.003546598963525615,0.14059573854822993,1922
0.0005099357279484137,0.0003967104653094048,0.000520123369607122,0.00044478704972614387,0.00011322526263900885,6.51486782222698e-05,4.807658441673905e-05,0.00012341290429771716,0.000520123369607122,0.009563888608998695,EWMA,FCHI,False,0.003930815459453039,0.16080612095007155,1935
0.00042310267533109407,0.00033273143957800904,0.00046040913176893783,0.00038270713830069867,9.037123575308503e-05,4.0395537030395395e-05,4.997569872268963e-05,0.0001276776921909288,0.00046040913176893783,0.005820442992263413,EWMA,FTSE100,False,0.00422610796102995,0.20789673096949726,1911
0.0005396999260363123,0.0004848847915026919,0.0005156442678412484,0.0005337912466620149,5.481513453362046e-05,5.908679374297485e-06,4.8906455159322974e-05,3.075947633855654e-05,0.0005156442678412484,0.0023209852528023826,EWMA,ICLN,False,0.006885284683635508,0.17400297913984603,1263
0.0005061383576115209,0.0004343625926679378,0.0005339731958319682,0.00047902949888135475,7.177576494358303e-05,2.7108858730166103e-05,4.4666906213416924e-05,9.961060316403042e-05,0.0005339731958319682,0.004331683549488022,EWMA,NIKKEI,False,0.004682958622413108,0.16138710212765497,1851
0.0005177003524323657,0.0004712539705647229,0.0005329313733737452,0.000504781485279834,4.644638186764277e-05,1.2918867152531639e-05,3.352751471511113e-05,6.167740280902225e-05,0.0005329313733737452,0.004321802175344615,EWMA,HSI,False,0.004970558599874594,0.15100334908324264,1862
0.0004977460834383778,0.000398546697328386,0.0006878650970002342,0.0004822994256305465,9.919938610999181e-05,1.5446657807831332e-05,8.375272830216048e-05,0.0002893183996718482,0.0006878650970002342,0.004088151210447635,EWMA,BOVESPA,False,0.0037767859375105114,0.12662667468935537,1873
0.00031393093272436836,0.0002725251845535351,0.00033802924523164933,0.0003045013862324129,4.1405748170833285e-05,9.429546491955456e-06,3.197620167887783e-05,6.550406067811425e-05,0.00033802924523164933,0.003045296951526842,EWMA,NIFTY,False,0.0035307230418005417,0.18151080228222966,1287
0.0004080230262613377,0.00030138276094710274,0.00046649783255666593,0.0003436620662206322,0.00010664026531423496,6.436096004070548e-05,4.2279305273529484e-05,0.0001651150716095632,0.00046649783255666593,0.007131591748631536,EWMA,ASX200,False,0.003311090851315531,0.1632946853474747,1912
0.00014346219394892326,0.0001267158018878844,0.0001427679771298904,0.00013921119391300377,1.6746392061038872e-05,4.251000035919493e-06,1.2495392025119379e-05,1.6052175242006007e-05,0.0001427679771298904,0.001370603797058888,EWMA,CBU0,False,0.0009799736807461924,0.0886934937840223,1055
0.000290811673566273,0.0002584139031146996,0.00034314415786410154,0.0002866340713337183,3.23977704515734e-05,4.177602232554689e-06,2.822016821901871e-05,8.473025474940195e-05,0.00034314415786410154,0.0011774346225370597,EWMA,TLT,False,0.000627982634151739,0.027472144122941078,1709
0.00022796808075843878,0.0002093705110020463,0.00024547706656848057,0.0002247445761041537,1.859756975639248e-05,3.2235046542850824e-06,1.53740651021074e-05,3.610655556643427e-05,0.00024547706656848057,0.0013540209000233734,EWMA,IBGL,False,0.004392990445541459,0.23100835677429066,1305
0.0003071782859290014,0.00024967031505837426,0.0003939962974056566,0.00028382982823802865,5.7507970870627155e-05,2.3348457690972762e-05,3.415951317965439e-05,0.00014432598234728235,0.0003939962974056566,0.004027424566741204,EWMA,DJCI,False,0.0034671998769248216,0.17182275059847468,772
0.00044944929055280863,0.00037904713570503616,0.0004489819429221208,0.0004187153692028357,7.040215484777247e-05,3.073392134997295e-05,3.966823349779952e-05,6.993480721708464e-05,0.0004489819429221208,0.004367153748408584,EWMA,GOLD,False,0.005673754771417313,0.24240781258554647,1848
0.0011834812456054727,0.0009842777120662918,0.0013142940334981282,0.0010939946581410883,0.00019920353353918095,8.948658746438438e-05,0.00010971694607479657,0.0003300163214318365,0.0013142940334981282,0.016340423529060226,EWMA,WTI,False,0.006093843303224489,0.10281264436119229,1850
0.0013635889933448365,0.0011999203972101512,0.0016356779609098516,0.0013535053610978084,0.0001636685961346853,1.0083632247028093e-05,0.0001535849638876572,0.00043575756369970036,0.0016356779609098516,0.008515244818994336,EWMA,NATGAS,False,0.0038817884617187437,0.03859247022791025,1850
0.0008857531603039411,0.0007725810925023192,0.000815759569963572,0.0008195479815037418,0.00011317206780162188,6.620517880019932e-05,4.6966889001422564e-05,4.317847746125277e-05,0.000815759569963572,0.00988150302150496,EWMA,BTC,False,0.03155091532396696,0.5688401140995214,1185
0.0013780673008461086,0.0011560830671157297,0.0012545229388267775,0.001251831002628792,0.00022198423373037896,0.00012623629821731657,9.574793551306239e-05,9.843987171104782e-05,0.0012545229388267775,0.02310076210380704,EWMA,ETH,False,0.03273146388932642,0.3955464264872116,841
0.00015378987609016763,0.00013844890093068826,0.00015332494172563927,0.0001488833089481705,1.534097515947937e-05,4.906567141997126e-06,1.0434408017482243e-05,1.4876040794951006e-05,0.00015332494172563927,0.001209786440183882,EWMA,EURUSD,False,0.0010678527689856696,0.10330690190092671,1660
0.00019784652092592458,0.00017192543567817007,0.00019710962356189477,0.00018643665191549517,2.5921085247754505e-05,1.140986901042941e-05,1.4511216237325094e-05,2.51841878837247e-05,0.00019710962356189477,0.002335046503451097,EWMA,GBPUSD,False,0.001980456303794875,0.16325680561013436,1664
0.00020160741517176198,0.00018207511300056888,0.000213927453268584,0.0001947138979382098,1.95323021711931e-05,6.893517233552189e-06,1.263878493764091e-05,3.185234026801512e-05,0.000213927453268584,0.0020278603523624012,EWMA,USDJPY,False,0.0026037473688422155,0.21512372915585443,1966
0.0002102939869447546,0.00019423915760317603,0.00021420229840083142,0.00020576427491731842,1.605482934157856e-05,4.5297120274361675e-06,1.1525117314142391e-05,1.9963140797655393e-05,0.00021420229840083142,0.001151890617265165,EWMA,AUDUSD,False,0.003053668090950385,0.21160054897542588,1473
0.0005000372967452392,0.00037893180251194567,0.0005505448115946033,0.0004636055140278775,0.00012110549423329355,3.64317827173617e-05,8.467371151593185e-05,0.00017161300908265763,0.0005505448115946033,0.006918989169586153,Chronos-Small-A,SP500,False,0.004376283722726814,0.17480970581622118,1824
0.0003461967408074502,0.0003073068975381805,0.0003766507671827856,0.00033363612705357285,3.888984326926969e-05,1.2560613753877367e-05,2.6329229515392326e-05,6.934386964460506e-05,0.0003766507671827856,0.0038376474021265903,Chronos-Small-A,STOXX,False,0.007594880403519612,0.34251376981348264,1498
0.000507131173329464,0.00042542194927538236,0.0005120608801219896,0.00045628937378547894,8.170922405408167e-05,5.084179954398509e-05,3.086742451009658e-05,8.66389308466072e-05,0.0005120608801219896,0.007202284643141453,Chronos-Small-A,GDAXI,False,0.00422309155524905,0.16456950866212952,1843
0.0005084423705521012,0.0004347162420093268,0.0005264759173369019,0.0004669100083332076,7.372612854277438e-05,4.1532362218893546e-05,3.219376632388084e-05,9.175967532757507e-05,0.0005264759173369019,0.007602933577113087,Chronos-Small-A,FCHI,False,0.004451636588376655,0.17720492934798024,1856
0.00044675118999214615,0.00035952978277732915,0.0004660718158542253,0.0004081429773581973,8.7221407214817e-05,3.860821263394884e-05,4.861319458086816e-05,0.00010654203307689615,0.0004660718158542253,0.007606896923898732,Chronos-Small-A,FTSE100,False,0.004225387179171678,0.2030926946474932,1833
0.0004989006748824808,0.00047153356807997976,0.000505491261205954,0.0004987687699145023,2.7367106802501017e-05,1.3190496797848682e-07,2.723520183452253e-05,3.395769312597419e-05,0.000505491261205954,-0.00040419230370558954,Chronos-Small-A,ICLN,False,0.005015544869544072,0.12096112051483959,1185
0.0005139683236078278,0.00041711599137643984,0.0005385407876288699,0.0004983155057368756,9.685233223138794e-05,1.5652817870952175e-05,8.119951436043576e-05,0.00012142479625243006,0.0005385407876288699,0.0044769951861499905,Chronos-Small-A,NIKKEI,False,0.004890873892952726,0.17293140661965878,1772
0.0005263355687514224,0.0004942862120232215,0.0005402406603302162,0.0005179550612225122,3.204935672820094e-05,8.38050752891028e-06,2.3668849199290657e-05,4.595444830699468e-05,0.0005402406603302162,0.003180934228842983,Chronos-Small-A,HSI,False,0.004143814969417452,0.12679764227287565,1784
0.0005910997033302054,0.00043385626525609827,0.0007011516970627808,0.0005767450136511425,0.0001572434380741071,1.4354689679062834e-05,0.00014288874839504426,0.0002672954318066825,0.0007011516970627808,0.005492694309103537,Chronos-Small-A,BOVESPA,False,0.0021501358812262214,0.07059957763658015,1794
0.00029067165878294627,0.00026521436657804266,0.00032077326417550433,0.0002874624100449109,2.5457292204903608e-05,3.20924873803538e-06,2.224804346686823e-05,5.5558897597461675e-05,0.00032077326417550433,-0.0014085346188727212,Chronos-Small-A,NIFTY,False,0.003081650219299778,0.14392498274344773,1208
0.0004284438876844551,0.0003078487863643084,0.00047486521751655673,0.0003926281728117895,0.0001205951013201467,3.581571487266559e-05,8.477938644748111e-05,0.00016701643115224832,0.00047486521751655673,0.006076734205839076,Chronos-Small-A,ASX200,False,0.003845918964520627,0.1843681276168923,1833
0.00014193509837911702,0.00012952092622974334,0.00014514951430193623,0.00014196248632565732,1.2414172149373675e-05,-2.7387946540307967e-08,1.2441560095913983e-05,1.562858807219289e-05,0.00014514951430193623,-0.00011137764926398347,Chronos-Small-A,CBU0,False,0.001103331311266104,0.08920187841972764,976
0.0003094446564574341,0.0002751727312606836,0.0003468216414731786,0.0003082347357768478,3.4271925196750536e-05,1.2099206805863023e-06,3.306200451616423e-05,7.1648910212495e-05,0.0003468216414731786,0.0005935333594632456,Chronos-Small-A,TLT,False,0.00022621526840174017,0.00939399723350825,1631
0.0002418178594553855,0.00022676059638081274,0.00024806166350231727,0.00024139510286023751,1.5057263074572748e-05,4.2275659514797305e-07,1.4634506479424775e-05,2.1301067121504526e-05,0.00024806166350231727,-0.0006527950515492547,Chronos-Small-A,IBGL,False,0.002084084032555465,0.0977443114646941,1226
0.0003982071989602718,0.00026011895231502056,0.0004061846177245715,0.0003348895914594893,0.00013808824664525123,6.33176075007825e-05,7.477063914446873e-05,0.00014606566540955094,0.0004061846177245715,0.005881555005153132,Chronos-Small-A,DJCI,False,0.0006506499207054942,0.033918258527595314,693
0.0004766774928270535,0.0003889797467676137,0.00045577725690772,0.0004362189164256254,8.769774605943978e-05,4.045857640142805e-05,4.723916965801173e-05,6.679751014010632e-05,0.00045577725690772,0.0063683736227455705,Chronos-Small-A,GOLD,False,0.0045436400998788845,0.1976500619438405,1770
0.0012257467272927473,0.0010283332834701616,0.0013361693431231238,0.0011927592199315322,0.00019741344382258569,3.2987507361215054e-05,0.00016442593646137063,0.0003078360596529622,0.0013361693431231238,0.01304163626595782,Chronos-Small-A,WTI,False,0.0031963453886280566,0.05348108011180909,1772
0.001513816665427357,0.0013422441737896784,0.0016123834606009604,0.0014904247015651232,0.00017157249163767853,2.3391963862233727e-05,0.0001481805277754448,0.00027013928681128194,0.0016123834606009604,0.012107042872934166,Chronos-Small-A,NATGAS,False,0.0023954206756121865,0.023740670946730807,1771
0.0008524012475761546,0.0008041773321400396,0.0008250320556445417,0.0008478471177929092,4.822391543611495e-05,4.554129783245387e-06,4.366978565286956e-05,2.0854723504502024e-05,0.0008250320556445417,0.0032319330569454733,Chronos-Small-A,BTC,False,0.020070284894933316,0.3378220530968165,1107
0.0014110886024538093,0.0011480773842072656,0.001283606366274544,0.001257832293717219,0.00026301121824654373,0.00015325630873659038,0.00010975490950995335,0.0001355289820672784,0.001283606366274544,0.02010011185376085,Chronos-Small-A,ETH,False,0.015448460412274267,0.1936509575657181,762
0.00016000178680469502,0.00014852317844309075,0.00015493270194452146,0.00015634818464841323,1.1478608361604271e-05,3.6536021562817874e-06,7.825006205322484e-06,6.409523501430708e-06,0.00015493270194452146,0.0013361162849928878,Chronos-Small-A,EURUSD,False,0.000545397199854001,0.05165820295721224,1582
0.00019702552004027203,0.00018150016220170912,0.00019988154109959057,0.00019280228946247575,1.552535783856291e-05,4.22323057779628e-06,1.130212726076663e-05,1.8381378897881453e-05,0.00019988154109959057,0.001471952436290317,Chronos-Small-A,GBPUSD,False,0.001659002982161921,0.13103610472018862,1585
0.00020580482178319233,0.00018654252750896735,0.00021607484269536959,0.00019913216545903247,1.9262294274224976e-05,6.672656324159862e-06,1.2589637950065113e-05,2.9532315186402234e-05,0.00021607484269536959,0.001986622994404974,Chronos-Small-A,USDJPY,False,0.0021122853365306126,0.16706257379803224,1888
0.00021530080143468292,0.00020368212754843964,0.00021743708727480496,0.00021416925775768442,1.1618673886243272e-05,1.1315436769984949e-06,1.0487130209244777e-05,1.3754959726365319e-05,0.00021743708727480496,0.0010129853804817597,Chronos-Small-A,AUDUSD,False,0.002155706157315064,0.14283772974434958,1395
0.0004810586170005011,0.00037892604149651437,0.0005505448115946033,0.000445081909608434,0.00010213257550398676,3.597670739206713e-05,6.615586811191962e-05,0.00017161877009808893,0.0005505448115946033,0.006043977821619984,Chronos-Mini-A,SP500,False,0.0046837198213113725,0.186794194973442,1824
0.00035771276136702465,0.0003194771317918751,0.0003766507671827856,0.0003434201056442173,3.823562957514957e-05,1.4292655722807329e-05,2.3942973852342242e-05,5.71736353909105e-05,0.0003766507671827856,0.004596488808812077,Chronos-Mini-A,STOXX,False,0.006915300897225217,0.3186879803518299,1498
0.0005067215914461143,0.00042349356524219565,0.0005120608801219896,0.00045414533928584604,8.322802620391867e-05,5.2576252160268285e-05,3.0651774043650385e-05,8.85673148797939e-05,0.0005120608801219896,0.006891637343010916,Chronos-Mini-A,GDAXI,False,0.003594131286556477,0.14133187170502404,1843
0.0005159289681910009,0.00042016701768978723,0.0005264759173369019,0.00046474616830756123,9.576195050121369e-05,5.118279988343969e-05,4.4579150617774e-05,0.00010630889964711462,0.0005264759173369019,0.007825019669471597,Chronos-Mini-A,FCHI,False,0.005358854737111337,0.21610503559283104,1856
0.00043626529672061403,0.0003454627564139845,0.0004660718158542253,0.0004077540589790044,9.080254030662953e-05,2.8511237741609655e-05,6.229130256501988e-05,0.0001206090594402408,0.0004660718158542253,0.006883730355000265,Chronos-Mini-A,FTSE100,False,0.005442284773195825,0.26260600868288964,1833
0.0005084568839905861,0.0004787484203251097,0.000505491261205954,0.0005080373639614441,2.9708463665476437e-05,4.1952002914201914e-07,2.9288943636334417e-05,2.674284088084424e-05,0.000505491261205954,-0.0007331512736530021,Chronos-Mini-A,ICLN,False,0.007537019656501498,0.1811418362433991,1185
0.0005027470396257805,0.0004090000793826373,0.0005385407876288699,0.0004926355064203559,9.374696024314321e-05,1.0111533205424622e-05,8.363542703771859e-05,0.00012954070824623259,0.0005385407876288699,0.003589436265081876,Chronos-Mini-A,NIKKEI,False,0.005024469764742016,0.17797287403717776,1772
0.0005295284729263944,0.0004955839667257307,0.0005402406603302162,0.0005209394887614956,3.394450620066369e-05,8.588984164898793e-06,2.5355522035764894e-05,4.465669360448549e-05,0.0005402406603302162,0.003280144730475161,Chronos-Mini-A,HSI,False,0.0044924925074615735,0.13854571430621127,1784
0.0005535195117809976,0.00044372121334927613,0.0007011516970627808,0.0005388762396907294,0.00010979829843172148,1.4643272090268233e-05,9.515502634145325e-05,0.00025743048371350464,0.0007011516970627808,0.004208854127640985,Chronos-Mini-A,BOVESPA,False,0.0022556641781728073,0.07359852195347016,1794
0.0002885056595167825,0.00026713850146760094,0.00032077326417550433,0.0002868951044843959,2.1367158049181544e-05,1.610555032386567e-06,1.9756603016794977e-05,5.3634762707903394e-05,0.00032077326417550433,-0.0013647696871315134,Chronos-Mini-A,NIFTY,False,0.002554074102295519,0.1238355054552524,1208
0.0004277147250111135,0.00031785778891050886,0.00047486521751655673,0.0003927856129154422,0.00010985693610060461,3.492911209567129e-05,7.492782400493332e-05,0.00015700742860604787,0.00047486521751655673,0.005307694002490994,Chronos-Mini-A,ASX200,False,0.0036376829439346975,0.1746213255816807,1833
0.00014246446934903357,0.00013145325751063322,0.00014514951430193623,0.00014241732885744574,1.1011211838400344e-05,4.7140491587826855e-08,1.0964071346812517e-05,1.369625679130301e-05,0.00014514951430193623,0.00010919332920978492,Chronos-Mini-A,CBU0,False,0.0012689598666917948,0.1069883835712262,976
0.00031261763606325215,0.00027339145434769597,0.0003468216414731786,0.0003114307836859511,3.9226181715556183e-05,1.1868523773010372e-06,3.8039329338255146e-05,7.343018712548262e-05,0.0003468216414731786,0.001111013686477116,Chronos-Mini-A,TLT,False,0.0005335758228173955,0.02278350247019326,1631
0.00024168146750880033,0.0002269312018563462,0.00024806166350231727,0.0002410159005940152,1.4750265652454115e-05,6.655669147851166e-07,1.4084698737668998e-05,2.1130461645971053e-05,0.00024806166350231727,-0.0007851433389274793,Chronos-Mini-A,IBGL,False,0.0027616017295510054,0.1335261722112609,1226
0.0004156111691752884,0.0002679222377213141,0.0004061846177245715,0.000354038744458588,0.00014768893145397427,6.157242471670037e-05,8.61165067372739e-05,0.00013826238000325738,0.0004061846177245715,0.006695638839607575,Chronos-Mini-A,DJCI,False,0.000602743654871573,0.031430912340570064,693
0.00048419522206181054,0.00038849312215834,0.00045577725690772,0.00043982606802541537,9.570209990347056e-05,4.436915403639518e-05,5.133294586707538e-05,6.728413474938003e-05,0.00045577725690772,0.007072370713462155,Chronos-Mini-A,GOLD,False,0.005187211783346201,0.22600628740415385,1770
0.0012376941026807852,0.0010413516250499081,0.0013361693431231238,0.0012053701558436413,0.00019634247763087708,3.232394683714396e-05,0.00016401853079373312,0.00029481771807321564,0.0013361693431231238,0.0141527273957016,Chronos-Mini-A,WTI,False,0.003732024682548997,0.06282993199792172,1772
0.0014927484276088347,0.0013726848586844095,0.0016123834606009604,0.0014762468833464674,0.00012006356892442526,1.650154426236731e-05,0.00010356202466205795,0.00023969860191655088,0.0016123834606009604,0.008053691816956926,Chronos-Mini-A,NATGAS,False,0.002352531582193812,0.023729729101928207,1771
0.0008488689087082947,0.0007934734574792853,0.0008250320556445417,0.0008358141037562087,5.539545122900942e-05,1.3054804952085971e-05,4.234064627692345e-05,3.1558598165256366e-05,0.0008250320556445417,0.004560192989463235,Chronos-Mini-A,BTC,False,0.022660234281953892,0.3873647785433656,1107
0.0013607357392053019,0.0010959726973115685,0.001283606366274544,0.001232408340233425,0.0002647630418937334,0.00012832739897187693,0.00013643564292185645,0.0001876336689629755,0.001283606366274544,0.016986742681649843,Chronos-Mini-A,ETH,False,0.02024381809564252,0.25484813097272063,762
0.0001592363211588622,0.00014884623045947432,0.00015493270194452146,0.00015534399026809206,1.0390090699387874e-05,3.892330890770129e-06,6.497759808617745e-06,6.08647148504714e-06,0.00015493270194452146,0.0013340963180745067,Chronos-Mini-A,EURUSD,False,0.0010672704169671539,0.10248355478986183,1582
0.00019695223969643086,0.00017468101945487116,0.00019988154109959057,0.00019134473898659856,2.2271220241559694e-05,5.6075007098322954e-06,1.66637195317274e-05,2.5200521644719407e-05,0.00019988154109959057,0.0015485160775648471,Chronos-Mini-A,GBPUSD,False,0.0016382880850899905,0.13053411327745448,1585
0.0002094220016813364,0.00018135343972108456,0.00021607484269536959,0.00019977598565335138,2.806856196025184e-05,9.646016027985019e-06,1.8422545932266822e-05,3.4721402974285026e-05,0.00021607484269536959,0.0024797978553987715,Chronos-Mini-A,USDJPY,False,0.001989215099108982,0.15907251749472626,1888
0.0002170118180306183,0.00020500783259395518,0.00021743708727480496,0.00021601711105270093,1.200398543666311e-05,9.947069779173547e-07,1.1009278458745756e-05,1.2429254680849786e-05,0.00021743708727480496,0.0011482324708293066,Chronos-Mini-A,AUDUSD,False,0.002369239674408788,0.159284165853316,1395
