model,symbol,n_test,viol,pi_hat,kupiec_p,TL,QS,width,converged
Chronos-Small,ASX200,1833,33,0.01800327332242226,0.001961909828656072,Yellow,0.0003750537289313372,0.027615391319385695,1
Chronos-Small,AUDUSD,1395,1,0.0007168458781362007,5.232900054830125e-06,Green,0.000253967756697722,0.023160071157634316,1
Chronos-Small,BOVESPA,1794,11,0.006131549609810479,0.07611071317315499,Green,0.0004818102655195331,0.03884990436315684,1
Chronos-Small,BTC,1107,2,0.0018066847335140017,0.0007462012875126822,Green,0.0010871931136321056,0.1036634224820932,1
Chronos-Small,CBU0,976,28,0.028688524590163935,1.7193624769484828e-06,Yellow,0.0001769928676663153,0.009638155623522226,1
Chronos-Small,DJCI,693,12,0.017316017316017316,0.07952006629122066,Yellow,0.00043850245684849297,0.02287153915055672,1
Chronos-Small,ETH,762,8,0.010498687664041995,0.8908428750466807,Green,0.0012472100063468832,0.10485909050755723,1
Chronos-Small,EURUSD,1582,2,0.0012642225031605564,1.0117645425467003e-05,Green,0.00019039755875191596,0.018369903986466422,1
Chronos-Small,FCHI,1856,1,0.0005387931034482759,5.7518323326455345e-08,Green,0.0005738694083522388,0.05661412173617487,1
Chronos-Small,FTSE100,1833,26,0.014184397163120567,0.09027554520864756,Green,0.0003804233681160716,0.02610771656551148,1
Chronos-Small,GBPUSD,1585,10,0.006309148264984227,0.11311915690915664,Green,0.00020412119686087125,0.01590211809509489,1
Chronos-Small,GDAXI,1843,26,0.01410743353228432,0.09511965252644872,Green,0.00045486980175990245,0.03202061601467932,1
Chronos-Small,GOLD,1770,19,0.010734463276836158,0.7589170341489639,Green,0.0004370992710725406,0.029156125920330775,1
Chronos-Small,HSI,1784,2,0.0011210762331838565,1.5633457042252275e-06,Green,0.0007052267244419799,0.06562385638969949,1
Chronos-Small,IBGL,1226,10,0.008156606851549755,0.5027775030159605,Green,0.00023598352456512278,0.02157729573285673,1
Chronos-Small,ICLN,1185,11,0.009282700421940928,0.8016638096754556,Green,0.0005380824636096263,0.04301917136198022,1
Chronos-Small,NATGAS,1771,27,0.015245623941276116,0.03944703006413963,Green,0.0013853184841547243,0.10301527400392632,1
Chronos-Small,NIFTY,1208,4,0.0033112582781456954,0.006623197319937546,Green,0.0003458120014038679,0.029550847798063783,1
Chronos-Small,NIKKEI,1772,25,0.014108352144469526,0.10165741991357535,Green,0.000488474107261388,0.03279711012480794,1
Chronos-Small,SP500,1824,2,0.0010964912280701754,1.0778928142274324e-06,Green,0.0006227786154677684,0.061490136386355074,1
Chronos-Small,STOXX,1498,0,0.0,4.08051099576312e-08,Green,0.0004857884891538249,0.04814479407170983,1
Chronos-Small,TLT,1631,23,0.014101778050275904,0.11687672659687309,Green,0.0003018170520062471,0.02532179069831093,1
Chronos-Small,USDJPY,1888,12,0.006355932203389831,0.08810957645884177,Green,0.00022256973434106158,0.018851844244501606,1
Chronos-Small,WTI,1772,24,0.013544018058690745,0.1548529750234291,Green,0.0013741687771547436,0.09405156555310736,1
Chronos-Mini,ASX200,1833,20,0.010911074740861976,0.6992379726087683,Green,0.00048287211576081556,0.028419429478675793,1
Chronos-Mini,AUDUSD,1395,1,0.0007168458781362007,5.232900054830125e-06,Green,0.00026339539823884314,0.024164857364246232,1
Chronos-Mini,BOVESPA,1794,19,0.010590858416945374,0.803260749518993,Green,0.0004901171895708785,0.03605205753159582,1
Chronos-Mini,BTC,1107,1,0.0009033423667570009,8.590099648342342e-05,Green,0.0011122323926076505,0.10720126625010085,1
Chronos-Mini,CBU0,976,28,0.028688524590163935,1.7193624769484828e-06,Yellow,0.00017664516101646512,0.00962708895225714,1
Chronos-Mini,DJCI,693,12,0.017316017316017316,0.07952006629122066,Yellow,0.00043494382521838925,0.022916309142304355,1
Chronos-Mini,ETH,762,8,0.010498687664041995,0.8908428750466807,Green,0.0012492812762582297,0.10524253388461806,1
Chronos-Mini,EURUSD,1582,1,0.0006321112515802782,8.428946129956927e-07,Green,0.0001950605117675912,0.018882000287550115,1
Chronos-Mini,FCHI,1856,1,0.0005387931034482759,5.7518323326455345e-08,Green,0.0005765433670080199,0.05689268387444307,1
Chronos-Mini,FTSE100,1833,3,0.0016366612111292963,8.034746877161325e-06,Green,0.0004999390706258337,0.04898069318013136,1
Chronos-Mini,GBPUSD,1585,10,0.006309148264984227,0.11311915690915664,Green,0.0002053266257659441,0.01608015442510962,1
Chronos-Mini,GDAXI,1843,1,0.0005425935973955507,6.534593421925194e-08,Green,0.0005945539488553227,0.058879861662804726,1
Chronos-Mini,GOLD,1770,20,0.011299435028248588,0.5903964450592079,Green,0.00043652695115528053,0.029191985185400747,1
Chronos-Mini,HSI,1784,2,0.0011210762331838565,1.5633457042252275e-06,Green,0.000704133715951342,0.06550138769084109,1
Chronos-Mini,IBGL,1226,10,0.008156606851549755,0.5027775030159605,Green,0.00023643954650913866,0.021703074910816064,1
Chronos-Mini,ICLN,1185,1,0.0008438818565400844,4.033874151820882e-05,Green,0.0007940791499962711,0.07828911724680257,1
Chronos-Mini,NATGAS,1771,27,0.015245623941276116,0.03944703006413963,Green,0.0013842135108148618,0.10346385551830237,1
Chronos-Mini,NIFTY,1208,4,0.0033112582781456954,0.006623197319937546,Green,0.0003481063002066906,0.029882865213371038,1
Chronos-Mini,NIKKEI,1772,19,0.01072234762979684,0.7625997381188102,Green,0.00048158558633906457,0.03526065567731232,1
Chronos-Mini,SP500,1824,2,0.0010964912280701754,1.0778928142274324e-06,Green,0.0006233855945941722,0.061571447289240806,1
Chronos-Mini,STOXX,1498,0,0.0,4.08051099576312e-08,Green,0.00048260668463734595,0.04782661362006195,1
Chronos-Mini,TLT,1631,22,0.0134886572654813,0.17878532279105386,Green,0.00030103836405920065,0.02543744033992005,1
Chronos-Mini,USDJPY,1888,12,0.006355932203389831,0.08810957645884177,Green,0.000221615798538524,0.018641014422805344,1
Chronos-Mini,WTI,1772,24,0.013544018058690745,0.1548529750234291,Green,0.0013717832215100051,0.09328979345566178,1
TimesFM-2.5,ASX200,1833,44,0.024004364429896344,3.272037381041315e-07,Yellow,0.00039115504966769944,0.02600284017809266,1
TimesFM-2.5,AUDUSD,1395,9,0.0064516129032258064,0.1543087129769588,Green,0.00022076103386282626,0.017692884215249362,1
TimesFM-2.5,BOVESPA,1794,9,0.005016722408026756,0.018925610100367307,Green,0.00048601438315057426,0.03943868401317609,1
TimesFM-2.5,BTC,1107,2,0.0018066847335140017,0.0007462012875126822,Green,0.0010643422262191068,0.10094265705538988,1
TimesFM-2.5,CBU0,976,28,0.028688524590163935,1.7193624769484828e-06,Yellow,0.00017651283805568817,0.009714858180287153,1
TimesFM-2.5,DJCI,693,13,0.01875901875901876,0.038786558523273174,Yellow,0.00043520221052856684,0.02264807572136298,1
TimesFM-2.5,ETH,762,0,0.0,9.090871049055593e-05,Green,0.001514190525731998,0.15174472657825788,1
TimesFM-2.5,EURUSD,1582,7,0.004424778761061947,0.012248976641545006,Green,0.00016145312379411533,0.014462588660885437,1
TimesFM-2.5,FCHI,1856,27,0.014547413793103448,0.0652143330682664,Green,0.0004446595846425144,0.030933277657272825,1
TimesFM-2.5,FTSE100,1833,3,0.0016366612111292963,8.034746877161325e-06,Green,0.0004999144405047281,0.04902542741844968,1
TimesFM-2.5,GBPUSD,1585,10,0.006309148264984227,0.11311915690915664,Green,0.0002042485966589851,0.016005918987630107,1
TimesFM-2.5,GDAXI,1843,26,0.01410743353228432,0.09511965252644872,Green,0.0004548834372491858,0.0320917721179337,1
TimesFM-2.5,GOLD,1770,14,0.007909604519774011,0.35893888054695877,Green,0.0004607164323501681,0.032134904533697314,1
TimesFM-2.5,HSI,1784,22,0.01233183856502242,0.3395375912110068,Green,0.0005284347990212542,0.035854129664046455,1
TimesFM-2.5,IBGL,1226,10,0.008156606851549755,0.5027775030159605,Green,0.00023589185829247342,0.02150527425193457,1
TimesFM-2.5,ICLN,1185,11,0.009282700421940928,0.8016638096754556,Green,0.0005385651685946404,0.04314315484182572,1
TimesFM-2.5,NATGAS,1771,26,0.014680971202710334,0.0641949489761654,Green,0.0013810626494180005,0.10325513731652561,1
TimesFM-2.5,NIFTY,1208,7,0.005794701986754967,0.11081403091403286,Green,0.00030770118186906653,0.024232035950771648,1
TimesFM-2.5,NIKKEI,1772,20,0.011286681715575621,0.5937683130143729,Green,0.0004850817917930071,0.03495762711091025,1
TimesFM-2.5,SP500,1824,2,0.0010964912280701754,1.0778928142274324e-06,Green,0.0006307075442098977,0.062337248566528475,1
TimesFM-2.5,STOXX,1498,15,0.010013351134846462,0.9958571521769223,Green,0.0003465874477355119,0.027051271446137014,1
TimesFM-2.5,TLT,1631,32,0.019619865113427344,0.0005594634474977989,Yellow,0.0003588351136204639,0.022379243829754383,1
TimesFM-2.5,USDJPY,1888,12,0.006355932203389831,0.08810957645884177,Green,0.00022040186201877248,0.018310232950965247,1
TimesFM-2.5,WTI,1772,25,0.014108352144469526,0.10165741991357535,Green,0.001359188348696539,0.0930377783720018,1
Moirai-2.0,ASX200,1833,33,0.01800327332242226,0.001961909828656072,Yellow,0.0003750077579665984,0.027584220273778166,1
Moirai-2.0,AUDUSD,1395,10,0.007168458781362007,0.26290437305096925,Green,0.0002207825204790407,0.017705956959493913,1
Moirai-2.0,BOVESPA,1794,9,0.005016722408026756,0.018925610100367307,Green,0.000489080932621869,0.03998083792996201,1
Moirai-2.0,BTC,1107,2,0.0018066847335140017,0.0007462012875126822,Green,0.0010674944987113287,0.10129770821467808,1
Moirai-2.0,CBU0,976,46,0.0471311475409836,0.0,Red,0.00022221362658616828,0.007920843098884762,1
Moirai-2.0,DJCI,693,12,0.017316017316017316,0.07952006629122066,Yellow,0.00043608762047309157,0.023042380475919656,1
Moirai-2.0,ETH,762,0,0.0,9.090871049055593e-05,Green,0.0014922934960477103,0.14955502360982914,1
Moirai-2.0,EURUSD,1582,1,0.0006321112515802782,8.428946129956927e-07,Green,0.00019450144979803207,0.01882106095371987,1
Moirai-2.0,FCHI,1856,33,0.017780172413793104,0.0023981716123206986,Yellow,0.0004591957254501526,0.028314263596665213,1
Moirai-2.0,FTSE100,1833,3,0.0016366612111292963,8.034746877161325e-06,Green,0.0005035749692298576,0.04942412147317761,1
Moirai-2.0,GBPUSD,1585,11,0.00694006309148265,0.1950650720454501,Green,0.0002033839323565565,0.015528918634080555,1
Moirai-2.0,GDAXI,1843,26,0.01410743353228432,0.09511965252644872,Green,0.0004539204112791568,0.03225041865788975,1
Moirai-2.0,GOLD,1770,13,0.007344632768361582,0.238642057631698,Green,0.0004618536987384587,0.03248190715458609,1
Moirai-2.0,HSI,1784,22,0.01233183856502242,0.3395375912110068,Green,0.000528399946376541,0.03584824406047866,1
Moirai-2.0,IBGL,1226,12,0.009787928221859706,0.9402998837623797,Green,0.00024559037467231256,0.02155500024441938,1
Moirai-2.0,ICLN,1185,11,0.009282700421940928,0.8016638096754556,Green,0.000538256118272797,0.04309596099003591,1
Moirai-2.0,NATGAS,1771,27,0.015245623941276116,0.03944703006413963,Green,0.0013796446268129012,0.10329752045166356,1
Moirai-2.0,NIFTY,1208,7,0.005794701986754967,0.11081403091403286,Green,0.0003069082742263909,0.02412209193818265,1
Moirai-2.0,NIKKEI,1772,19,0.01072234762979684,0.7625997381188102,Green,0.0004841288787646714,0.0354291019439055,1
Moirai-2.0,SP500,1824,2,0.0010964912280701754,1.0778928142274324e-06,Green,0.0006333409124688914,0.06263296757145645,1
Moirai-2.0,STOXX,1498,0,0.0,4.08051099576312e-08,Green,0.0004877588211511524,0.04834182727144258,1
Moirai-2.0,TLT,1631,32,0.019619865113427344,0.0005594634474977989,Yellow,0.0003607253272531992,0.022361414927454654,1
Moirai-2.0,USDJPY,1888,12,0.006355932203389831,0.08810957645884177,Green,0.0002214239044057132,0.018491051097331148,1
Moirai-2.0,WTI,1772,24,0.013544018058690745,0.1548529750234291,Green,0.001382593587595395,0.09519218910314693,1
Moirai-1.1,ASX200,1833,36,0.019639934533551555,0.0002474776485975605,Yellow,0.0003809264314852942,0.027430477240644183,1
Moirai-1.1,AUDUSD,1395,1,0.0007168458781362007,5.232900054830125e-06,Green,0.000264610301928948,0.024254066910260358,1
Moirai-1.1,BOVESPA,1794,13,0.007246376811594203,0.21768660497343595,Green,0.0004966202349721568,0.038724639087700866,1
Moirai-1.1,BTC,1107,1,0.0009033423667570009,8.590099648342342e-05,Green,0.0010994637250850646,0.10512902705263856,1
Moirai-1.1,CBU0,976,28,0.028688524590163935,1.7193624769484828e-06,Yellow,0.00017655164864995254,0.00968660091444098,1
Moirai-1.1,DJCI,693,13,0.01875901875901876,0.038786558523273174,Yellow,0.0004357175491801008,0.022673378279120908,1
Moirai-1.1,ETH,762,0,0.0,9.090871049055593e-05,Green,0.001516774491736162,0.15200312317867426,1
Moirai-1.1,EURUSD,1582,1,0.0006321112515802782,8.428946129956927e-07,Green,0.00019361127991108235,0.01872278073627272,1
Moirai-1.1,FCHI,1856,26,0.014008620689655173,0.10169665602297195,Green,0.0004452092332133753,0.030929595688289638,1
Moirai-1.1,FTSE100,1833,26,0.014184397163120567,0.09027554520864756,Green,0.00038245161405684017,0.026077199251248902,1
Moirai-1.1,GBPUSD,1585,10,0.006309148264984227,0.11311915690915664,Green,0.00020375334044835087,0.01594564310653228,1
Moirai-1.1,GDAXI,1843,28,0.015192620727075421,0.037427140148318716,Green,0.00045646700291043026,0.032074492324480154,1
Moirai-1.1,GOLD,1770,18,0.010169491525423728,0.9430255792099995,Green,0.0004354796776609313,0.029485523742443454,1
Moirai-1.1,HSI,1784,21,0.011771300448430493,0.4645172052755361,Green,0.0005292474387378901,0.03593800971220215,1
Moirai-1.1,IBGL,1226,13,0.010603588907014683,0.8333996385166496,Green,0.0002484703777831941,0.021366828379773287,1
Moirai-1.1,ICLN,1185,11,0.009282700421940928,0.8016638096754556,Green,0.0005383084234241441,0.04311315909626273,1
Moirai-1.1,NATGAS,1771,27,0.015245623941276116,0.03944703006413963,Green,0.0013857029813871473,0.102652708834049,1
Moirai-1.1,NIFTY,1208,7,0.005794701986754967,0.11081403091403286,Green,0.00030871878807981563,0.024122345943188912,1
Moirai-1.1,NIKKEI,1772,20,0.011286681715575621,0.5937683130143729,Green,0.0004878101836596603,0.03491394567915143,1
Moirai-1.1,SP500,1824,20,0.010964912280701754,0.6833965025842679,Green,0.00047533791427898975,0.03729954898989776,1
Moirai-1.1,STOXX,1498,15,0.010013351134846462,0.9958571521769223,Green,0.00034618887915504833,0.026893037283808034,1
Moirai-1.1,TLT,1631,31,0.01900674432863274,0.001148757209895268,Yellow,0.0003568432843325909,0.022373890410373246,1
Moirai-1.1,USDJPY,1888,12,0.006355932203389831,0.08810957645884177,Green,0.00022376480255817052,0.01872828626749432,1
Moirai-1.1,WTI,1772,26,0.014672686230248307,0.06456426678905769,Green,0.001380122741475465,0.09397329232577288,1
Lag-Llama,ASX200,1833,30,0.016366612111292964,0.012109886655179314,Yellow,0.0003766920482226181,0.027463518968794228,1
Lag-Llama,AUDUSD,1395,9,0.0064516129032258064,0.1543087129769588,Green,0.00021811420652732654,0.01730114602346454,1
Lag-Llama,BOVESPA,1794,10,0.005574136008918618,0.03979770262546589,Green,0.0004833772325220295,0.03892934483245924,1
Lag-Llama,BTC,1107,2,0.0018066847335140017,0.0007462012875126822,Green,0.0010843682528184247,0.10335870519825399,1
Lag-Llama,CBU0,976,29,0.02971311475409836,5.53471821596041e-07,Yellow,0.00017681381592518595,0.009645476519607617,1
Lag-Llama,DJCI,693,10,0.01443001443001443,0.27167627399769556,Green,0.0003079202445146054,0.022949479417401348,1
Lag-Llama,ETH,762,0,0.0,9.090871049055593e-05,Green,0.0014802450341046094,0.148350177415519,1
Lag-Llama,EURUSD,1582,2,0.0012642225031605564,1.0117645425467003e-05,Green,0.00019128430709612366,0.018470247864293472,1
Lag-Llama,FCHI,1856,27,0.014547413793103448,0.0652143330682664,Green,0.0004458077253905979,0.030659588332079053,1
Lag-Llama,FTSE100,1833,27,0.014729950900163666,0.057241087656079714,Green,0.000382576668107722,0.025859651541301577,1
Lag-Llama,GBPUSD,1585,11,0.00694006309148265,0.1950650720454501,Green,0.0002017453757201427,0.015343220203447123,1
Lag-Llama,GDAXI,1843,2,0.0010851871947911015,9.031917571622472e-07,Green,0.0005887266292951696,0.05827415742591436,1
Lag-Llama,GOLD,1770,14,0.007909604519774011,0.35893888054695877,Green,0.00046005867326029865,0.032013338470475015,1
Lag-Llama,HSI,1784,23,0.01289237668161435,0.23985598040656175,Green,0.0005373114129543556,0.035691768656412506,1
Lag-Llama,IBGL,1226,13,0.010603588907014683,0.8333996385166496,Green,0.000248101990901501,0.021323978833102185,1
Lag-Llama,ICLN,1185,11,0.009282700421940928,0.8016638096754556,Green,0.0005379875858049867,0.04304999395196457,1
Lag-Llama,NATGAS,1771,31,0.017504234895539244,0.00411541839354268,Yellow,0.001408267065455462,0.10123469324293435,1
Lag-Llama,NIFTY,1208,4,0.0033112582781456954,0.006623197319937546,Green,0.00035683819066621524,0.03096301221528808,1
Lag-Llama,NIKKEI,1772,21,0.011851015801354402,0.44673078787807863,Green,0.0004891181948661402,0.035167325456184347,1
Lag-Llama,SP500,1824,2,0.0010964912280701754,1.0778928142274324e-06,Green,0.0006242277989411911,0.061633740942641305,1
Lag-Llama,STOXX,1498,15,0.010013351134846462,0.9958571521769223,Green,0.0003461632979517691,0.02673531652101998,1
Lag-Llama,TLT,1631,23,0.014101778050275904,0.11687672659687309,Green,0.00035079598288596396,0.023549835895634495,1
Lag-Llama,USDJPY,1888,12,0.006355932203389831,0.08810957645884177,Green,0.00022136439794783467,0.018483340976064088,1
Lag-Llama,WTI,1772,25,0.014108352144469526,0.10165741991357535,Green,0.0013794745393085003,0.093239846419775,1
GJR-GARCH,ASX200,1912,16,0.008368200836820083,0.46058943667742747,Green,0.0004883892746463982,0.02975782877697698,1
GJR-GARCH,AUDUSD,1473,8,0.005431093007467753,0.05363905535374636,Green,0.00021900928304770343,0.017755296138515245,1
GJR-GARCH,BOVESPA,1873,9,0.004805125467164976,0.011946898072929923,Green,0.00048812839019459923,0.040198713533245035,1
GJR-GARCH,BTC,1185,1,0.0008438818565400844,4.033874151820882e-05,Green,0.0010950450794426484,0.10541009207759722,1
GJR-GARCH,CBU0,1055,41,0.03886255924170616,7.899236820207989e-13,Red,0.0001966406454300077,0.008839378854775662,1
GJR-GARCH,DJCI,772,10,0.012953367875647668,0.4302223849444151,Green,0.0004178063755325177,0.02499581532652133,1
GJR-GARCH,ETH,841,0,0.0,3.930486972447689e-05,Green,0.0014958683513753403,0.14950049980763153,1
GJR-GARCH,EURUSD,1660,7,0.004216867469879518,0.007425377665408961,Green,0.0001606697099725106,0.014562026507361594,1
GJR-GARCH,FCHI,1935,1,0.0005167958656330749,2.6478512160643675e-08,Green,0.0005923206174375156,0.058653028005154956,1
GJR-GARCH,FTSE100,1911,3,0.0015698587127158557,4.0370032476921835e-06,Green,0.000514425478176658,0.05081279197680971,1
GJR-GARCH,GBPUSD,1664,17,0.010216346153846154,0.9295721963821353,Green,0.00019077129384990692,0.014090796761939861,1
GJR-GARCH,GDAXI,1922,28,0.014568158168574402,0.05951854246697674,Green,0.0004510711040623167,0.032251287457417,1
GJR-GARCH,GOLD,1848,15,0.008116883116883116,0.40029188688295214,Green,0.00045687156652833745,0.03203645485649558,1
GJR-GARCH,HSI,1862,31,0.01664876476906552,0.008486185645777966,Yellow,0.0005306102828337015,0.033233484974719944,1
GJR-GARCH,IBGL,1305,10,0.007662835249042145,0.3761843979564674,Green,0.00024470319463767347,0.022450432015949658,1
GJR-GARCH,ICLN,1263,11,0.00870942201108472,0.6373904008233857,Green,0.0005440188253742049,0.045374351351931685,1
GJR-GARCH,NATGAS,1850,26,0.014054054054054054,0.09862143806141133,Green,0.0014106009200376714,0.10423527929673385,1
GJR-GARCH,NIFTY,1287,9,0.006993006993006993,0.2517433962001323,Green,0.00032047634196068203,0.025438789054456228,1
GJR-GARCH,NIKKEI,1851,19,0.010264721772015126,0.9092606263751073,Green,0.00048725677862063085,0.0355414695110272,1
GJR-GARCH,SP500,1902,21,0.011041009463722398,0.653592581200349,Green,0.0004791096835674641,0.03708297854953622,1
GJR-GARCH,STOXX,1577,21,0.013316423589093214,0.20777142523648595,Green,0.00042553139843144803,0.02849361922582651,1
GJR-GARCH,TLT,1709,23,0.013458162668227034,0.17231335183525553,Green,0.0002969834627628895,0.024865260797601745,1
GJR-GARCH,USDJPY,1966,12,0.006103763987792472,0.061302166389549884,Green,0.00021973699756018444,0.0184035238244049,1
GJR-GARCH,WTI,1850,29,0.015675675675675675,0.02347826221877125,Green,0.001352208271567904,0.09008496040132799,1
GJR-GARCH-t,ASX200,1912,38,0.0198744769874477,0.00013084061379509127,Yellow,0.0003801550828880221,0.027148534929128904,1
GJR-GARCH-t,AUDUSD,1473,1,0.0006788866259334691,2.4451274409642565e-06,Green,0.00026553376490847226,0.024496702737715044,1
GJR-GARCH-t,BOVESPA,1873,9,0.004805125467164976,0.011946898072929923,Green,0.0004882160819768566,0.04026672289504593,1
GJR-GARCH-t,BTC,1185,1,0.0008438818565400844,4.033874151820882e-05,Green,0.0010883114062162867,0.1046738065028648,1
GJR-GARCH-t,CBU0,1055,39,0.03696682464454976,1.2687850770021214e-11,Red,0.00018963708577183572,0.008951952868113169,1
GJR-GARCH-t,DJCI,772,10,0.012953367875647668,0.4302223849444151,Green,0.00041787350102912864,0.02494731712657239,1
GJR-GARCH-t,ETH,841,0,0.0,3.930486972447689e-05,Green,0.0015126737198146336,0.15118103665156082,1
GJR-GARCH-t,EURUSD,1660,2,0.0012048192771084338,4.92997255041594e-06,Green,0.00019042915266832437,0.018424994373499103,1
GJR-GARCH-t,FCHI,1935,23,0.011886304909560724,0.41803185904765616,Green,0.00044466576181430127,0.031120019943336658,1
GJR-GARCH-t,FTSE100,1911,3,0.0015698587127158557,4.0370032476921835e-06,Green,0.0005134744259000393,0.05071448208319817,1
GJR-GARCH-t,GBPUSD,1664,11,0.006610576923076923,0.13862323026716838,Green,0.000200057077373768,0.015386881920671032,1
GJR-GARCH-t,GDAXI,1922,1,0.0005202913631633715,3.00853559842551e-08,Green,0.0006106400063734546,0.060665731855927815,1
GJR-GARCH-t,GOLD,1848,18,0.00974025974025974,0.9102630048221472,Green,0.00042660419007414314,0.02905656515995688,1
GJR-GARCH-t,HSI,1862,1,0.0005370569280343716,5.422860815951225e-08,Green,0.0007130775033385795,0.06672201168930093,1
GJR-GARCH-t,IBGL,1305,10,0.007662835249042145,0.3761843979564674,Green,0.000245637739665171,0.022509513139266968,1
GJR-GARCH-t,ICLN,1263,12,0.009501187648456057,0.8574177948902022,Green,0.0005495786960904623,0.045272139364958094,1
GJR-GARCH-t,NATGAS,1850,27,0.014594594594594595,0.06305764753772947,Green,0.001411631089023508,0.10415947874744372,1
GJR-GARCH-t,NIFTY,1287,9,0.006993006993006993,0.2517433962001323,Green,0.0003211464756589626,0.025452480435578687,1
GJR-GARCH-t,NIKKEI,1851,22,0.011885467314964884,0.42852071983628093,Green,0.0004923111403599903,0.03516456777553732,1
GJR-GARCH-t,SP500,1902,2,0.0010515247108307045,5.211262835702613e-07,Green,0.0006529476061397212,0.0647880265675511,1
GJR-GARCH-t,STOXX,1577,14,0.008877615726062143,0.6479079090015643,Green,0.0005109374734867553,0.03767144890568234,1
GJR-GARCH-t,TLT,1709,26,0.015213575190169689,0.04426662131286041,Green,0.00035041661727782915,0.02338225880884232,1
GJR-GARCH-t,USDJPY,1966,12,0.006103763987792472,0.061302166389549884,Green,0.00021970725540862275,0.018370434121184023,1
GJR-GARCH-t,WTI,1850,28,0.015135135135135135,0.03907385822956,Green,0.001375693281396643,0.09131716369451531,1
GARCH-N,ASX200,1912,33,0.017259414225941423,0.0038293293670698114,Yellow,0.0003759779222584278,0.0271498394584618,1
GARCH-N,AUDUSD,1473,8,0.005431093007467753,0.05363905535374636,Green,0.00021947617668103446,0.017798970789690775,1
GARCH-N,BOVESPA,1873,9,0.004805125467164976,0.011946898072929923,Green,0.00048692428387086596,0.040215720205573256,1
GARCH-N,BTC,1185,2,0.0016877637130801688,0.00037241524664766157,Green,0.0010724359446299691,0.10224689102096186,1
GARCH-N,CBU0,1055,40,0.037914691943127965,3.205657961302677e-12,Red,0.0001951481413812046,0.008864349766866017,1
GARCH-N,DJCI,772,10,0.012953367875647668,0.4302223849444151,Green,0.00041225004288902655,0.024743235194465217,1
GARCH-N,ETH,841,0,0.0,3.930486972447689e-05,Green,0.0015057276571806574,0.15048643038816326,1
GARCH-N,EURUSD,1660,2,0.0012048192771084338,4.92997255041594e-06,Green,0.00019148065263118055,0.018542917514486643,1
GARCH-N,FCHI,1935,27,0.013953488372093023,0.09907377190052935,Green,0.0004410758312784253,0.030804348484340483,1
GARCH-N,FTSE100,1911,13,0.006802721088435374,0.13597839405767875,Green,0.0004864280037394383,0.037590119840801454,1
GARCH-N,GBPUSD,1664,11,0.006610576923076923,0.13862323026716838,Green,0.00019888898414697156,0.015295639896702613,1
GARCH-N,GDAXI,1922,27,0.01404786680541103,0.09276823427206593,Green,0.0004483561822335926,0.03209997139481735,1
GARCH-N,GOLD,1848,18,0.00974025974025974,0.9102630048221472,Green,0.00042736123287695445,0.029212157261189416,1
GARCH-N,HSI,1862,21,0.011278195488721804,0.586975071178917,Green,0.000523447893068912,0.03620990037843009,1
GARCH-N,IBGL,1305,9,0.006896551724137931,0.23265780356178123,Green,0.00023318255894402127,0.021960673356275183,1
GARCH-N,ICLN,1263,11,0.00870942201108472,0.6373904008233857,Green,0.0005496236542968905,0.04534608993181299,1
GARCH-N,NATGAS,1850,27,0.014594594594594595,0.06305764753772947,Green,0.0014128780704782597,0.10442994964492072,1
GARCH-N,NIFTY,1287,9,0.006993006993006993,0.2517433962001323,Green,0.00032063779308261317,0.02544959340847614,1
GARCH-N,NIKKEI,1851,20,0.010804970286331712,0.731150662005321,Green,0.0004846435316580586,0.03533285191270588,1
GARCH-N,SP500,1902,24,0.012618296529968454,0.2701085678209997,Green,0.00046874005799714337,0.03531026756336595,1
GARCH-N,STOXX,1577,23,0.014584654407102092,0.08677344817538901,Green,0.0004229979758129127,0.028286623645191702,1
GARCH-N,TLT,1709,26,0.015213575190169689,0.04426662131286041,Green,0.0003530169417047179,0.023347829463339034,1
GARCH-N,USDJPY,1966,15,0.0076297049847405905,0.27033017447521746,Green,0.00019765803476614612,0.015480854389036914,1
GARCH-N,WTI,1850,28,0.015135135135135135,0.03907385822956,Green,0.0013505432871433669,0.09026390281330517,1
Hist-Sim,ASX200,1912,37,0.019351464435146442,0.0002707004628530463,Yellow,0.0003792001110731051,0.026899470820536293,1
Hist-Sim,AUDUSD,1473,8,0.005431093007467753,0.05363905535374636,Green,0.0002180094151387425,0.017800582630881186,1
Hist-Sim,BOVESPA,1873,9,0.004805125467164976,0.011946898072929923,Green,0.0004889494170393508,0.03954820148202213,1
Hist-Sim,BTC,1185,1,0.0008438818565400844,4.033874151820882e-05,Green,0.00107187673977251,0.10281373840160132,1
Hist-Sim,CBU0,1055,39,0.03696682464454976,1.2687850770021214e-11,Red,0.00018994604885418673,0.008953045585476674,1
Hist-Sim,DJCI,772,10,0.012953367875647668,0.4302223849444151,Green,0.00040749519253809366,0.0246795201976725,1
Hist-Sim,ETH,841,0,0.0,3.930486972447689e-05,Green,0.0014667952277553735,0.14659318744563482,1
Hist-Sim,EURUSD,1660,2,0.0012048192771084338,4.92997255041594e-06,Green,0.0001888932276922682,0.01824728635318987,1
Hist-Sim,FCHI,1935,1,0.0005167958656330749,2.6478512160643675e-08,Green,0.0005766331446492831,0.05701618907120759,1
Hist-Sim,FTSE100,1911,28,0.014652014652014652,0.05595373799650449,Green,0.00037753476015435814,0.025795974315638952,1
Hist-Sim,GBPUSD,1664,11,0.006610576923076923,0.13862323026716838,Green,0.00019980652213640745,0.01536820406213025,1
Hist-Sim,GDAXI,1922,27,0.01404786680541103,0.09276823427206593,Green,0.0004489957494681209,0.03174531638120023,1
Hist-Sim,GOLD,1848,14,0.007575757575757576,0.27386745163280657,Green,0.00045462403416237767,0.03183401983524161,1
Hist-Sim,HSI,1862,21,0.011278195488721804,0.586975071178917,Green,0.000523698501860186,0.03610406008836458,1
Hist-Sim,IBGL,1305,10,0.007662835249042145,0.3761843979564674,Green,0.0002466413011306561,0.022638829528914033,1
Hist-Sim,ICLN,1263,12,0.009501187648456057,0.8574177948902022,Green,0.000550777372444995,0.045547344370027325,1
Hist-Sim,NATGAS,1850,28,0.015135135135135135,0.03907385822956,Green,0.001418834767999668,0.10515232245553414,1
Hist-Sim,NIFTY,1287,9,0.006993006993006993,0.2517433962001323,Green,0.0003204033780697764,0.02526041898949194,1
Hist-Sim,NIKKEI,1851,23,0.01242571582928147,0.31217943682767,Green,0.0004842314179376661,0.03497986423124733,1
Hist-Sim,SP500,1902,22,0.011566771819137749,0.5028197031201949,Green,0.00047573920878062515,0.036190564507543814,1
Hist-Sim,STOXX,1577,24,0.015218769816106531,0.05309922742688933,Green,0.0004209476049430351,0.028006044857812863,1
Hist-Sim,TLT,1709,33,0.01930953774136922,0.0006054941360469357,Yellow,0.00035214794926172356,0.022267023162652767,1
Hist-Sim,USDJPY,1966,15,0.0076297049847405905,0.27033017447521746,Green,0.00019739257507437553,0.015377278767836627,1
Hist-Sim,WTI,1850,29,0.015675675675675675,0.02347826221877125,Green,0.0013627552883600515,0.08987739211382334,1
EWMA,ASX200,1912,48,0.02510460251046025,2.517733976858949e-08,Yellow,0.00039382066703133785,0.025431176389400484,1
EWMA,AUDUSD,1473,8,0.005431093007467753,0.05363905535374636,Green,0.00021909819294771936,0.01786408131481003,1
EWMA,BOVESPA,1873,9,0.004805125467164976,0.011946898072929923,Green,0.0004883789675429553,0.04013194594840394,1
EWMA,BTC,1185,1,0.0008438818565400844,4.033874151820882e-05,Green,0.0010863548947569821,0.10389750888597592,1
EWMA,CBU0,1055,40,0.037914691943127965,3.205657961302677e-12,Red,0.00019358049165681362,0.008954727304526655,1
EWMA,DJCI,772,10,0.012953367875647668,0.4302223849444151,Green,0.0004178998519737614,0.02558638884771798,1
EWMA,ETH,841,0,0.0,3.930486972447689e-05,Green,0.0014936300833148235,0.14927667300157985,1
EWMA,EURUSD,1660,2,0.0012048192771084338,4.92997255041594e-06,Green,0.00018965520173171057,0.018337028194754943,1
EWMA,FCHI,1935,27,0.013953488372093023,0.09907377190052935,Green,0.00043928332298997824,0.030838780860666288,1
EWMA,FTSE100,1911,28,0.014652014652014652,0.05595373799650449,Green,0.0003765296186809186,0.02614561994808481,1
EWMA,GBPUSD,1664,11,0.006610576923076923,0.13862323026716838,Green,0.0002008578803844432,0.015744131942090473,1
EWMA,GDAXI,1922,27,0.01404786680541103,0.09276823427206593,Green,0.00044695388287371217,0.03213317421277286,1
EWMA,GOLD,1848,15,0.008116883116883116,0.40029188688295214,Green,0.00045617287318330596,0.031994335442300396,1
EWMA,HSI,1862,7,0.0037593984962406013,0.0019283383354207206,Green,0.0005521874657432326,0.043300877980452006,1
EWMA,IBGL,1305,10,0.007662835249042145,0.3761843979564674,Green,0.0002455022561051684,0.022477415201513626,1
EWMA,ICLN,1263,12,0.009501187648456057,0.8574177948902022,Green,0.0005503746422697673,0.04543462766706497,1
EWMA,NATGAS,1850,28,0.015135135135135135,0.03907385822956,Green,0.0014138754461035736,0.10396207162816155,1
EWMA,NIFTY,1287,9,0.006993006993006993,0.2517433962001323,Green,0.00032134228018929555,0.02553999556976172,1
EWMA,NIKKEI,1851,21,0.011345218800648298,0.5690586997989819,Green,0.00048518290115772414,0.035277577519466814,1
EWMA,SP500,1902,2,0.0010515247108307045,5.211262835702613e-07,Green,0.000632407125762471,0.06252767906636433,1
EWMA,STOXX,1577,24,0.015218769816106531,0.05309922742688933,Green,0.000420276875815093,0.02832064507926527,1
EWMA,TLT,1709,33,0.01930953774136922,0.0006054941360469357,Yellow,0.0003585355522987644,0.02219100464082626,1
EWMA,USDJPY,1966,12,0.006103763987792472,0.061302166389549884,Green,0.0002186030407419349,0.018213550634062065,1
EWMA,WTI,1850,28,0.015135135135135135,0.03907385822956,Green,0.001373819232658315,0.0916626515454404,1
Chronos-Small-A,ASX200,1833,32,0.01745771958537916,0.0037033402162591766,Yellow,0.0003762157645614576,0.027620015116659125,1
Chronos-Small-A,AUDUSD,1395,1,0.0007168458781362007,5.232900054830125e-06,Green,0.0002668768568051608,0.02456260368688833,1
Chronos-Small-A,BOVESPA,1794,10,0.005574136008918618,0.03979770262546589,Green,0.00048697860955035415,0.0395229402288175,1
Chronos-Small-A,BTC,1107,2,0.0018066847335140017,0.0007462012875126822,Green,0.0010843118966578518,0.1033579974313972,1
Chronos-Small-A,CBU0,976,29,0.02971311475409836,5.53471821596041e-07,Yellow,0.00017688830017071426,0.009663222333489405,1
Chronos-Small-A,DJCI,693,12,0.017316017316017316,0.07952006629122066,Yellow,0.00043802404502437005,0.022924708182858973,1
Chronos-Small-A,ETH,762,8,0.010498687664041995,0.8908428750466807,Green,0.0012290302257444584,0.10495009441665723,1
Chronos-Small-A,EURUSD,1582,7,0.004424778761061947,0.012248976641545006,Green,0.00016111449560535357,0.014401208523896631,1
Chronos-Small-A,FCHI,1856,26,0.014008620689655173,0.10169665602297195,Green,0.0004445590499811916,0.031075252729066097,1
Chronos-Small-A,FTSE100,1833,27,0.014729950900163666,0.057241087656079714,Green,0.000380423040636138,0.02625756217054039,1
Chronos-Small-A,GBPUSD,1585,10,0.006309148264984227,0.11311915690915664,Green,0.00020453130769446372,0.016056446467601307,1
Chronos-Small-A,GDAXI,1843,27,0.01465002712967987,0.06061051902246817,Green,0.00045511080124599165,0.03222631705418377,1
Chronos-Small-A,GOLD,1770,18,0.010169491525423728,0.9430255792099995,Green,0.00043614013702758834,0.02972009804462123,1
Chronos-Small-A,HSI,1784,22,0.01233183856502242,0.3395375912110068,Green,0.0005284127134456122,0.035832520462618256,1
Chronos-Small-A,IBGL,1226,15,0.012234910277324634,0.44731818608566865,Green,0.00024831221751026315,0.0203838431684235,1
Chronos-Small-A,ICLN,1185,11,0.009282700421940928,0.8016638096754556,Green,0.0005385868008343324,0.043196008104865874,1
Chronos-Small-A,NATGAS,1771,27,0.015245623941276116,0.03944703006413963,Green,0.0013806647259310958,0.10342133622478142,1
Chronos-Small-A,NIFTY,1208,4,0.0033112582781456954,0.006623197319937546,Green,0.0003548139819465581,0.0307819180217871,1
Chronos-Small-A,NIKKEI,1772,20,0.011286681715575621,0.5937683130143729,Green,0.00048250619995060366,0.035407910922285055,1
Chronos-Small-A,SP500,1824,2,0.0010964912280701754,1.0778928142274324e-06,Green,0.000636696748200606,0.06296652231737745,1
Chronos-Small-A,STOXX,1498,3,0.0020026702269692926,0.00014718401724500563,Green,0.00042083601640608033,0.04028891520755983,1
Chronos-Small-A,TLT,1631,27,0.01655426118945432,0.015054439055092739,Yellow,0.0003051367634122687,0.024081922977055862,1
Chronos-Small-A,USDJPY,1888,15,0.007944915254237288,0.3519372215211136,Green,0.00019983650764912383,0.015580212115765392,1
Chronos-Small-A,WTI,1772,25,0.014108352144469526,0.10165741991357535,Green,0.0013570889696655102,0.09290122901803312,1
Chronos-Mini-A,ASX200,1833,16,0.00872885979268958,0.576101581921255,Green,0.00047754349243744594,0.029669347144047748,1
Chronos-Mini-A,AUDUSD,1395,9,0.0064516129032258064,0.1543087129769588,Green,0.00022077115510061416,0.017784318750387742,1
Chronos-Mini-A,BOVESPA,1794,10,0.005574136008918618,0.03979770262546589,Green,0.0004878524940368154,0.03969129424875455,1
Chronos-Mini-A,BTC,1107,2,0.0018066847335140017,0.0007462012875126822,Green,0.001079701351403886,0.10280631264123391,1
Chronos-Mini-A,CBU0,976,28,0.028688524590163935,1.7193624769484828e-06,Yellow,0.0001766264628285894,0.00967605784239045,1
Chronos-Mini-A,DJCI,693,12,0.017316017316017316,0.07952006629122066,Yellow,0.00043580289255081196,0.022893699639959054,1
Chronos-Mini-A,ETH,762,0,0.0,9.090871049055593e-05,Green,0.0015100347157632253,0.15132914558138064,1
Chronos-Mini-A,EURUSD,1582,7,0.004424778761061947,0.012248976641545006,Green,0.00016171908564582073,0.014509218311257257,1
Chronos-Mini-A,FCHI,1856,1,0.0005387931034482759,5.7518323326455345e-08,Green,0.0005797847518673178,0.05722986279055789,1
Chronos-Mini-A,FTSE100,1833,26,0.014184397163120567,0.09027554520864756,Green,0.00038067678963010727,0.02632959580989387,1
Chronos-Mini-A,GBPUSD,1585,14,0.008832807570977918,0.6337277510884023,Green,0.0001927116861382858,0.014317359952717318,1
Chronos-Mini-A,GDAXI,1843,27,0.01465002712967987,0.06061051902246817,Green,0.0004547464023562456,0.0322409854795629,1
Chronos-Mini-A,GOLD,1770,18,0.010169491525423728,0.9430255792099995,Green,0.00043627795981079676,0.029717817713291565,1
Chronos-Mini-A,HSI,1784,22,0.01233183856502242,0.3395375912110068,Green,0.0005284500196161123,0.03583885990924792,1
Chronos-Mini-A,IBGL,1226,13,0.010603588907014683,0.8333996385166496,Green,0.0002467751017919427,0.021394935051400967,1
Chronos-Mini-A,ICLN,1185,11,0.009282700421940928,0.8016638096754556,Green,0.000538345433360083,0.043179798151589774,1
Chronos-Mini-A,NATGAS,1771,27,0.015245623941276116,0.03944703006413963,Green,0.0013793712768820716,0.10340631637992818,1
Chronos-Mini-A,NIFTY,1208,7,0.005794701986754967,0.11081403091403286,Green,0.0003078130022819917,0.024123792340518656,1
Chronos-Mini-A,NIKKEI,1772,20,0.011286681715575621,0.5937683130143729,Green,0.0004829235760944377,0.035412275774702004,1
Chronos-Mini-A,SP500,1824,20,0.010964912280701754,0.6833965025842679,Green,0.0004741531599768712,0.037258561358905984,1
Chronos-Mini-A,STOXX,1498,0,0.0,4.08051099576312e-08,Green,0.0004875836265464603,0.04832430781097338,1
Chronos-Mini-A,TLT,1631,22,0.0134886572654813,0.17878532279105386,Green,0.00030138220178345057,0.0255243156856327,1
Chronos-Mini-A,USDJPY,1888,15,0.007944915254237288,0.3519372215211136,Green,0.00019985771786726534,0.015587102810260302,1
Chronos-Mini-A,WTI,1772,25,0.014108352144469526,0.10165741991357535,Green,0.0013598524233439193,0.09315744477370673,1
