model,symbol,n_cal,n_test,qV,delta_cal,delta_test,S_raw_test,uMCB_in_test,uMCB_oos_test,S_raw_cal,uMCB_in_cal,improve_cal_qV,truncated
Chronos-Small,ASX200,4276,1833,0.026479514057737817,0.02600479832979411,0.026505443831934768,0.0029985664212519828,0.0025353847557673184,0.002535375277890225,0.0026404321488180888,0.002265828503775516,0.0022658336674620536,True
Chronos-Small,AUDUSD,3252,1395,0.021631863257192623,0.021566019607154523,0.013636097249159422,0.0017762818418232517,0.0015591780665219943,0.001521550388534699,0.0022712249996714442,0.0019189684394186222,0.001918966114954324,True
Chronos-Small,BOVESPA,4186,1794,0.0418381945086304,0.04131970058091216,0.03429011201189848,0.0037519491318614684,0.0030540277874821025,0.0030422160520193423,0.004674181946092378,0.004061039631113694,0.004060940887225906,True
Chronos-Small,BTC,2581,1107,0.10761549021774856,0.10589823440576743,0.0576394042534943,0.00586104513797183,0.005034260937245128,0.004681014944641544,0.009908829156412934,0.008377443208950865,0.00837693937659505,True
Chronos-Small,CBU0,2277,976,0.008038061683034886,0.007930087792791793,0.011131201122604914,0.001158499829408339,0.0010128523659129291,0.0009827773984492614,0.0008336072236147391,0.0006999770805986375,0.0006999414326687976,True
Chronos-Small,DJCI,1617,693,0.01857924247195986,0.01855997271076605,0.026346466425110144,0.0027641033397365596,0.002369769967097886,0.0023148878450690805,0.0023062859639008822,0.002030127312662153,0.002030131420635777,True
Chronos-Small,ETH,1776,762,0.12616460281247144,0.12320227428855648,0.08751486604870794,0.010438107107696255,0.00916753518003794,0.009039503162264225,0.010795829163618069,0.00909220249463004,0.009091359827056588,True
Chronos-Small,EURUSD,3689,1582,0.015414008109286406,0.014966968407953864,0.011379726896427462,0.001277966179458058,0.001122195543286934,0.0011028160439255077,0.0017159500570455065,0.0014174194223080202,0.0014174010304652581,True
Chronos-Small,FCHI,4330,1856,0.036039821760051584,0.03596238545458379,0.03603004061479488,0.0033374524706728708,0.0028170550706726892,0.002817057389478677,0.0036042702025624192,0.0030888035784858224,0.003088799896407107,True
Chronos-Small,FTSE100,4275,1833,0.030329217709992418,0.02971687968680323,0.03183319411721988,0.002591957587169616,0.0021325070219260856,0.0021308888533184815,0.0029716898024849583,0.00252535588322066,0.0025252596251659687,True
Chronos-Small,GBPUSD,3698,1585,0.015203177062875935,0.014902926051998538,0.012669260619811351,0.0014955882167032167,0.0012997069739322932,0.0012926123509907617,0.0015715949633330628,0.0013390187301865733,0.0013390026680774208,True
Chronos-Small,GDAXI,4299,1843,0.039583067493618763,0.03907865759011504,0.03647408503769775,0.0032760550903000113,0.0027716001194711876,0.002762875841963676,0.0038186540588770823,0.0032950339652315533,0.003295035138550705,True
Chronos-Small,GOLD,4127,1770,0.031126434335503515,0.031085223489160624,0.028050112817662357,0.0030717075665880737,0.0026108351753110328,0.0026060461169392997,0.0031274176239632105,0.0026949489042910496,0.00269495083090691,True
Chronos-Small,HSI,4160,1784,0.038906545780363636,0.03747232281815608,0.03250646700825653,0.003929869601362617,0.0033851138518605295,0.003375179948676775,0.003624712432134944,0.003081322503436171,0.0030812997681837354,True
Chronos-Small,IBGL,2860,1226,0.019096905566302277,0.01902627393818552,0.016762960333315802,0.00227222503775299,0.0020302623064079213,0.002028302909830285,0.0022300510372155902,0.0019222093577575545,0.0019222112367019515,True
Chronos-Small,ICLN,2762,1185,0.04212352727056173,0.04116511184933212,0.03455324867563496,0.004150148231161216,0.003650019361941966,0.0036305326520643996,0.004363989153391893,0.003673820251406821,0.0036736362314481893,True
Chronos-Small,NATGAS,4131,1771,0.07054923311252861,0.06928190492380078,0.10689898736026461,0.011748692349588337,0.01014829407922164,0.009867253600630267,0.0076668196081501345,0.006627290303397369,0.006627199050259128,True
Chronos-Small,NIFTY,2818,1208,0.0242198267630135,0.024166769992928123,0.02022746905147565,0.0026063345317976715,0.0022916282497432183,0.002284340864253466,0.0028688147459505937,0.002424845865854779,0.002424847482255519,True
Chronos-Small,NIKKEI,4134,1772,0.038378394714549076,0.03786842137566552,0.03266850921149746,0.003658194613931045,0.003118163277389376,0.003111218676504469,0.003925151316764228,0.0033331273909418344,0.003333142240077953,True
Chronos-Small,SP500,4254,1824,0.03116672240790403,0.030834904016704374,0.033759106476197426,0.003358276758005335,0.0028027024766454148,0.0027971711148816504,0.0029273147429106144,0.0024487770508760647,0.0024487731593900576,True
Chronos-Small,STOXX,3495,1498,0.034435598743315726,0.03423423383537691,0.028327967491947232,0.002794278267758395,0.0024208541197861372,0.0024078860341237808,0.0033657941990210623,0.0028514153189016767,0.002851405709098877,True
Chronos-Small,TLT,3803,1631,0.019462675096885023,0.01943273587264937,0.021588748479594227,0.00280335665888664,0.0024803726532240415,0.0024733439662322255,0.0023642224053058007,0.002097534476934333,0.002097534693987581,True
Chronos-Small,USDJPY,4403,1888,0.016733083111953113,0.01654467360859822,0.015588335326985923,0.0016055387795270587,0.0013873064694396085,0.0013857876750313467,0.0017932718474376285,0.0014951502400060326,0.0014951505113562115,True
Chronos-Small,WTI,4132,1772,0.05519727078867386,0.05493645670313345,0.07744086603475026,0.008232681353643604,0.006905433812166696,0.0067690909689097495,0.0061942794950484055,0.00538716414247873,0.005387162057598823,True
Chronos-Mini,ASX200,4276,1833,0.025212723744431523,0.02504537274849309,0.02527207514018888,0.0029493745872828975,0.0025013437186925964,0.002501322024510841,0.0028664011896518825,0.002502540863709638,0.002502532922615366,True
Chronos-Mini,AUDUSD,3252,1395,0.022505440541051823,0.021886995801188143,0.014236546196586005,0.002002355856549876,0.001787538061000704,0.0017450572518776563,0.0024609732707956138,0.0021117335717293108,0.0021117023493741954,True
Chronos-Mini,BOVESPA,4186,1794,0.043729029913938094,0.042485063807700556,0.03226172833641646,0.00393041603836951,0.0033369541296259624,0.0033005331468956185,0.005196860915641068,0.004585489389556515,0.0045853541670633595,True
Chronos-Mini,BTC,2581,1107,0.1093308046365461,0.10811152590532448,0.06043340858573835,0.006768946650937431,0.005930911705878989,0.005594007382848229,0.01038881783358806,0.00885734509601932,0.008857096686540947,True
Chronos-Mini,CBU0,2277,976,0.008317245147305714,0.008191296093535343,0.011420816483980287,0.0013800126898976285,0.0012360926169415825,0.001200664085456773,0.000916866593814984,0.0007831966130811801,0.0007831751571329587,True
Chronos-Mini,DJCI,1617,693,0.019775894804161705,0.01917754886988478,0.027358731000714256,0.0029881914012385453,0.002597318166523708,0.0025499016968922954,0.002607937876149656,0.0023307563903630572,0.0023306955810614696,True
Chronos-Mini,ETH,1776,762,0.1312263188759762,0.12827076772057877,0.08896015263166046,0.011597382618007133,0.010319700029674549,0.010171646197451211,0.011934976791621256,0.010215125109746483,0.010215446181661316,True
Chronos-Mini,EURUSD,3689,1582,0.01622539326522643,0.015936599324018565,0.011333695112621606,0.0014158411392104985,0.0012615374600101726,0.0012376353755752993,0.0019107742821248563,0.0016103570896473997,0.0016103014004783165,True
Chronos-Mini,FCHI,4330,1856,0.0378795796003128,0.03733456858722773,0.036147675141508066,0.003390492179384547,0.0028666807172597892,0.0028651163133854023,0.003961937678530816,0.003444996302048872,0.00344497013696069,True
Chronos-Mini,FTSE100,4275,1833,0.030749208822588116,0.030627412804709507,0.0320625982971067,0.0027703850280562975,0.00230951270561695,0.0023079463924674483,0.0032097353969323546,0.0027644233027100088,0.0027644283396614272,True
Chronos-Mini,GBPUSD,3698,1585,0.015332036362671955,0.015043326834443538,0.013246102974761231,0.0016572326386459502,0.0014617808560077731,0.0014564432836402044,0.001761073235346873,0.0015341199109065288,0.001534065712227344,True
Chronos-Mini,GDAXI,4299,1843,0.0411064567169019,0.041022124863114684,0.03672627293252212,0.0034445298932109067,0.0029404482433104135,0.0029284266591731397,0.004097659432697762,0.0035732615624447153,0.0035732617586109253,True
Chronos-Mini,GOLD,4127,1770,0.03167960736979117,0.03166706475246946,0.027881524581140574,0.00329443370972418,0.002838004934897252,0.002832550391938797,0.003427158288086076,0.002989033417765547,0.002989034000595691,True
Chronos-Mini,HSI,4160,1784,0.03768070967099364,0.03729270754522808,0.034961433918550694,0.0044689435091856905,0.003934055670061455,0.0039309067520949285,0.003947117529237043,0.003414392484232036,0.0034143561062931916,True
Chronos-Mini,IBGL,2860,1226,0.019918195424019333,0.019792742893156204,0.018859183400358984,0.002611059916818382,0.002365825417139882,0.0023657250332831063,0.0024131519493085078,0.002105857729349055,0.0021058353000504575,True
Chronos-Mini,ICLN,2762,1185,0.042703255140236755,0.04205005378617409,0.03575302473369391,0.004805301895607216,0.004300237443887906,0.0042875965737179285,0.0048129791233018065,0.0041454180171367,0.004145327531845885,True
Chronos-Mini,NATGAS,4131,1771,0.07638513391380006,0.07597413515784573,0.11069457512881589,0.013211691226989503,0.011615426069364023,0.01137224793799759,0.009321899604953185,0.00827770875690835,0.008277681679354975,True
Chronos-Mini,NIFTY,2818,1208,0.02596414856642934,0.025757301442191356,0.01961215304432757,0.002563765923546438,0.0022543984735418315,0.0022372731918704624,0.0031671309870040945,0.0027196047164905496,0.0027196026763846833,True
Chronos-Mini,NIKKEI,4134,1772,0.039270611287087094,0.039003303422478146,0.03341716824463543,0.004008281188841667,0.0034715876843563693,0.003465360055847109,0.0043855454779652865,0.003788059181554884,0.003788039766108169,True
Chronos-Mini,SP500,4254,1824,0.03242629503592577,0.03158341412972625,0.03206897561420139,0.0031881215226645006,0.002727267762357023,0.0027273744835538656,0.0031517130907900972,0.002673464813710781,0.0026733754404208126,True
Chronos-Mini,STOXX,3495,1498,0.03590803355319631,0.03540205928987861,0.029168509959421662,0.002829666825445875,0.002451220819943957,0.0024334259785546166,0.0035417866838550636,0.0030318049261028926,0.0030317090884991087,True
Chronos-Mini,TLT,3803,1631,0.020034603633416286,0.019850725353535045,0.023306735226726584,0.00329514135028657,0.0029452052382990396,0.002928657542458658,0.0026378220437699453,0.0023685718742303685,0.002368571211255897,True
Chronos-Mini,USDJPY,4403,1888,0.016922191158423323,0.016902358889531024,0.015915489343354603,0.0017009353631910707,0.001483905699348929,0.0014830404554357058,0.0020091336428636375,0.0017112216220138126,0.001711221923286125,True
Chronos-Mini,WTI,4132,1772,0.05598975664497916,0.0559436635290098,0.07596945794283151,0.00848047322867952,0.007178730137311315,0.007060254131290886,0.006775898136364774,0.0059843757165244545,0.0059843808355354005,True
Chronos-Small-A,ASX200,4276,1833,0.003845918964520627,0.0028752251048111696,0.006076734205839076,0.0004284438876844551,3.581571487266559e-05,3.2150325167016464e-05,0.0003232296094371546,9.475250307819122e-06,9.351594019979146e-06,False
Chronos-Small-A,AUDUSD,3252,1395,0.002155706157315064,0.001459639803658067,0.0010129853804817597,0.00021530080143468292,1.1315436769984949e-06,-1.6026027779191205e-07,0.0002787465864154458,3.013845760269985e-06,2.9661305888615272e-06,False
Chronos-Small-A,BOVESPA,4186,1794,0.0021501358812262214,0.0018784982674061087,0.005492694309103537,0.0005910997033302054,1.4354689679062834e-05,1.006067040045975e-05,0.0005347406266471568,2.3503556648171806e-06,2.340278965022179e-06,False
Chronos-Small-A,BTC,2581,1107,0.020070284894933316,0.01610064039342119,0.0032319330569454733,0.0008524012475761546,4.554129783245387e-06,-2.7567695994241666e-05,0.0015433826316318202,6.71232867476355e-05,6.59218539673398e-05,False
Chronos-Small-A,CBU0,2277,976,0.001103331311266104,0.0008698404745291324,-0.00011137764926398347,0.00014193509837911702,-2.7387946540307967e-08,-2.3347733860247587e-06,0.00012679778265988127,2.3149962124225645e-06,2.2861548606179253e-06,False
Chronos-Small-A,DJCI,1617,693,0.0006506499207054942,-0.00022009957519948648,0.005881555005153132,0.0003982071989602718,6.33176075007825e-05,1.4352465898684135e-05,0.0002749511307715969,2.26020250692488e-11,-6.840475356832167e-08,False
Chronos-Small-A,ETH,1776,762,0.015448460412274267,0.014978304980020885,0.02010011185376085,0.0014110886024538093,0.00015325630873659038,0.00014158485826566898,0.001637575537455679,2.4735489775834594e-05,2.463072825538838e-05,False
Chronos-Small-A,EURUSD,3689,1582,0.000545397199854001,0.00048660507801759643,0.0013361162849928878,0.00016000178680469502,3.6536021562817874e-06,2.370324181064147e-06,0.0002704020734937433,4.105643982751906e-07,4.011875389239774e-07,False
Chronos-Small-A,FCHI,4330,1856,0.004451636588376655,0.004270274769573434,0.007602933577113087,0.0005084423705521012,4.1532362218893546e-05,3.5368576169303434e-05,0.0004468192572095047,2.078523360974857e-05,2.0784376918487452e-05,False
Chronos-Small-A,FTSE100,4275,1833,0.004225387179171678,0.00392085662207931,0.007606896923898732,0.00044675118999214615,3.860821263394884e-05,3.019920488135506e-05,0.0003745628790501722,1.145241022321576e-05,1.142530736476105e-05,False
Chronos-Small-A,GBPUSD,3698,1585,0.001659002982161921,0.001463655904258044,0.001471952436290317,0.00019702552004027203,4.22323057779628e-06,4.230475675910938e-06,0.00020768008241178127,3.842574279010381e-06,3.839596563184758e-06,False
Chronos-Small-A,GDAXI,4299,1843,0.00422309155524905,0.004214831353033202,0.007202284643141453,0.000507131173329464,5.084179954398509e-05,4.029355120217749e-05,0.00045491196945260295,1.7751929743503093e-05,1.7751948957744077e-05,False
Chronos-Small-A,GOLD,4127,1770,0.0045436400998788845,0.0042914431477988685,0.0063683736227455705,0.0004766774928270535,4.045857640142805e-05,3.742274775716148e-05,0.00041611898761434544,1.0644186182483793e-05,1.0647242286877378e-05,False
Chronos-Small-A,HSI,4160,1784,0.004143814969417452,0.0037877146216085105,0.003180934228842983,0.0005263355687514224,8.38050752891028e-06,8.089442111117e-06,0.0004539205467854305,1.2547115394666872e-05,1.2503394731901488e-05,False
Chronos-Small-A,IBGL,2860,1226,0.002084084032555465,0.0019094409893401147,-0.0006527950515492547,0.0002418178594553855,4.2275659514797305e-07,-7.5017113271380424e-06,0.00030173163164982084,4.436222140080334e-06,4.4010503636552636e-06,False
Chronos-Small-A,ICLN,2762,1185,0.005015544869544072,0.0044324825051510865,-0.00040419230370558954,0.0004989006748824808,1.3190496797848682e-07,-1.6644870940847015e-05,0.0006116181404274308,1.2494619891016603e-05,1.2518278670659456e-05,False
Chronos-Small-A,NATGAS,4131,1771,0.0023954206756121865,0.0015092355243744326,0.012107042872934166,0.001513816665427357,2.3391963862233727e-05,7.155152667413225e-06,0.0009786776283536981,1.2227379526019624e-06,1.1626005442355158e-06,False
Chronos-Small-A,NIFTY,2818,1208,0.003081650219299778,0.0029975240404976258,-0.0014085346188727212,0.00029067165878294627,3.20924873803538e-06,-1.3594149980459278e-05,0.0004174626057611889,8.307955820077153e-06,8.328230223518464e-06,False
Chronos-Small-A,NIKKEI,4134,1772,0.004890873892952726,0.004524256622691135,0.0044769951861499905,0.0005139683236078278,1.5652817870952175e-05,1.571821631220769e-05,0.0005334725574921665,1.0255767784924535e-05,1.025070329707114e-05,False
Chronos-Small-A,SP500,4254,1824,0.004376283722726814,0.004283728038415311,0.006918989169586153,0.0005000372967452392,3.64317827173617e-05,3.2399461893053223e-05,0.00038539972962206077,1.5150079802657716e-05,1.515099393911923e-05,False
Chronos-Small-A,STOXX,3495,1498,0.007594880403519612,0.006950443755367562,0.0038376474021265903,0.0003461967408074502,1.2560613753877367e-05,3.5983697356562643e-06,0.00047129296418023836,3.774874900482994e-05,3.7681763760817415e-05,False
Chronos-Small-A,TLT,3803,1631,0.00022621526840174017,0.00022588666651714235,0.0005935333594632456,0.0003094446564574341,1.2099206805863023e-06,5.970674594367128e-07,0.00024405157568989477,1.2931693364263129e-07,1.2931582311155772e-07,False
Chronos-Small-A,USDJPY,4403,1888,0.0021122853365306126,0.002097743991538658,0.001986622994404974,0.00020580482178319233,6.672656324159862e-06,6.680643337430566e-06,0.00027036858508588154,3.6577028820452737e-06,3.659384075536715e-06,False
Chronos-Small-A,WTI,4132,1772,0.0031963453886280566,0.0030010003021561514,0.01304163626595782,0.0012257467272927473,3.2987507361215054e-05,1.628750022747926e-05,0.000728329203738255,7.330876538273116e-06,7.324092508029624e-06,False
Chronos-Mini-A,ASX200,4276,1833,0.0036376829439346975,0.0030941951587463044,0.005307694002490994,0.0004277147250111135,3.492911209567129e-05,3.064746056430075e-05,0.00032733173888918593,9.587229554200059e-06,9.548216748004863e-06,False
Chronos-Mini-A,AUDUSD,3252,1395,0.002369239674408788,0.0016712783526643092,0.0011482324708293066,0.0002170118180306183,9.947069779173547e-07,-3.9351762120897827e-07,0.00028112795999474634,3.295064412946441e-06,3.1979319086726564e-06,False
Chronos-Mini-A,BOVESPA,4186,1794,0.0022556641781728073,0.001798609219742347,0.004208854127640985,0.0005535195117809976,1.4643272090268233e-05,1.1460815142621292e-05,0.0005473751610541753,2.204794339538815e-06,2.1923715457323675e-06,False
Chronos-Mini-A,BTC,2581,1107,0.022660234281953892,0.02203701123814175,0.004560192989463235,0.0008488689087082947,1.3054804952085971e-05,-4.5543865377057333e-05,0.001583573267948116,8.940726908364177e-05,8.926752518466905e-05,False
Chronos-Mini-A,CBU0,2277,976,0.0012689598666917948,0.0010411500941846599,0.00010919332920978492,0.00014246446934903357,4.7140491587826855e-08,-2.695810374818289e-06,0.000129249958244686,3.971296608683408e-06,3.901277918152361e-06,False
Chronos-Mini-A,DJCI,1617,693,0.000602743654871573,0.0003483077267703082,0.006695638839607575,0.0004156111691752884,6.157242471670037e-05,1.25323676702747e-05,0.00027371305064082695,3.187941144740681e-07,3.11928263713472e-07,False
Chronos-Mini-A,ETH,1776,762,0.02024381809564252,0.01879059848626544,0.016986742681649843,0.0013607357392053019,0.00012832739897187693,0.00012422160666665798,0.0016432500491991202,4.127054778524939e-05,4.144359566491209e-05,False
Chronos-Mini-A,EURUSD,3689,1582,0.0010672704169671539,0.0007659464511715122,0.0013340963180745067,0.0001592363211588622,3.892330890770129e-06,3.7915045422415143e-06,0.0002747407156206269,7.394873730343261e-07,7.412320884001597e-07,False
Chronos-Mini-A,FCHI,4330,1856,0.005358854737111337,0.004980565762162927,0.007825019669471597,0.0005159289681910009,5.118279988343969e-05,4.2367836165617347e-05,0.00045672681019498393,2.07429702491283e-05,2.0732031890669336e-05,False
Chronos-Mini-A,FTSE100,4275,1833,0.005442284773195825,0.005178804892827682,0.006883730355000265,0.00043626529672061403,2.8511237741609655e-05,2.762581935739078e-05,0.0003837422738309862,1.7867234832222214e-05,1.788013465803495e-05,False
Chronos-Mini-A,GBPUSD,3698,1585,0.0016382880850899905,0.0013826127452153543,0.0015485160775648471,0.00019695223969643086,5.6075007098322954e-06,5.61599648341509e-06,0.00021068827401655145,5.097026533994534e-06,5.067247383598264e-06,False
Chronos-Mini-A,GDAXI,4299,1843,0.003594131286556477,0.0035753115159351248,0.006891637343010916,0.0005067215914461143,5.2576252160268285e-05,3.90752635949941e-05,0.00045155421927922586,1.3246599228414191e-05,1.3246643005503296e-05,False
Chronos-Mini-A,GOLD,4127,1770,0.005187211783346201,0.004937228743600967,0.007072370713462155,0.00048419522206181054,4.436915403639518e-05,4.154048963741477e-05,0.0004265062710891246,1.5889343674433797e-05,1.587423343506726e-05,False
Chronos-Mini-A,HSI,4160,1784,0.0044924925074615735,0.003718644026195087,0.003280144730475161,0.0005295284729263944,8.588984164898793e-06,8.065389875747597e-06,0.0004554024122206695,1.6051435575799332e-05,1.5961042607595666e-05,False
Chronos-Mini-A,IBGL,2860,1226,0.0027616017295510054,0.0026388946018818154,-0.0007851433389274793,0.00024168146750880033,6.655669147851166e-07,-7.769784265796971e-06,0.0003076710447001522,9.528696734390906e-06,9.505156750790663e-06,False
Chronos-Mini-A,ICLN,2762,1185,0.007537019656501498,0.00587618939387487,-0.0007331512736530021,0.0005084568839905861,4.1952002914201914e-07,-2.8274291146009978e-05,0.0006175076668470553,1.8450683699670596e-05,1.8478640706104865e-05,False
Chronos-Mini-A,NATGAS,4131,1771,0.002352531582193812,0.0013177316883140112,0.008053691816956926,0.0014927484276088347,1.650154426236731e-05,6.826722630507874e-06,0.000978874573036945,6.418509552103858e-07,5.923898937377353e-07,False
Chronos-Mini-A,NIFTY,2818,1208,0.002554074102295519,0.0023340721683057174,-0.0013647696871315134,0.0002885056595167825,1.610555032386567e-06,-9.582999097734887e-06,0.00041324910570532576,9.321783673807774e-06,9.324952253530105e-06,False
Chronos-Mini-A,NIKKEI,4134,1772,0.005024469764742016,0.004907749702982476,0.003589436265081876,0.0005027470396257805,1.0111533205424622e-05,1.015839245561837e-05,0.0005505680956433406,1.6382087161612353e-05,1.6397663877945807e-05,False
Chronos-Mini-A,SP500,4254,1824,0.0046837198213113725,0.004342986882122771,0.006043977821619984,0.0004810586170005011,3.597670739206713e-05,3.373533360807174e-05,0.0003988432154493057,2.082097287333328e-05,2.0785547639069562e-05,False
Chronos-Mini-A,STOXX,3495,1498,0.006915300897225217,0.0067294724291607905,0.004596488808812077,0.00035771276136702465,1.4292655722807329e-05,1.2146789583982929e-05,0.0004777296331286896,4.2487835029387936e-05,4.244605315294203e-05,False
Chronos-Mini-A,TLT,3803,1631,0.0005335758228173955,0.0004179403825924011,0.001111013686477116,0.00031261763606325215,1.1868523773010372e-06,9.42565359566324e-07,0.00024694109873819756,4.0234826884658287e-07,4.01918938642545e-07,False
Chronos-Mini-A,USDJPY,4403,1888,0.001989215099108982,0.0017047264248619372,0.0024797978553987715,0.0002094220016813364,9.646016027985019e-06,9.325399771130502e-06,0.00026842064839608927,3.089410399042614e-06,3.089085393463307e-06,False
Chronos-Mini-A,WTI,4132,1772,0.003732024682548997,0.003557254122185879,0.0141527273957016,0.0012376941026807852,3.232394683714396e-05,1.6995498542105936e-05,0.0007383938185054746,1.0759951090985424e-05,1.0747938554239288e-05,False
TimesFM-2.5,ASX200,4276,1833,0.0030173106139521275,0.0027845573491279566,0.004972301531140487,0.0004077137671436661,3.5689465961935584e-05,3.119039088056132e-05,0.0003310549300784474,1.11304834735098e-05,1.1100853542173083e-05,False
TimesFM-2.5,AUDUSD,3252,1395,0.00125264971162466,0.0010714875219539877,0.0001532950491174447,0.0002117851063662788,1.3361186142619693e-07,-2.039702749033728e-06,0.0002617562504223768,1.692549208005161e-06,1.7023423978717927e-06,False
TimesFM-2.5,BOVESPA,4186,1794,0.001406422295131337,0.0011654941036539348,0.006004810557883643,0.0005624750921960076,1.9967498767648243e-05,9.95860345351081e-06,0.0005376903481226825,9.78400142409878e-07,9.536710676684912e-07,False
TimesFM-2.5,BTC,2581,1107,0.01084113110710122,0.009958720091228921,-0.007463441588281391,0.0008447690209340735,8.512587026702546e-06,-5.963991436227069e-05,0.0015519318100238602,1.9032881687092032e-05,1.8760410473460604e-05,False
TimesFM-2.5,CBU0,2277,976,0.0005288025792504975,0.00030776237769842305,-0.00020339567010175435,0.00014030848123173877,-5.001532871350589e-08,-8.200416736102911e-07,0.0001252450646276434,3.301414389628556e-07,2.5601899047211015e-07,False
TimesFM-2.5,DJCI,1617,693,-0.00014606111117307016,-0.00042744649667741426,0.005852643336431244,0.00034618657612181856,3.8834750663677934e-05,-2.1224175894846565e-06,0.00028153104501650757,1.2168401819251818e-07,1.8754485821785962e-07,False
TimesFM-2.5,ETH,1776,762,0.007864329986406501,0.002491519982363674,-0.0013309056920392886,0.0012640287660756673,9.932139045959899e-07,-1.4287577328381913e-05,0.0016444390756820955,1.6124352562913065e-06,-3.05321677379752e-07,False
TimesFM-2.5,EURUSD,3689,1582,0.00020206050815201222,-0.00010387045893582307,0.0010218789441577222,0.00015866088318203055,2.515457747964884e-06,7.893387739440192e-07,0.00025257560054302796,-3.097248707723335e-09,1.1304539793946695e-09,False
TimesFM-2.5,FCHI,4330,1856,0.003789499406715524,0.003408962870209211,0.004290515629189358,0.0004695212672565705,1.066866707267474e-05,1.0378031756088117e-05,0.00045067400415191154,1.0791084983028277e-05,1.0773274787751256e-05,False
TimesFM-2.5,FTSE100,4275,1833,0.0029150162635849172,0.002861665663638005,0.0024764378116297826,0.00041525566821735206,7.007879229107281e-06,6.94574337249264e-06,0.000369243108153889,7.700776085029653e-06,7.692998435322328e-06,False
TimesFM-2.5,GBPUSD,3698,1585,0.0007174227982401343,0.0006986557557227089,0.0013373966567988467,0.00019912832026228926,5.088369518329959e-06,3.979048603768075e-06,0.00019761849276631779,8.490350139887836e-07,8.47806916805374e-07,False
TimesFM-2.5,GDAXI,4299,1843,0.0033285771536158554,0.002956500015742823,0.004540547128209675,0.000480593190123102,1.9334990293894984e-05,1.786051721987985e-05,0.0004379302377152186,8.51223574847409e-06,8.513101245421909e-06,False
TimesFM-2.5,GOLD,4127,1770,0.004476841542951925,0.0042837918929436065,0.005915112255187077,0.0004738964819669637,2.9913315641088417e-05,2.8192064829918144e-05,0.00042449247362563985,1.1460996406790656e-05,1.14798136195501e-05,False
TimesFM-2.5,HSI,4160,1784,0.0037844077598133893,0.003472237854113981,0.0019575176815292395,0.0005427779428998591,2.12114948080122e-06,1.2503154110271066e-06,0.00044830570904152723,1.3646816489719827e-05,1.3654362302698844e-05,False
TimesFM-2.5,IBGL,2860,1226,0.0016756609539582672,0.001647679926634826,0.0006089911029435735,0.0002485935115024566,4.867158364942016e-07,-7.346451798701512e-07,0.0003056515990417042,2.818895706204654e-06,2.822287011871119e-06,False
TimesFM-2.5,ICLN,2762,1185,0.005714076754184394,0.005176996019967359,-0.0044657690636633034,0.0005203892227824724,6.952240304021755e-06,-3.380514502636248e-05,0.0006008303348197356,1.6873399351305537e-05,1.6828257637475463e-05,False
TimesFM-2.5,NATGAS,4131,1771,-0.001606100079649446,-0.0019027445403834698,-0.00034408191102642887,0.0014692000461492595,-3.694484781123497e-08,-1.9603712409588334e-06,0.0009742858828717805,1.3445554116741374e-06,1.3335939540824867e-06,False
TimesFM-2.5,NIFTY,2818,1208,0.0018181311819527278,0.0014507043862277019,0.0002668640904274094,0.00031669001249739966,2.165766393819545e-07,-1.7469776433288748e-06,0.000391454469746994,2.9768464713037695e-06,2.9762375186655633e-06,False
TimesFM-2.5,NIKKEI,4134,1772,0.0032249850415792362,0.003047863724531122,0.0007312958330911474,0.0004866732036384497,1.4368969861359255e-06,-3.113735834299968e-06,0.0005237042817401106,5.5134405650721216e-06,5.5111637773773295e-06,False
TimesFM-2.5,SP500,4254,1824,0.0038626757775037605,0.003354850427362206,0.004802393057208487,0.0004664781511644117,1.9567644265957e-05,1.9136791993243395e-05,0.00037932895993169485,1.1671693470677303e-05,1.1622997681994397e-05,False
TimesFM-2.5,STOXX,3495,1498,0.00453320671640323,0.004049619875299291,0.0011293169065076593,0.0003621816007062883,1.968665928677685e-06,-6.7238834966817755e-06,0.00043957579016765125,1.4804550904522781e-05,1.4789609805872272e-05,False
TimesFM-2.5,TLT,3803,1631,-0.0001956285496963299,-0.00031144298052633926,-0.0019793912072076474,0.00031071312941385133,3.2110921806060644e-06,5.801535348857307e-07,0.00025071753098362926,6.255399416152645e-08,6.181229508019645e-08,False
TimesFM-2.5,USDJPY,4403,1888,0.0016330913189772922,0.0014979756537980627,0.0015847106923464025,0.00020647282626704878,4.3530254546878e-06,4.356100494516067e-06,0.00025672170003059974,2.010392209182547e-06,2.010618176146654e-06,False
TimesFM-2.5,WTI,4132,1772,0.002071789239251637,0.001976913778905427,0.009411877751644366,0.001173753470942296,2.648429615717974e-05,1.2826288998577092e-05,0.0007241968185032146,2.2818080776147243e-06,2.285361883762522e-06,False
Moirai-2.0,ASX200,4276,1833,0.003935408440419848,0.0036027798833919034,0.006759768074215253,0.00043099458899401407,5.029596774602541e-05,4.326254696022431e-05,0.000329295589585259,1.783015367911434e-05,1.777201287369261e-05,False
Moirai-2.0,AUDUSD,3252,1395,0.0021283272991483686,0.0018973718725943476,7.48025794957384e-05,0.00021277540252200158,3.3967925890620015e-08,-3.1444398052463487e-06,0.00027032437650875924,4.041953834891317e-06,4.075348718450848e-06,False
Moirai-2.0,BOVESPA,4186,1794,0.0030704200601404663,0.002920256347294432,0.0045107616777222215,0.0005721113796944056,1.7555240901860462e-05,1.6094504489035642e-05,0.000535765837574469,5.439645814174585e-06,5.44188104783887e-06,False
Moirai-2.0,BTC,2581,1107,0.03086718346836146,0.02811399747037159,0.005460404565495019,0.0008368798708476413,8.861228908282068e-06,-0.00012765903999745686,0.0016373438340603233,0.00014286013388377784,0.00014232999224027807,False
Moirai-2.0,CBU0,2277,976,0.0007356667742894089,0.0006241637501369044,-0.0005627119573219156,0.00014096471198574983,1.530993188466576e-06,-3.587883038542615e-06,0.00011928476644333532,1.5046199262003305e-06,1.5072506537335386e-06,False
Moirai-2.0,DJCI,1617,693,0.00040241421564874216,0.000396918689826601,0.006793490197690425,0.0003939873421951275,6.331743158656647e-05,7.5877709195365755e-06,0.00027992133970640356,5.86856793852457e-07,5.877624267443238e-07,False
Moirai-2.0,ETH,1776,762,0.028762700626101444,0.027628008782935913,0.017271030964521178,0.0013700752525741173,0.00013616845265270426,0.0001139780986403533,0.0017037479330239802,8.041217657162665e-05,8.047906893359825e-05,False
Moirai-2.0,EURUSD,3689,1582,-0.0002587385426591985,-0.0005519139537473548,0.000317038135811663,0.00015318243442382945,3.7087387237531204e-07,-8.898345555847522e-07,0.00025847799045649835,2.668440173622536e-07,2.1694817487632762e-07,False
Moirai-2.0,FCHI,4330,1856,0.004867359660431891,0.00453116719777338,0.008653346279487302,0.0005115132768719623,5.0993167488123025e-05,4.2685727517425415e-05,0.00044688084470864757,2.109504200334812e-05,2.108811526625894e-05,False
Moirai-2.0,FTSE100,4275,1833,0.004528598507753327,0.004330919363892676,0.005525454731039045,0.00041173444306626757,2.2859386231638325e-05,2.206974617252757e-05,0.0003756615824032498,1.487851761573035e-05,1.4851539577792519e-05,False
Moirai-2.0,GBPUSD,3698,1585,0.0012567122513356677,0.001128954364748873,0.0008180289470782764,0.00018849371085616617,1.99597330112898e-06,1.612356300951292e-06,0.00019900090885852713,1.5619167827005305e-06,1.5501442213405826e-06,False
Moirai-2.0,GDAXI,4299,1843,0.0042619928202240545,0.0036211547035636814,0.00684424483638614,0.0005108870033908854,6.064434146193045e-05,5.06741525125434e-05,0.0004497438748618533,1.2424983977611225e-05,1.2426474645479719e-05,False
Moirai-2.0,GOLD,4127,1770,0.005199167326491502,0.004996940038007297,0.006990399157544972,0.0004995452096605464,5.4679280841797215e-05,5.149673092577368e-05,0.00042579909488062124,1.7165889508420997e-05,1.7160017391072203e-05,False
Moirai-2.0,HSI,4160,1784,0.003456417211721595,0.0034063947125083983,0.004483837805680256,0.0005492940540271123,1.2452552844984346e-05,1.1456012569195976e-05,0.00044651873208170686,1.705288091943401e-05,1.7050434768120764e-05,False
Moirai-2.0,IBGL,2860,1226,0.0031602306653665015,0.003095721368232233,-0.0006949968578733598,0.00024331966415959695,8.802043826304539e-07,-1.623297840901272e-05,0.00030864744971563637,1.0955525752801855e-05,1.0960617124706389e-05,False
Moirai-2.0,ICLN,2762,1185,0.006806847191972387,0.006129315227132443,-0.000669242806167294,0.0005074201594833831,2.2070819461026282e-07,-2.6823263355149358e-05,0.0006173855602007321,2.1814653790390307e-05,2.1883943892032345e-05,False
Moirai-2.0,NATGAS,4131,1771,-0.0005185650753418841,-0.001194208381179513,0.008086881405737654,0.0014882751578398812,2.074065910286386e-05,-2.720197374323158e-06,0.0009591280367319128,2.9024030795518803e-07,2.846826826949063e-07,False
Moirai-2.0,NIFTY,2818,1208,0.0021291334568381455,0.001962651018757734,0.001148737183186237,0.0003126789224825952,1.5139326893354025e-06,1.2151337925449084e-06,0.0004114735194461381,5.958824410926759e-06,5.953541415866623e-06,False
Moirai-2.0,NIKKEI,4134,1772,0.004345238496157287,0.00428401070624979,0.005559722609996806,0.0005024754774618913,2.7705681864175847e-05,2.6523196552562017e-05,0.0005213820208858956,1.638170679488574e-05,1.637865958778906e-05,False
Moirai-2.0,SP500,4254,1824,0.004562603474665597,0.004175751980799088,0.006890027670854606,0.000500655209247673,3.4168517521654114e-05,3.0935840536942675e-05,0.00037857629344684624,1.641163051882143e-05,1.6418391535790854e-05,False
Moirai-2.0,STOXX,3495,1498,0.007382639514707776,0.006953364034059257,0.003690252018173694,0.0003673600539151405,2.221363857386711e-05,1.6038099375016636e-05,0.0004576898545922902,3.9799659608769924e-05,3.977580539230735e-05,False
Moirai-2.0,TLT,3803,1631,5.313815850511994e-06,-4.213683632475523e-05,-0.0002141778819055909,0.0003027953515134145,-8.897463476084016e-08,-1.0099833928174304e-09,0.0002443007095055811,-4.702131941734973e-10,-4.191808450912729e-11,False
Moirai-2.0,USDJPY,4403,1888,0.0019161959271668007,0.001695746049306161,0.0030136235797993695,0.0002089923938967398,1.0981733456738157e-05,8.886835978456323e-06,0.0002660575542203426,3.6382945663904123e-06,3.6370142467765753e-06,False
Moirai-2.0,WTI,4132,1772,0.0022702965364315986,0.00192271584768689,0.019293181340281733,0.0012307866904732795,6.395030451884689e-05,1.6368042689209918e-05,0.0007169503892984098,1.917281095617095e-06,1.9519668491059126e-06,False
Moirai-1.1,ASX200,4276,1833,0.0019394000908385736,0.001566463802174416,0.004139675776822188,0.00042538035571612,2.125318031176432e-05,1.611956511688139e-05,0.00032504756501382817,3.1212306134597786e-06,3.0693551123394574e-06,False
Moirai-1.1,AUDUSD,3252,1395,0.0006695114135569936,0.00044815252338754706,-0.0014219277906238749,0.00022378350232358602,1.850978414235445e-06,-2.5105550311767006e-06,0.0002977999333798074,4.859710483006807e-07,4.58849379054993e-07,False
Moirai-1.1,BOVESPA,4186,1794,0.0029007167219524572,0.0026504510147980255,0.0025839734349855973,0.0006306065655741717,3.998782350256693e-06,4.0093757712254645e-06,0.000600236387907984,7.2703615687273e-06,7.249292581605182e-06,False
Moirai-1.1,BTC,2581,1107,0.022927631213099223,0.021112132534905972,0.009990084412428766,0.0009194967008788209,6.053264734789596e-05,3.111205534098594e-05,0.001597811112622993,9.431223983606923e-05,9.405442269013798e-05,False
Moirai-1.1,CBU0,2277,976,0.0017071349745451945,0.0013851102657890825,-0.0005411447423438742,0.00015404954827538024,5.479016500000984e-08,-6.402310156186782e-06,0.00014991244540032227,6.931353046407733e-06,6.8759192822947005e-06,False
Moirai-1.1,DJCI,1617,693,0.0013349086311602379,0.0010587373048165912,0.003338403057759951,0.00036279177795302297,2.564612293291926e-05,1.5090747166649127e-05,0.0003194129381956454,6.572631191426211e-07,7.312639902913413e-07,False
Moirai-1.1,ETH,1776,762,0.016029722725735635,0.013991793170512634,0.02066741846896899,0.0013556595244657945,0.00013371225139752283,0.00012509479024428133,0.0016564574066824122,4.413946882517671e-05,4.3882215796652545e-05,False
Moirai-1.1,EURUSD,3689,1582,-0.00016161325282183954,-0.0004097793026167735,0.0007232121870062689,0.00016497954902776153,1.6356255064140738e-06,-6.172054146311168e-07,0.0002971259397209733,1.2288131751768622e-07,8.279995875130333e-08,False
Moirai-1.1,FCHI,4330,1856,0.0032134817070712737,0.003206095459014186,0.007208623725325147,0.0005225425443299542,2.5602446624123647e-05,1.71529143426722e-05,0.00046892299206721286,8.38457684021346e-06,8.38509574218959e-06,False
Moirai-1.1,FTSE100,4275,1833,0.0034951155195795877,0.0032625828345389804,0.0028338301250501693,0.00041091147445521174,5.843087155282562e-06,5.603888785471619e-06,0.00038563506171483046,9.201286414154027e-06,9.198059889406506e-06,False
Moirai-1.1,GBPUSD,3698,1585,0.0005476772828920534,0.0003535309596167582,0.0009251863107256863,0.0002018137005753169,2.213289182451464e-06,1.45283717951534e-06,0.00021878596794955573,3.5966922623531516e-07,3.50015891153663e-07,False
Moirai-1.1,GDAXI,4299,1843,0.003247047533000473,0.003123943154721331,0.004851080284645357,0.0005075540966445021,2.1871725709247817e-05,1.942806364443829e-05,0.00048520302697211104,1.1532167677741616e-05,1.1532454033587715e-05,False
Moirai-1.1,GOLD,4127,1770,0.004428363482144128,0.0039995470591457204,0.007941271493213851,0.0005536284157860927,6.839629712421648e-05,5.585809055250212e-05,0.00045239059916940143,1.438591684400361e-05,1.4362045515955719e-05,False
Moirai-1.1,HSI,4160,1784,0.004184682313436862,0.004013793533248316,0.0016263985205456101,0.0005431372732660057,2.612563498443363e-06,-6.92511316728703e-06,0.0004702224132009594,1.612885980756376e-05,1.6139856146311536e-05,False
Moirai-1.1,IBGL,2860,1226,0.0021507646889076214,0.0020708239290092604,0.000527737458829604,0.00028089330264440254,7.382394184651071e-07,-2.715128944645194e-06,0.0003209715896599734,7.0918957421389674e-06,7.095539835556125e-06,False
Moirai-1.1,ICLN,2762,1185,0.004277296057696868,0.0033312908532805476,-0.0027869529882203377,0.0005550387535819144,6.4244975833112426e-06,-1.8231505185776738e-05,0.0006474721461908908,7.918939771647641e-06,7.746786515357824e-06,False
Moirai-1.1,NATGAS,4131,1771,0.0012214511354535773,0.0008147335360946162,0.01276094200792167,0.0016047176914908944,3.821534490309466e-05,6.407273319234373e-06,0.0010149951097104663,9.11485114817815e-07,8.828482864731927e-07,False
Moirai-1.1,NIFTY,2818,1208,0.0016620239980940192,0.001343120035225081,-0.0018677709402498807,0.0003006159318291033,3.1369039292720286e-06,-8.03681456815387e-06,0.00043297489654134613,1.1780442019129712e-06,1.1935655501473224e-06,False
Moirai-1.1,NIKKEI,4134,1772,0.006097342994932836,0.005978204067334501,0.003655180877697862,0.0004816905951167815,1.0826087570387595e-05,5.639046842706517e-06,0.0005888142736585872,2.4147292473939244e-05,2.414284513976026e-05,False
Moirai-1.1,SP500,4254,1824,0.003502250784425242,0.003133094166355744,0.0072062711078110546,0.000543384412527589,3.893501522426416e-05,2.9684120591657735e-05,0.00041992389028534306,8.705318768959002e-06,8.662842593176376e-06,False
Moirai-1.1,STOXX,3495,1498,0.005542742937445628,0.0053323299336102935,0.0017491488451644311,0.00036895017958447316,3.3994452743039863e-06,-8.052577697174152e-06,0.0004696168275155709,2.690192095958883e-05,2.686756894487659e-05,False
Moirai-1.1,TLT,3803,1631,0.0003764811378797108,0.00026411147630008545,-0.0012767013176311229,0.0003521166957647764,1.4944926094739874e-06,-9.287853023637479e-07,0.0002801556838666707,1.795529737846544e-07,1.7910329452289122e-07,False
Moirai-1.1,USDJPY,4403,1888,0.0011393032347210598,0.0010259352941218115,0.0010730525239607467,0.0002054205091815698,1.999696301057996e-06,2.0039071513181623e-06,0.00029077956866672413,2.356721170597648e-06,2.3560057126601787e-06,False
Moirai-1.1,WTI,4132,1772,0.001093754438919091,0.0007289854837187762,0.012821621639580314,0.0012943361240014132,5.085560824995283e-05,9.135500252817862e-06,0.0007586708760006749,1.443034627224976e-07,1.8831177497154097e-07,False
Lag-Llama,ASX200,4276,1833,0.007124247836627448,0.006927105702312791,0.009636136829648912,0.0004960437615424796,0.00011386379271866937,0.0001070522917652527,0.0004139567364544632,6.862223856804114e-05,6.858986053336362e-05,False
Lag-Llama,AUDUSD,3252,1395,0.005069993100678873,0.004934790998373498,0.003200737605496707,0.00025657764918076754,2.300424651830688e-05,1.9998555654893754e-05,0.0003588774318215421,4.371701201283851e-05,4.370207914275616e-05,False
Lag-Llama,BOVESPA,4186,1794,0.009859050827052546,0.009714636716574094,0.009868882989483302,0.000582262309562048,5.1526038110573055e-05,5.15257092757092e-05,0.0007353114750271352,9.899532428278937e-05,9.898212136562269e-05,False
Lag-Llama,BTC,2581,1107,0.03684647219935443,0.03612403019772374,0.01200046311497424,0.000999164470846819,5.7147965454439715e-05,-4.3062840652804924e-05,0.001886635999767674,0.000242076896127636,0.00024200950932464957,False
Lag-Llama,CBU0,2277,976,0.0024857182085719232,0.0024526864912279758,0.00371012671343441,0.00018952519894553424,2.5027086358017338e-05,2.2619323844685993e-05,0.00014718592989457912,1.691656114465384e-05,1.6918388966987542e-05,False
Lag-Llama,DJCI,1617,693,0.005236942707085015,0.004999243740452789,0.008249539508509006,0.0004752486519604297,0.00011366547756287292,0.00010531568766044408,0.00032999334490041324,2.5703648447449403e-05,2.570972070454813e-05,False
Lag-Llama,ETH,1776,762,0.039665284081128405,0.03150134139557038,0.02633127106633481,0.001630768895287238,0.00034329649712448143,0.00030550198892736113,0.002022047464366528,0.0001794536959008866,0.00017678473169827004,False
Lag-Llama,EURUSD,3689,1582,0.0032323802098128893,0.0031203998178717914,0.0032256252701264756,0.00019910417568668444,2.256882665063994e-05,2.2569595227848246e-05,0.00022572809164665147,1.4438959188871965e-05,1.442878791664323e-05,False
Lag-Llama,FCHI,4330,1856,0.011366232311129178,0.010997586540797574,0.010412418055257376,0.0005645461417277848,7.711546694314186e-05,7.722473716075586e-05,0.0006099328203403284,8.097113660521498e-05,8.098158731289996e-05,False
Lag-Llama,FTSE100,4275,1833,0.007876998044277224,0.007674124570547107,0.0062787663845707805,0.00045128809767661093,4.86862922880432e-05,4.820483237598453e-05,0.00047658452045913467,6.730692557515298e-05,6.729942782853046e-05,False
Lag-Llama,GBPUSD,3698,1585,0.003590903920353822,0.003308401653167916,0.003858383142321359,0.0002476847609466106,3.760447900237848e-05,3.733041762909016e-05,0.00024111133682840985,2.4441298470423038e-05,2.443520309512479e-05,False
Lag-Llama,GDAXI,4299,1843,0.011476128009957579,0.011372773703019106,0.010790680357767401,0.0005902657818391751,9.55686541569146e-05,9.553984252128923e-05,0.0006379959359292207,0.00011121619439595834,0.00011121643481072207,False
Lag-Llama,GOLD,4127,1770,0.009904797092721202,0.009562363386421404,0.012372289144547596,0.0006022874650218089,0.00011267112764561517,0.00010923570174741284,0.0005252919726004131,8.999956333160332e-05,9.001553295890545e-05,False
Lag-Llama,HSI,4160,1784,0.010445109658784396,0.009987285722703482,0.006654318838549849,0.0006014422765624004,4.4934483258324254e-05,4.151291759489845e-05,0.0005846926294174186,9.395794988497025e-05,9.39724562420834e-05,False
Lag-Llama,IBGL,2860,1226,0.005871659340550199,0.005641692428451935,0.004975951910125778,0.00032214396482712477,3.6727221553748616e-05,3.669046715532178e-05,0.0003573578384965101,4.6077899932083714e-05,4.6061852853493846e-05,False
Lag-Llama,ICLN,2762,1185,0.010926482324309653,0.010684249625191381,0.006100740301001429,0.0005752715645452635,2.336656895147039e-05,1.3302216372744458e-05,0.0007390255680907403,9.483330691239665e-05,9.484364507711212e-05,False
Lag-Llama,NATGAS,4131,1771,0.017042094857963038,0.016639761922777087,0.02172268872604677,0.0016334267402598043,0.00016343097747967337,0.00015899540701301866,0.0011692270679288976,9.224683605828861e-05,9.227958742269384e-05,False
Lag-Llama,NIFTY,2818,1208,0.006109485689649412,0.005928407005561425,0.006404476420128105,0.00037203985596798313,5.375057062818184e-05,5.334706973683331e-05,0.0004920279355063042,4.4712967479876894e-05,4.470242922690584e-05,False
Lag-Llama,NIKKEI,4134,1772,0.011381577724163951,0.011083443573712572,0.0085327929054922,0.0005422182112714176,7.898168605148227e-05,7.497993568094042e-05,0.0006757205358029045,9.082394479715769e-05,9.080495404990428e-05,False
Lag-Llama,SP500,4254,1824,0.008219084752491997,0.007747898476037404,0.008147254817508307,0.0005114043508825965,5.393332532267243e-05,5.396325446224904e-05,0.0005326814423276439,7.664527110423267e-05,7.665991858927466e-05,False
Lag-Llama,STOXX,3495,1498,0.012709359384210278,0.011153717059746377,0.004673873960762989,0.00037564077278498927,3.715053037386875e-05,1.4532692984352941e-05,0.000613259008221562,0.00011112603528396685,0.00011107602708183557,False
Lag-Llama,TLT,3803,1631,0.00457032730886478,0.004466709270625755,0.0054178536651355936,0.0003474735387158827,3.113602496310729e-05,3.045260270618524e-05,0.0003061394867833478,3.790306561840312e-05,3.790287948107437e-05,False
Lag-Llama,USDJPY,4403,1888,0.00480167730304349,0.004775172915253606,0.004426822448731578,0.0002477963984765766,2.7811896561278108e-05,2.783572208167926e-05,0.000274506338444645,3.669826680938721e-05,3.669875974271627e-05,False
Lag-Llama,WTI,4132,1772,0.01690681812634271,0.016166443743460757,0.023032482071002013,0.00137316083755946,0.00014860303708208304,0.0001395718867619757,0.0009400971248243173,0.00011596162933588216,0.00011596550377765251,False
GJR-GARCH,ASX200,4459,1912,0.0023498679691079313,0.0020941386857637103,0.006092326511716519,0.00037674337146117244,5.827579479807723e-05,3.678040707682286e-05,0.0002913527945946991,1.0084604878534786e-05,1.0053550859254851e-05,False
GJR-GARCH,AUDUSD,3436,1473,0.0031405232637390645,0.0028287195023060678,0.0007569744759424388,0.00020763129879871603,1.8787718112171488e-06,-6.059769228848632e-06,0.0002646488676638999,1.1494654454666318e-05,1.1469064163770822e-05,False
GJR-GARCH,BOVESPA,4369,1873,0.00463888376866866,0.004249691619105231,0.00469921720735734,0.0004607256037776963,2.060199693837547e-05,2.0568428597042456e-05,0.000535880524070959,1.1271232913598979e-05,1.1277759411840779e-05,False
GJR-GARCH,BTC,2765,1185,0.02782738913654375,0.02477829818453366,0.00932638024044146,0.0008869048987236103,6.92074934907017e-05,-1.2057919279035052e-05,0.0017123451815148048,0.00015129686944570639,0.0001506862118880541,False
GJR-GARCH,CBU0,2460,1055,0.001076773895041262,0.0009940868743521375,0.0004111888533475129,0.00013553508751799065,7.394989094462886e-07,-5.2179435183378553e-08,0.0001256944726357005,3.4225410268065755e-06,3.410779520644536e-06,False
GJR-GARCH,DJCI,1800,772,0.003419159238360104,0.003292295774203498,0.0038649440820027656,0.00031218034523092117,2.9375472988626614e-05,2.870921325818566e-05,0.00032913597690704163,1.281475326022968e-05,1.2814753260229626e-05,False
GJR-GARCH,ETH,1959,841,0.032819885376668675,0.02972389398818869,0.008520252611841353,0.0012752663542372306,3.382378793238892e-05,-9.609705305004988e-06,0.0017892174055283898,0.0001284227122051898,0.0001284802989127442,False
GJR-GARCH,EURUSD,3873,1660,0.0011164623700521854,0.0010911984999562468,0.0007187369139685013,0.00015197503074087203,1.6134981038026157e-06,1.6123532110225614e-06,0.0002183603734352119,2.2392922867516495e-06,2.240591759696507e-06,False
GJR-GARCH,FCHI,4513,1935,0.003517031199887166,0.003463607946089636,0.00643532789848528,0.00040688333688811487,3.3956234972553755e-05,2.8179490907356245e-05,0.00042345606911859947,1.282111760171346e-05,1.2821327956418524e-05,False
GJR-GARCH,FTSE100,4459,1911,0.0041584880305319885,0.004016376533024734,0.004758024160462392,0.0003623223105408197,2.615444457661041e-05,2.5634744010891435e-05,0.00034727531534526875,1.9461917460452088e-05,1.9451580413998954e-05,False
GJR-GARCH,GBPUSD,3881,1664,0.0017210491405558106,0.001509359351927218,0.001925636319531011,0.00019956575599683161,1.2174247772843416e-05,1.1774219516326543e-05,0.0001991707417844592,5.2005342616442474e-06,5.1671289895110345e-06,False
GJR-GARCH,GDAXI,4482,1922,0.003801421969476689,0.00360925285879366,0.007303086262222578,0.00044591940818989,5.388356258871667e-05,4.071152070585704e-05,0.00042989335007953647,1.5431885389507582e-05,1.5422605105618135e-05,False
GJR-GARCH,GOLD,4311,1848,0.005932211168241223,0.005897467074987832,0.006587907405086389,0.0004387242140317406,3.624954031870186e-05,3.5713280315087916e-05,0.00042370904704602005,2.6101857351396582e-05,2.610849059787705e-05,False
GJR-GARCH,HSI,4344,1862,0.004796309565254151,0.004005991430015338,0.0041162344356335265,0.000521932464290473,1.3278520402986577e-05,1.3128585930832228e-05,0.0004301882498740389,1.907824007845051e-05,1.900644278833699e-05,False
GJR-GARCH,IBGL,3043,1305,0.004268015567643443,0.004068607739648789,0.0010873765621927983,0.0002295214015522636,1.0574518985412382e-06,-1.2163836458348724e-05,0.00033490134108711675,2.3646589821092626e-05,2.3668898906145175e-05,False
GJR-GARCH,ICLN,2946,1263,0.005918422828751491,0.005710854755827513,0.0011027981787455332,0.0005253345363867735,1.0159952625582837e-06,-1.0492704407041994e-05,0.0005637810808955478,3.920159482143743e-05,3.9208575599478015e-05,False
GJR-GARCH,NATGAS,4314,1850,0.005262514799031073,0.005138564350191303,0.006147159059903781,0.0013584911543344034,1.3557530582311355e-05,1.3158253719555875e-05,0.000940678221456249,1.0470043407211473e-05,1.049278539474736e-05,False
GJR-GARCH,NIFTY,3001,1287,0.003519682835008038,0.003466173132044975,0.0025798027526089187,0.0003174345924063322,6.8364680873097715e-06,6.931405469370216e-06,0.0003888019851244293,1.5722967150451437e-05,1.57227888442103e-05,False
GJR-GARCH,NIKKEI,4317,1851,0.004965823717461829,0.0049364476663701935,0.005294137094103483,0.00048417810650420735,3.137819049941966e-05,3.1291278800578783e-05,0.0004956429339713792,2.1563933120734595e-05,2.1567618809811178e-05,False
GJR-GARCH,SP500,4438,1902,0.0036279778138180174,0.003501614014541789,0.006171891946197761,0.00042460944534383933,3.963022152455968e-05,3.299386331635405e-05,0.00034963192973242537,2.3966593339244213e-05,2.3957707642318076e-05,False
GJR-GARCH,STOXX,3678,1577,0.0034093647142248475,0.0031818113643329073,0.0059649158228932755,0.0004002103992232625,3.691893078589068e-05,2.9790235855934146e-05,0.00035204355861764077,1.469492558198171e-05,1.4663009176583855e-05,False
GJR-GARCH,TLT,3987,1709,0.0009471048465511805,0.0007809584935276011,0.0009574245214871919,0.0002745968529606929,1.8232564221426603e-06,1.8177614518724615e-06,0.00023805761043751042,1.098132332295128e-06,1.0975477642519323e-06,False
GJR-GARCH,USDJPY,4587,1966,0.0024667896750301364,0.002197855349046431,0.0018567258233831944,0.00020019281549164998,4.345228050376678e-06,4.099479134357924e-06,0.0002509273147569325,5.329870004622478e-06,5.2916424438081e-06,False
GJR-GARCH,WTI,4316,1850,0.007291047283296909,0.006754719009657034,0.019106528950731665,0.0011821682368957783,8.758549440539016e-05,5.9322823199011235e-05,0.0007482617972856542,2.7820589706202613e-05,2.7801023164993727e-05,False
GJR-GARCH-t,ASX200,4459,1912,0.0019765829117778418,0.0017743490953963078,0.0052813643501477495,0.0003640631960856425,4.180510906544549e-05,2.5213799861007347e-05,0.0002907167030549323,7.0204354772777705e-06,7.028519627929621e-06,False
GJR-GARCH-t,AUDUSD,3436,1473,0.002166773901964245,0.0021012322826864634,2.952512803685076e-05,0.0002062119634072779,5.411937929348859e-09,-5.071424637617108e-06,0.000260149387764391,7.831048321054704e-06,7.82487294690668e-06,False
GJR-GARCH-t,BOVESPA,4369,1873,0.0032545857245878454,0.0028925664277426565,0.004008783103538771,0.00045951240768505436,1.305765811462239e-05,1.1776234738579883e-05,0.000528141743443836,5.980659061962279e-06,5.942218180139528e-06,False
GJR-GARCH-t,BTC,2765,1185,0.017441646517076012,0.016835077009472323,0.00035278972319899656,0.0008725908206157374,3.3999780661231674e-07,-6.970020421727895e-05,0.001622747139064842,6.038293886721064e-05,6.041678356271947e-05,False
GJR-GARCH-t,CBU0,2460,1055,0.0010989690774723705,0.0009758761143165029,-2.1139233710924967e-05,0.00013567583856098452,8.494988210132814e-09,-4.013496466720928e-06,0.00014633534176709364,3.2367238416831467e-06,3.2107509365177393e-06,False
GJR-GARCH-t,DJCI,1800,772,0.002017908865858283,0.001984859289627773,0.0033244485517530766,0.0003055770554107137,1.8639280331700814e-05,1.4044960199800912e-05,0.000319289685961183,2.685299530103024e-06,2.685299530103024e-06,False
GJR-GARCH-t,ETH,1959,841,0.014826646222214773,0.010734111889309943,-0.007705069616576259,0.0012525040325666581,1.7862050926110117e-05,-5.3246603084631996e-05,0.0017278619427667338,1.7289144259143886e-05,1.653094659946814e-05,False
GJR-GARCH-t,EURUSD,3873,1660,0.0005438647763226405,0.0005192035083313105,0.0005876808877790912,0.000151692457057395,7.693693098425464e-07,7.58811210696417e-07,0.0002156163532175117,5.157563061461326e-07,5.160203897611074e-07,False
GJR-GARCH-t,FCHI,4513,1935,0.0033037195261292895,0.003201058666910486,0.0034778411382770757,0.00038536311925967023,1.1505629361778763e-05,1.1447138897749789e-05,0.00042534298701068563,7.967985498146955e-06,7.968813760082392e-06,False
GJR-GARCH-t,FTSE100,4459,1911,0.003317071172390513,0.0032069320649118008,0.0026717563377455095,0.0003389172027122225,6.292967021913961e-06,6.043148798338027e-06,0.000341120337516515,1.3377371963120208e-05,1.3365754982740054e-05,False
GJR-GARCH-t,GBPUSD,3881,1664,0.0011848089742299926,0.0008376976820684298,0.0013880843963771157,0.00019254872812238816,4.7053238287554265e-06,4.467365069868619e-06,0.00019485224245629828,1.5516716570540025e-06,1.5045617019284504e-06,False
GJR-GARCH-t,GDAXI,4482,1922,0.001893490268604173,0.0018584629511407735,0.004681855959365499,0.00041905464521195166,2.3255830043388155e-05,1.4632769437884004e-05,0.0004242413490457469,4.941183094490963e-06,4.938099938776397e-06,False
GJR-GARCH-t,GOLD,4311,1848,0.0038991280252561496,0.003600039510382307,0.0035797159916955926,0.00041224254843982275,7.159544466255302e-06,7.249422311196617e-06,0.00041510900693645373,1.0566294881688776e-05,1.0558876162086814e-05,False
GJR-GARCH-t,HSI,4344,1862,0.002447171820502702,0.0018120171767710698,0.0012019792477563729,0.0005064979782981808,2.303536433396233e-06,1.240052695081163e-06,0.00041331780858939446,3.5069606485937303e-06,3.4643840751194793e-06,False
GJR-GARCH-t,IBGL,3043,1305,0.0025695289378755842,0.0025008508344284246,0.0010164551684635362,0.00023541045295930006,1.155807086221475e-06,-2.2946951659559025e-06,0.00031954428994438984,8.955995677875108e-06,8.953486423734103e-06,False
GJR-GARCH-t,ICLN,2946,1263,0.004175633464991169,0.0038663289987943407,-0.003539512846469334,0.0005456846542149861,4.6249500259127035e-06,-1.2001226823371266e-05,0.0005550100071017473,1.7917653658055632e-05,1.795745711703951e-05,False
GJR-GARCH-t,NATGAS,4314,1850,-0.0007945926122202851,-0.0008593939095572697,-0.001042870182445897,0.0013463976858593526,2.8092073937869243e-07,2.1475476005990667e-07,0.0009252336169615411,4.859318703861332e-07,4.859048957304426e-07,False
GJR-GARCH-t,NIFTY,3001,1287,0.0026868092780667936,0.002645797297649785,0.001370744292553621,0.00030680903742730475,1.9686204942254235e-06,1.2596190363359542e-06,0.00037776722030243443,7.367838605398217e-06,7.367701944350612e-06,False
GJR-GARCH-t,NIKKEI,4317,1851,0.0028460945981779416,0.002769020919471929,0.002885699745015371,0.0004675998760468472,1.2556966169124245e-05,1.2546481824472462e-05,0.00048397487920529643,1.0277317377722624e-05,1.0282876346626689e-05,False
GJR-GARCH-t,SP500,4438,1902,0.0024391911893791307,0.0023615148406699806,0.005400279339152485,0.0004140365288541177,2.035986669258658e-05,1.4752756334926041e-05,0.0003326874051489304,8.042688390149668e-06,8.044878029244491e-06,False
GJR-GARCH-t,STOXX,3678,1577,0.002233632995342469,0.0021163462872611687,0.004174103148163897,0.0003751123134726696,1.7503280820340328e-05,1.254431806334234e-05,0.00034839808984842127,7.316628643560868e-06,7.297569715797943e-06,False
GJR-GARCH-t,TLT,3987,1709,0.0003706869539275206,0.00021278968893282015,0.0004433487107936854,0.0002731601164651399,5.221454179175412e-07,4.834548393638336e-07,0.00023722900298610918,9.793681758364084e-08,7.733307527790887e-08,False
GJR-GARCH-t,USDJPY,4587,1966,0.0006439491879882651,0.0006118473011198396,0.000518573865923316,0.00019999872468935736,4.946814825568268e-07,4.905408315349828e-07,0.000233261141145377,4.2325839667343534e-07,4.182263186475199e-07,False
GJR-GARCH-t,WTI,4316,1850,0.006037247767596891,0.0055479340153544825,0.012211692065595938,0.001066828258103799,4.4347046660221396e-05,3.246899627501747e-05,0.0007449464234380074,1.5723868915834397e-05,1.5706324651323066e-05,False
GARCH-N,ASX200,4459,1912,0.0027927869391912753,0.002596487529556885,0.006602026437638554,0.00038306573619475363,5.071104284973184e-05,3.8771985417387336e-05,0.0003113904472233813,1.1990866975333022e-05,1.1971964039278417e-05,False
GARCH-N,AUDUSD,3436,1473,0.003133816041032066,0.002737935073728412,0.0008543807196965164,0.00020429812225386968,1.8497531846516937e-06,-7.703674853579205e-06,0.000265772538603504,1.031555554936107e-05,1.0276569327841525e-05,False
GARCH-N,BOVESPA,4369,1873,0.0036149733502165646,0.00302754096426396,0.004249883715769085,0.0004801344691426242,1.6749077663504898e-05,1.585993962532336e-05,0.0005448116197541575,7.355977892011304e-06,7.285776051488475e-06,False
GARCH-N,BTC,2765,1185,0.026398994484491095,0.02493021629125425,0.008470947110550317,0.0008923009576224596,5.384833163775437e-05,-2.6534933451629185e-05,0.0016844475277531645,0.00012514845476881012,0.00012527806078200501,False
GARCH-N,CBU0,2460,1055,0.0008492526288492244,0.0007700831630480906,0.00016905477351380585,0.00013354111569858736,3.3582796436234337e-07,-6.856531769785937e-08,0.00012461908064106576,3.0562353946663167e-06,3.045873868977718e-06,False
GARCH-N,DJCI,1800,772,0.003635312486153683,0.0035859603575002213,0.0037603649841342125,0.00031761743145225773,2.6155043487980994e-05,2.5988631796491977e-05,0.0003332542674724078,9.371741320199822e-06,9.371741320199768e-06,False
GARCH-N,ETH,1959,841,0.032570986401738736,0.0316953172359303,0.013143334185856472,0.0013007291051956994,7.076192077334008e-05,2.1698750307916825e-05,0.0018592776201085954,0.00017066060063101345,0.00017059520774385267,False
GARCH-N,EURUSD,3873,1660,0.0011837784228271968,0.0010859470294930199,0.00035964140608451054,0.00014720491628718947,7.875851905554416e-07,-2.9340251251963123e-07,0.0002202761245825682,1.7503344199745296e-06,1.7542785036609397e-06,False
GARCH-N,FCHI,4513,1935,0.003620000666631741,0.0034537628797810293,0.008363635134050333,0.00046205644857787257,4.751055441473039e-05,3.1606648767156366e-05,0.0004355303524234463,1.4049572624121596e-05,1.4049180035379102e-05,False
GARCH-N,FTSE100,4459,1911,0.004196751455123993,0.004130690256468304,0.005278066751719558,0.0003798094899936718,3.1451727536190195e-05,3.0167945614599317e-05,0.0003656808014208165,1.983533057953765e-05,1.983644739361794e-05,False
GARCH-N,GBPUSD,3881,1664,0.0019806948548665958,0.0019150556046177204,0.0017533837332336588,0.00019682369713744632,1.0557276588322924e-05,1.0449425158711752e-05,0.00020050106032460234,5.262062509627728e-06,5.255451475399427e-06,False
GARCH-N,GDAXI,4482,1922,0.0036135898281409277,0.003521987985393357,0.007295431204860882,0.0004674317879890888,4.9435321810243455e-05,3.620245818951518e-05,0.00043628978792238356,1.6575052250209323e-05,1.6564733051867308e-05,False
GARCH-N,GOLD,4311,1848,0.0058154549334591965,0.005616148354272993,0.005365210024480591,0.0004304332000417437,2.812114215230922e-05,2.7717634670251974e-05,0.0004205519273560418,2.404299404408836e-05,2.4042849649722213e-05,False
GARCH-N,HSI,4344,1862,0.0044859965641476165,0.004426462979888454,0.004828443481627996,0.0005449275636653919,2.2528730808341968e-05,2.2458843682325548e-05,0.00043772537214825533,1.625328819415136e-05,1.6257394754615488e-05,False
GARCH-N,IBGL,3043,1305,0.0031866086808751484,0.002903235870794906,0.0008795863617123337,0.00022882559248993742,1.3827502274921038e-06,-5.376418301443313e-06,0.0003238680779534607,1.5901468966791692e-05,1.5876329468444397e-05,False
GARCH-N,ICLN,2946,1263,0.005742539727872711,0.005278924708926586,-0.0002483220695413196,0.0005366870088411188,-7.274676621575431e-08,-8.545669597263264e-06,0.0005589153727536618,3.1891820704001866e-05,3.183102139178934e-05,False
GARCH-N,NATGAS,4314,1850,0.004675567775722506,0.004630095723759007,0.0025484751945085778,0.0013434119622323007,2.3133152247407224e-06,1.8101530254790998e-06,0.0009420732676232903,7.413486512426e-06,7.418252317790606e-06,False
GARCH-N,NIFTY,3001,1287,0.00349813729733673,0.0032695059320545436,0.002075762904327237,0.00031977685428073526,7.637635707426324e-06,6.82013331502931e-06,0.0004044204733076521,1.6119422790021837e-05,1.611866093942111e-05,False
GARCH-N,NIKKEI,4317,1851,0.004187573587972344,0.003785113073351726,0.006255678489142633,0.0005126901346843251,3.5266602720331974e-05,3.148466156247036e-05,0.0004997473732534341,1.4373635527109867e-05,1.4361244386351007e-05,False
GARCH-N,SP500,4438,1902,0.004796365698355258,0.004668704687066002,0.006685613250286655,0.0004188816618401219,2.7401689236864824e-05,2.5395106251386863e-05,0.000366301183852425,2.2844286124485975e-05,2.2850039139249716e-05,False
GARCH-N,STOXX,3678,1577,0.00490904978849957,0.0043349107293661916,0.004866310757188649,0.00041453122382307606,3.525084056618986e-05,3.5257073906203495e-05,0.0003772032592358724,2.245360214878935e-05,2.2486763734150684e-05,False
GARCH-N,TLT,3987,1709,0.0005017830808760303,0.00039677706376806804,0.0010429732805437822,0.00027559091614414284,1.5472335124075615e-06,1.1158693588419056e-06,0.0002360994386211722,1.6295904651210326e-07,1.4954989126578352e-07,False
GARCH-N,USDJPY,4587,1966,0.0022445027532049106,0.0020942025681744457,0.00261932825851727,0.0002042796385699066,4.238435960521612e-06,4.057499806900313e-06,0.00024984667172655455,5.367285271630853e-06,5.3636032619771385e-06,False
GARCH-N,WTI,4316,1850,0.005302661330921259,0.005287247737319592,0.01759928220958559,0.0011347460958048077,5.903032064046216e-05,4.180125190942729e-05,0.0007262989447546896,1.8526834223796425e-05,1.852772004569132e-05,False
Hist-Sim,ASX200,4459,1912,0.0026537138837206507,0.0023880245736532467,0.003063702217817219,0.000457880990959116,1.1297697595987497e-05,1.1109000036361462e-05,0.00034332498670963576,5.082273861329559e-06,5.103036189059462e-06,False
Hist-Sim,AUDUSD,3436,1473,0.003552092288656933,0.003505195339789091,9.499453820173222e-05,0.00022151142781300554,1.7412440810938602e-08,-6.682672245089552e-06,0.00032335082605180923,1.0563098059177586e-05,1.0565201087251374e-05,False
Hist-Sim,BOVESPA,4369,1873,0.004412965087114463,0.0036982197143803977,0.0029721236899108634,0.0006642411218491188,4.5558136705974245e-06,4.107649565981671e-06,0.0006030911995920295,8.149943522327372e-06,8.141363123392062e-06,False
Hist-Sim,BTC,2765,1185,0.014866964861652537,0.010959187632231077,0.0032877937707705383,0.0008978535932375994,5.706914283542066e-06,-2.4282398625233336e-05,0.0016574838815758427,1.6524917970556522e-05,1.6267913536146183e-05,False
Hist-Sim,CBU0,2460,1055,0.0014170611570848562,0.0013348631392234862,0.0011439297873917318,0.0001510854790883115,4.237676984830669e-06,3.812414313321427e-06,0.000139826542321986,5.858315729667939e-06,5.856745692105848e-06,False
Hist-Sim,DJCI,1800,772,0.0015082053758471367,0.001299573065792905,0.0044287578906364,0.00041584408707468336,3.4273230607132594e-05,1.544587897968526e-05,0.0003273275268593743,1.2460201777909647e-06,1.2460201777909647e-06,False
Hist-Sim,ETH,1959,841,0.006892131648959701,0.005698457276966029,0.012527719871771825,0.0013314389529404517,8.38029979061169e-05,6.529328790666998e-05,0.0017779467634317155,8.2480952212896e-06,8.018955644217883e-06,False
Hist-Sim,EURUSD,3873,1660,0.0011022546580559053,0.0009879139956880058,0.0011304173044157798,0.00015892545010359394,2.643720506188276e-06,2.6308972017284593e-06,0.0002736893890192161,2.0916317010196903e-06,2.0832222510023244e-06,False
Hist-Sim,FCHI,4513,1935,0.0035556210507943636,0.003519048243885206,0.0065988686653992564,0.0005441042599438031,2.421257778828772e-05,1.9265417506572472e-05,0.0004930536000925366,9.369849780115319e-06,9.369645347764605e-06,False
Hist-Sim,FTSE100,4459,1911,0.0036501061976578555,0.0035861027064243724,0.004253714611062449,0.0004572788921414387,1.5565676919115153e-05,1.528456154081581e-05,0.00041593815259175024,1.1196821839040932e-05,1.1192942103183047e-05,False
Hist-Sim,GBPUSD,3881,1664,0.0014181250780124811,0.0013678223772481545,0.0008244740359402299,0.0001970906582906689,3.5541675339606494e-06,3.3374605785695176e-06,0.00020647133208714314,3.1654772989041637e-06,3.167124621865201e-06,False
Hist-Sim,GDAXI,4482,1922,0.0027969278978324102,0.0027023021613064037,0.004682115235686806,0.000525898723475731,1.4739266539852414e-05,1.2044819968662205e-05,0.0004914289001930507,8.296440880157878e-06,8.295386957371867e-06,False
Hist-Sim,GOLD,4311,1848,0.002793970262474313,0.00265259843014217,0.004029193878896426,0.000450379906794771,1.4462931942513095e-05,1.2625118371167789e-05,0.00042675945286158284,4.5990577359362995e-06,4.604268776319789e-06,False
Hist-Sim,HSI,4344,1862,0.00345447585696345,0.0032586897291059904,0.003302481468919709,0.000549942492090992,4.92933081135973e-06,4.960350074225718e-06,0.0004944484475754257,1.3218865261764101e-05,1.3226453832440078e-05,False
Hist-Sim,IBGL,3043,1305,0.001706408970854726,0.0016149805180095747,0.0009317130575157043,0.00024134879144129464,1.5399495616122557e-06,1.081379009165278e-06,0.0003326401330393129,4.588858925280812e-06,4.576734829794403e-06,False
Hist-Sim,ICLN,2946,1263,0.0008834086325304746,0.0005649623879893421,-0.0011692390815819622,0.0005586609484945143,9.39293959125744e-07,-1.140107736361559e-06,0.0006868620067661319,4.5700631397878506e-07,4.203378660697565e-07,False
Hist-Sim,NATGAS,4314,1850,0.00402343753173303,0.003958406748691443,0.019452209704646378,0.0017675545051768255,9.915173989630635e-05,3.46597195239821e-05,0.001007683439447093,5.531744022310801e-06,5.530594676854319e-06,False
Hist-Sim,NIFTY,3001,1287,0.0030245018021237344,0.002949381134060125,0.0010239749077134307,0.00034017090926417875,2.4791800053364297e-06,-1.013956598163758e-06,0.000505242226994674,8.928157473460548e-06,8.927907154673365e-06,False
Hist-Sim,NIKKEI,4317,1851,0.005297441133603083,0.004457531181673366,0.0023838413584735263,0.0005509371564144775,5.678553993431813e-06,3.1504194117701204e-06,0.0005937238491827401,1.4903389333921035e-05,1.4885118763141862e-05,False
Hist-Sim,SP500,4438,1902,0.003282584740003286,0.0029946907223246865,0.005032824093652261,0.0005581691664894074,2.124235918526279e-05,1.792462990158391e-05,0.000428159323395871,7.742433736867367e-06,7.724263740133434e-06,False
Hist-Sim,STOXX,3678,1577,0.0047453718086177855,0.004628774040932635,0.005152572608974574,0.0005190351938644422,1.3557548562624015e-05,1.3250019329418515e-05,0.000430091643204004,1.5705504965300558e-05,1.570884831351689e-05,False
Hist-Sim,TLT,3987,1709,0.001177761413393718,0.000900414974741626,0.002562108116883618,0.00038231705122956363,5.326015492819317e-06,3.792789084848319e-06,0.0002523122356115821,1.514401626348538e-06,1.4634306220934808e-06,False
Hist-Sim,USDJPY,4587,1966,0.0019057896929830995,0.0015948964273782714,0.0025638194120051975,0.00022242834948559353,1.1775039139759957e-05,1.0753162656604559e-05,0.0002819888777209874,3.7813598900715843e-06,3.7736424247380193e-06,False
Hist-Sim,WTI,4316,1850,0.005291519530848131,0.005150069194436766,0.010752217820220225,0.0014301959372843799,1.746724018880999e-05,1.2077364744918825e-05,0.0007964473630895463,1.9716185802899785e-05,1.9711514966754408e-05,False
EWMA,ASX200,4459,1912,0.003311090851315531,0.0031861762018103113,0.007131591748631536,0.0004080230262613377,6.436096004070548e-05,4.942256312460161e-05,0.00030953586578985056,1.3345968933367299e-05,1.3342657707287621e-05,False
EWMA,AUDUSD,3436,1473,0.003053668090950385,0.0029035882032289054,0.001151890617265165,0.0002102939869447546,4.5297120274361675e-06,-9.004147276872728e-07,0.0002607924573355234,1.306865496668747e-05,1.3065658751971196e-05,False
EWMA,BOVESPA,4369,1873,0.0037767859375105114,0.0032875241099672072,0.004088151210447635,0.0004977460834383778,1.5446657807831332e-05,1.5280084277559272e-05,0.0005410389388670226,9.121314554061898e-06,9.047579397407747e-06,False
EWMA,BTC,2765,1185,0.03155091532396696,0.029019738472729532,0.00988150302150496,0.0008857531603039411,6.620517880019932e-05,-6.068805043092152e-05,0.001716497314571139,0.0001491427357234623,0.00014935621733068775,False
EWMA,CBU0,2460,1055,0.0009799736807461924,0.0009640346269407978,0.001370603797058888,0.00014346219394892326,4.251000035919493e-06,3.754537984091539e-06,0.00012315345397181533,3.370942646668354e-06,3.3731869598999505e-06,False
EWMA,DJCI,1800,772,0.0034671998769248216,0.003271362197847614,0.004027424566741204,0.0003071782859290014,2.3348457690972762e-05,2.2023136630852983e-05,0.00034027907190271243,1.3674624833353384e-05,1.3674624833353384e-05,False
EWMA,ETH,1959,841,0.03273146388932642,0.025947094467190658,0.02310076210380704,0.0013780673008461086,0.00012623629821731657,0.0001033206589182436,0.0018654269963278756,0.00016109848373623567,0.00015958904269045828,False
EWMA,EURUSD,3873,1660,0.0010678527689856696,0.0010066363718551415,0.001209786440183882,0.00015378987609016763,4.906567141997126e-06,4.780977395984993e-06,0.00022825769737351508,2.3888426730642805e-06,2.3880346798005943e-06,False
EWMA,FCHI,4513,1935,0.003930815459453039,0.0035530770488093645,0.009563888608998695,0.0005099357279484137,6.51486782222698e-05,4.617727322532182e-05,0.00042644269378399496,1.2256332852277735e-05,1.2248439222420338e-05,False
EWMA,FTSE100,4459,1911,0.00422610796102995,0.0039521111914575515,0.005820442992263413,0.00042310267533109407,4.0395537030395395e-05,3.4660224289944416e-05,0.0003589926773764593,2.1805523123646843e-05,2.180742287475918e-05,False
EWMA,GBPUSD,3881,1664,0.001980456303794875,0.001661353251778655,0.002335046503451097,0.00019784652092592458,1.140986901042941e-05,1.1241317135571055e-05,0.000193879385356394,6.053037172766768e-06,6.041954817997459e-06,False
EWMA,GDAXI,4482,1922,0.003546598963525615,0.003379020430606772,0.008763954097668072,0.0004994712595820013,6.29537575665501e-05,4.264469910095388e-05,0.0004257635157958755,1.2795695643921605e-05,1.2787784672371565e-05,False
EWMA,GOLD,4311,1848,0.005673754771417313,0.005610017302860373,0.004367153748408584,0.00044944929055280863,3.073392134997295e-05,2.9763524489539507e-05,0.0004240937407856982,2.6444218049273332e-05,2.64431776099315e-05,False
EWMA,HSI,4344,1862,0.004970558599874594,0.00491142505830422,0.004321802175344615,0.0005177003524323657,1.2918867152531639e-05,1.2436840236169163e-05,0.00044209776885652366,2.0450348701568795e-05,2.0449512403010884e-05,False
EWMA,IBGL,3043,1305,0.004392990445541459,0.0038050124219361167,0.0013540209000233734,0.00022796808075843878,3.2235046542850824e-06,-6.967758919708655e-06,0.00031274542176650704,2.0261990373405777e-05,2.0207786839315767e-05,False
EWMA,ICLN,2946,1263,0.006885284683635508,0.0057460687839473315,0.0023209852528023826,0.0005396999260363123,5.908679374297485e-06,1.0458713910695182e-06,0.0005737111936269174,3.483801863366127e-05,3.4737323428746854e-05,False
EWMA,NATGAS,4314,1850,0.0038817884617187437,0.003527543711357884,0.008515244818994336,0.0013635889933448365,1.0083632247028093e-05,5.970226975402556e-06,0.0008882131036051137,6.5813232649762805e-06,6.570839859179937e-06,False
EWMA,NIFTY,3001,1287,0.0035307230418005417,0.0034145247310398696,0.003045296951526842,0.00031393093272436836,9.429546491955456e-06,9.478579430366907e-06,0.00042399004563836793,1.734075828588625e-05,1.7340371087249925e-05,False
EWMA,NIKKEI,4317,1851,0.004682958622413108,0.004603081252870586,0.004331683549488022,0.0005061383576115209,2.7108858730166103e-05,2.7084139440630565e-05,0.0005110028675042927,2.1365480726843068e-05,2.1370610896159228e-05,False
EWMA,SP500,4438,1902,0.00425829752680423,0.004190165759842441,0.008131399459287224,0.00047888475957725657,5.235471803061338e-05,4.3387158291452736e-05,0.0003641004669198403,1.7216269621605986e-05,1.7224321359467123e-05,False
EWMA,STOXX,3678,1577,0.004924291270218574,0.004448259598593129,0.007650274959821751,0.0004796772255057223,6.311619429806147e-05,5.53045827930496e-05,0.00037679075507409434,2.759628781842801e-05,2.7498211819330346e-05,False
EWMA,TLT,3987,1709,0.000627982634151739,0.0005188393156938731,0.0011774346225370597,0.000290811673566273,4.177602232554689e-06,2.6140518553328116e-06,0.00023500054288401307,6.950898482975499e-07,6.75222266862443e-07,False
EWMA,USDJPY,4587,1966,0.0026037473688422155,0.0025427551785351353,0.0020278603523624012,0.00020160741517176198,6.893517233552189e-06,6.728771489055102e-06,0.0002541640453545502,8.356496963044934e-06,8.349066949180355e-06,False
EWMA,WTI,4316,1850,0.006093843303224489,0.0059158911659458364,0.016340423529060226,0.0011834812456054727,8.948658746438438e-05,6.364045102277469e-05,0.0007211198823309356,2.040663038578995e-05,2.042150914270647e-05,False
