asset,model,mult,pred_sd_ratio,implied_z,pi,kup,mono
SP500,GJR-GARCH,-2.965891924162132,0.881412666868337,-3.3649299989072756,0.004268593006074536,3.878078157493192e-07,1.0
SP500,GARCH-N,-2.1263032923944376,0.9140091712513623,-2.3263478740408408,0.022656378263011,0.0,1.0
STOXX,GJR-GARCH,-2.901254080393249,0.8622033983873068,-3.3649299989072756,0.004794246903715541,3.800102317585985e-05,1.0
STOXX,GARCH-N,-2.0893891761551617,0.8981413310838657,-2.3263478740408408,0.02317219336795845,1.2212453270876722e-15,1.0
GDAXI,GJR-GARCH,-3.003037153712846,0.8924515977117056,-3.3649299989072756,0.0035743298131600326,5.26582444315693e-09,1.0
GDAXI,GARCH-N,-2.1479717222792853,0.9233235262223625,-2.3263478740408408,0.021121039805036556,2.2870594307278225e-14,1.0
FCHI,GJR-GARCH,-2.9739589649225575,0.8838100542621445,-3.3649299989072756,0.004032908533634457,8.034884413365972e-08,1.0
FCHI,GARCH-N,-2.105993903944995,0.9052790115550976,-2.3263478740408408,0.01968059364413615,1.3309131574601452e-11,1.0
FTSE100,GJR-GARCH,-2.970045070558994,0.8826469113840358,-3.3649299989072756,0.004411043947067473,7.765412104454583e-07,1.0
FTSE100,GARCH-N,-2.1032842725997174,0.9041142539642343,-2.3263478740408408,0.02172847573925829,1.4432899320127035e-15,1.0
ICLN,GJR-GARCH,-3.1806770652007472,0.94524315995686,-3.3649299989072756,0.004797979797979798,0.0002514593939596521,1.0
ICLN,GARCH-N,-2.210110369687558,0.9500343411016259,-2.3263478740408408,0.01893939393939394,4.857812692105057e-07,1.0
NIKKEI,GJR-GARCH,-3.039385925076227,0.9032538347196626,-3.3649299989072756,0.004392633890859942,1.0746606219358412e-06,1.0
NIKKEI,GARCH-N,-2.1295434672112235,0.9154019873701131,-2.3263478740408408,0.019766852508869743,2.6703195210586728e-11,1.0
HSI,GJR-GARCH,-3.1031965637819114,0.9222172719163966,-3.3649299989072756,0.0031895249286553636,7.091323084296164e-10,1.0
HSI,GARCH-N,-2.1819106093708176,0.9379124393725614,-2.3263478740408408,0.018633540372670808,2.234404328227413e-09,1.0
BOVESPA,GJR-GARCH,-3.133007813560127,0.931076668631305,-3.3649299989072756,0.0030035040881027865,1.6398393754002427e-10,1.0
BOVESPA,GARCH-N,-2.199753716194229,0.9455824473806153,-2.3263478740408408,0.015184381778741865,0.00017885185128507786,1.0
NIFTY,GJR-GARCH,-3.0695327159073695,0.9122129485321141,-3.3649299989072756,0.0024758603614756128,8.797007122751666e-09,1.0
NIFTY,GARCH-N,-2.1564017927347234,0.926947262186148,-2.3263478740408408,0.020549641000247587,3.6564135053041014e-09,1.0
ASX200,GJR-GARCH,-3.081020313627014,0.9156268673130025,-3.3649299989072756,0.0035935968637700096,6.556015841319152e-09,1.0
ASX200,GARCH-N,-2.1705785373217585,0.9330412538652214,-2.3263478740408408,0.022051617118588697,3.3306690738754696e-16,1.0
CBU0,GJR-GARCH,-3.2151588456132147,0.9554905589885385,-3.3649299989072756,0.008573178199632579,0.40087348113342747,0.9988620199146515
CBU0,GARCH-N,-2.298528088171347,0.9880414334502899,-2.3263478740408408,0.016227801592161667,0.0010331749292886716,1.0
TLT,GJR-GARCH,-3.2817310693580524,0.9752746923186393,-3.3649299989072756,0.0012851110703139342,3.3306690738754696e-16,1.0
TLT,GARCH-N,-2.2857035590646415,0.982528702852338,-2.3263478740408408,0.011565999632825409,0.257052151710626,1.0
IBGL,GJR-GARCH,-3.278119097831444,0.9742012757757154,-3.3649299989072756,0.003659429129055867,2.7439426643072196e-06,1.0
IBGL,GARCH-N,-2.2428607613775204,0.9641123696094926,-2.3263478740408408,0.018541107587216395,9.011628068211763e-07,1.0
DJCI,GJR-GARCH,-3.188913803899022,0.947690978693342,-3.3649299989072756,0.0034438226431338786,0.00023798073973246847,1.0
DJCI,GARCH-N,-2.2260592426695185,0.9568900969238441,-2.3263478740408408,0.017649591046061126,0.0008250046624327378,1.0
GOLD,GJR-GARCH,-3.4030872649091437,1.0113396908744785,-3.3649299989072756,0.005076142131979695,2.637788303805344e-05,1.0
GOLD,GARCH-N,-2.3112132547562982,0.993494257908103,-2.3263478740408408,0.02148900169204738,1.3655743202889425e-14,1.0
WTI,GJR-GARCH,-3.1323962323033383,0.9308949170771902,-3.3649299989072756,0.004732127767449721,5.642501295644031e-06,1.0
WTI,GARCH-N,-2.200940161948906,0.9460924509651676,-2.3263478740408408,0.01875950650667568,1.555439888001331e-09,1.0
NATGAS,GJR-GARCH,-3.1380043512695353,0.9325615547094792,-3.3649299989072756,0.002366863905325444,1.3203882431866987e-12,1.0
NATGAS,GARCH-N,-2.2025363223736685,0.9467785738114425,-2.3263478740408408,0.013693998309382924,0.006857245522487676,1.0
BTC,GJR-GARCH,-3.299310324665323,0.9804989481911177,-3.3649299989072756,0.005133747635774115,0.0010305192109527628,1.0
BTC,GARCH-N,-2.1605170130655984,0.9287162239036949,-2.3263478740408408,0.022696568495001353,2.7844726524506314e-11,1.0
ETH,GJR-GARCH,-3.3436961062184043,0.99368964801771,-3.3649299989072756,0.004704037632301058,0.00271132983696476,1.0
ETH,GARCH-N,-2.213505119897867,0.9514936027400892,-2.3263478740408408,0.0199921599372795,7.994580316528221e-06,1.0
EURUSD,GJR-GARCH,-3.2214041579604924,0.9573465596629375,-3.3649299989072756,0.003028009084027252,2.2909334429499495e-09,1.0
EURUSD,GARCH-N,-2.2687704191082787,0.975249851677363,-2.3263478740408408,0.013626040878122634,0.012049829115623467,1.0
GBPUSD,GJR-GARCH,-3.221247463581102,0.9572999927568084,-3.3649299989072756,0.0039652567975830815,5.000012186506808e-07,1.0
GBPUSD,GARCH-N,-2.2548939397252736,0.9692849314958847,-2.3263478740408408,0.017938066465256797,1.7578727939948635e-07,1.0
USDJPY,GJR-GARCH,-3.2493286913473733,0.9656452563359588,-3.3649299989072756,0.005393401015228426,5.6065786147030394e-05,1.0
USDJPY,GARCH-N,-2.2409171938814803,0.96327691094154,-2.3263478740408408,0.01570431472081218,2.648212028966146e-05,1.0
AUDUSD,GJR-GARCH,-3.1661191398973565,0.9409167920062287,-3.3649299989072756,0.0034334763948497852,1.840155939847321e-07,1.0
AUDUSD,GARCH-N,-2.1762650524750518,0.9354856497428751,-2.3263478740408408,0.015236051502145923,0.0008528473126565572,1.0
