model,asset,method,gamma,violation,kupiec_p,christoffersen_p,zone,mean_var,var_path_vol
Chronos-Small,ASX200,Conformal static,0.05,0.010365521003818877,0.8757598217094379,0.04861949924728479,green,0.027220086750709818,0.0052726452268241734
Chronos-Small,ASX200,Conformal rolling $w{=}250$,0.05,0.009274413529732678,0.751949509243384,0.0014227531048543027,green,0.0319407565190874,0.005410472310593714
Chronos-Small,ASX200,ACI (first-half $\gamma$),0.05,0.0010911074740861974,9.913021330687595e-07,6.301905673223466e-06,green,0.08320135812999274,0.02082827063481692
Chronos-Small,AUDUSD,Conformal static,0.001,0.0007168458781362007,5.232900054811273e-06,3.11790221810445e-05,green,0.023225708212763336,0.0004359975194987527
Chronos-Small,AUDUSD,Conformal rolling $w{=}250$,0.001,0.007885304659498209,0.409778348917024,0.6523241124906419,green,0.018606953555314852,0.0006642628885841504
Chronos-Small,AUDUSD,ACI (first-half $\gamma$),0.001,0.0007168458781362007,5.232900054811273e-06,3.11790221810445e-05,green,0.053112417123489845,0.0010977507726183965
Chronos-Small,BOVESPA,Conformal static,0.05,0.007803790412486065,0.33088803308718684,0.0002832788812020966,green,0.04444548610984418,0.008013952880909374
Chronos-Small,BOVESPA,Conformal rolling $w{=}250$,0.05,0.00947603121516165,0.8219637326874112,0.032298662114921044,green,0.04916206391106707,0.008492787110738562
Chronos-Small,BOVESPA,ACI (first-half $\gamma$),0.05,0.0005574136008918618,1.0568259444343471e-07,7.272059420057529e-07,green,0.135809253363051,0.026031080195483915
Chronos-Small,BTC,Conformal static,0.001,0.0009033423667570009,8.59009964834329e-05,0.0004470726305930825,green,0.1133865077685847,0.0009888931957744475
Chronos-Small,BTC,Conformal rolling $w{=}250$,0.001,0.007226738934056007,0.3292522440224591,0.586134134474698,green,0.07254051326367679,0.0020081010412719264
Chronos-Small,BTC,ACI (first-half $\gamma$),0.001,0.0009033423667570009,8.59009964834329e-05,0.0004470726305930825,green,0.14970666614722103,0.002310726767465528
Chronos-Small,FCHI,Conformal static,0.05,0.010237068965517241,0.9185587125657224,0.047848985010188555,green,0.03735658398136486,0.0009753331519132462
Chronos-Small,FCHI,Conformal rolling $w{=}250$,0.05,0.009159482758620689,0.7120065114937537,3.857368586628562e-05,green,0.04050921489765364,0.001830993263741666
Chronos-Small,FCHI,ACI (first-half $\gamma$),0.05,0.0005387931034482759,5.751832327689228e-08,4.034662079061748e-07,green,0.09563086184529837,0.03798223703979723
Chronos-Small,CBU0,Conformal static,0.001,0.02971311475409836,5.534718215697922e-07,1.4805675551041658e-06,green,0.009596820732743547,0.0003802901981266712
Chronos-Small,CBU0,Conformal rolling $w{=}250$,0.001,0.006147540983606557,0.1927833966730602,0.4126066081007438,green,0.013154923167248788,0.0004014743047204936
Chronos-Small,CBU0,ACI (first-half $\gamma$),0.001,0.0010245901639344263,0.0003044859001862607,0.0014702479468309256,green,0.018570710687069916,0.0004023023060266024
Chronos-Small,DJCI,Conformal static,0.001,0.030303030303030304,1.518337482214555e-05,7.856287554383953e-05,red,0.02019713252305074,0.0006836204269734856
Chronos-Small,DJCI,Conformal rolling $w{=}250$,0.001,0.015873015873015872,0.15230893909471716,0.1342296167737081,yellow,0.0297521094169195,0.0009369464015781736
Chronos-Small,DJCI,ACI (first-half $\gamma$),0.001,0.001443001443001443,0.004577097564090387,0.017932481099500013,green,0.04887895314123721,0.0007572359375100839
Chronos-Small,ETH,Conformal static,0.001,0.003937007874015748,0.0552259083067376,0.15731591015155386,green,0.1330177097493617,0.001687070810149863
Chronos-Small,ETH,Conformal rolling $w{=}250$,0.001,0.013123359580052493,0.40831861205884046,0.20555926877683875,green,0.10620804489812165,0.0028772399843748978
Chronos-Small,ETH,ACI (first-half $\gamma$),0.001,0.0013123359580052493,0.002372546492816568,0.009857709299983449,green,0.15867613447836784,0.0019094703412752157
Chronos-Small,EURUSD,Conformal static,0.05,0.0025284450063211127,0.0003600025375741184,0.001704106100765702,green,0.016504071625557757,0.0002961804504934566
Chronos-Small,EURUSD,Conformal rolling $w{=}250$,0.05,0.008217446270543615,0.4621805271112076,0.6851714021448789,green,0.012954353434062564,0.0003918328396619845
Chronos-Small,EURUSD,ACI (first-half $\gamma$),0.05,0.0012642225031605564,1.011764542545212e-05,5.846553690029551e-05,green,0.022336316787390287,0.006442526939901334
Chronos-Small,FTSE100,Conformal static,0.001,0.011456628477905073,0.5401659942376459,0.05977156017742296,green,0.03182686482072091,0.0007483225350089815
Chronos-Small,FTSE100,Conformal rolling $w{=}250$,0.001,0.008183306055646482,0.41959790485917736,0.0004836756358055782,green,0.036382125665184416,0.0016370165097730485
Chronos-Small,FTSE100,ACI (first-half $\gamma$),0.001,0.0005455537370430987,7.208380453163594e-08,5.020856080033001e-07,green,0.11244412408511108,0.0018938082820796397
Chronos-Small,GBPUSD,Conformal static,0.05,0.0056782334384858045,0.059802583131664463,0.16156392385095836,green,0.016420214314950846,0.00039457670134877474
Chronos-Small,GBPUSD,Conformal rolling $w{=}250$,0.05,0.008832807570977918,0.6337277510885934,0.2506656757931953,green,0.015182199331954874,0.00046362098549207497
Chronos-Small,GBPUSD,ACI (first-half $\gamma$),0.05,0.0012618296529968455,9.84223596886485e-06,5.694482035383767e-05,green,0.034191322499053246,0.009590672636802498
Chronos-Small,GDAXI,Conformal static,0.001,0.005425935973955507,0.03067614254089579,0.0916220662946285,green,0.04115779198410037,0.0008422258181048573
Chronos-Small,GDAXI,Conformal rolling $w{=}250$,0.001,0.010309278350515464,0.8943749846942326,0.00011162972481365905,green,0.039785024953289734,0.0015708443099321202
Chronos-Small,GDAXI,ACI (first-half $\gamma$),0.001,0.0005425935973955507,6.5345934174585e-08,4.5655648965583106e-07,green,0.12684675021831454,0.0023391303040462916
Chronos-Small,GOLD,Conformal static,0.05,0.007909604519774011,0.35893888054701295,0.16694957711128777,yellow,0.03224496041196369,0.0006617844625630349
Chronos-Small,GOLD,Conformal rolling $w{=}250$,0.05,0.011864406779661017,0.44379668339050204,0.3831623243500182,green,0.03198636064019197,0.001035252556422787
Chronos-Small,GOLD,ACI (first-half $\gamma$),0.05,0.0005649717514124294,1.3372719065023198e-07,9.131847378580505e-07,green,0.08179998119710269,0.04283337192005901
Chronos-Small,HSI,Conformal static,0.05,0.006726457399103139,0.13959536506585826,0.0026881763406419253,green,0.04245961068775833,0.0009058917600176758
Chronos-Small,HSI,Conformal rolling $w{=}250$,0.05,0.010089686098654708,0.9696750750504843,0.0418987041344431,green,0.04392274168202311,0.0025583578382526073
Chronos-Small,HSI,ACI (first-half $\gamma$),0.05,0.0011210762331838565,1.563345704182102e-06,9.767265457093495e-06,green,0.10254283991571563,0.03945112817745346
Chronos-Small,IBGL,Conformal static,0.001,0.00897226753670473,0.712815391558864,0.8458506892757999,green,0.021848595483243215,0.0006823188866812203
Chronos-Small,IBGL,Conformal rolling $w{=}250$,0.001,0.008156606851549755,0.5027775030160923,0.7357684239388272,green,0.021714190067978714,0.0007445537024369941
Chronos-Small,IBGL,ACI (first-half $\gamma$),0.001,0.0008156606851549756,2.7095138533422605e-05,0.0001497498346925552,green,0.02887291557808383,0.0006929856618578289
Chronos-Small,ICLN,Conformal static,0.001,0.00590717299578059,0.125268937150566,0.29620039199513587,green,0.047589109584064995,0.0013776171312239172
Chronos-Small,ICLN,Conformal rolling $w{=}250$,0.001,0.00590717299578059,0.125268937150566,0.29620039199513587,green,0.05010450709265397,0.001619961338408692
Chronos-Small,ICLN,ACI (first-half $\gamma$),0.001,0.0008438818565400844,4.033874151817754e-05,0.0002185409490229349,green,0.07598016207544443,0.0016341610626609947
Chronos-Small,NATGAS,Conformal static,0.05,0.028232636928289104,2.8023543676137176e-10,2.021960406279803e-09,green,0.08128948097973317,0.0034608429922628726
Chronos-Small,NATGAS,Conformal rolling $w{=}250$,0.05,0.010163749294184076,0.9449320315266124,0.8291781453893462,green,0.12699965089133897,0.004610895453265033
Chronos-Small,NATGAS,ACI (first-half $\gamma$),0.05,0.001129305477131564,1.7639137054319337e-06,1.0968623642621052e-05,green,0.2572580311568525,0.056906892690015386
Chronos-Small,NIFTY,Conformal static,0.001,0.006622516556291391,0.2087392166596399,0.4302224983498092,green,0.024978868647663365,0.0015064352283655018
Chronos-Small,NIFTY,Conformal rolling $w{=}250$,0.001,0.0074503311258278145,0.3509424554048667,0.6049336245789774,green,0.026090994703055512,0.0016068309229748416
Chronos-Small,NIFTY,ACI (first-half $\gamma$),0.001,0.0008278145695364238,3.226937986647791e-05,0.0001768077822096036,green,0.06042613271417477,0.0017580233870081962
Chronos-Small,NIKKEI,Conformal static,0.05,0.007900677200902935,0.35653605517329434,0.01010317476979181,green,0.04048344210972956,0.0008278174929566181
Chronos-Small,NIKKEI,Conformal rolling $w{=}250$,0.05,0.007336343115124154,0.23683598367476402,0.0056433936890123385,green,0.04115105014223287,0.0015152196368592114
Chronos-Small,NIKKEI,ACI (first-half $\gamma$),0.05,0.000564334085778781,1.3113024607827853e-07,8.960245334237761e-07,green,0.09526729225180589,0.039355481848901024
Chronos-Small,SP500,Conformal static,0.05,0.013157894736842105,0.19607628987642725,0.051525200994956125,green,0.03259332234898498,0.006490772098326316
Chronos-Small,SP500,Conformal rolling $w{=}250$,0.05,0.013706140350877192,0.1320463605436712,0.0003784940088391112,green,0.04262687248200505,0.007077757935252985
Chronos-Small,SP500,ACI (first-half $\gamma$),0.05,0.0005482456140350877,7.873912608613279e-08,5.469172658735487e-07,green,0.09962021725485692,0.0297298567166381
Chronos-Small,STOXX,Conformal static,0.05,0.004672897196261682,0.02070348642016728,0.005147687875764401,green,0.035340617937564434,0.0008540622421676593
Chronos-Small,STOXX,Conformal rolling $w{=}250$,0.05,0.006675567423230975,0.16874172253422795,3.0508053630854227e-05,green,0.0386936494847087,0.0013103052729265244
Chronos-Small,STOXX,ACI (first-half $\gamma$),0.05,0.0006675567423230974,1.9155431028075705e-06,1.1892066075810998e-05,green,0.04670499348756395,0.0055377238482687136
Chronos-Small,TLT,Conformal static,0.001,0.017780502759043533,0.004426515668040252,0.014464702504423114,green,0.02236391474664675,0.003191063246228231
Chronos-Small,TLT,Conformal rolling $w{=}250$,0.001,0.00674432863274065,0.16023425338411357,0.06445369387295645,green,0.029785532694518304,0.003521645249812691
Chronos-Small,TLT,ACI (first-half $\gamma$),0.001,0.0006131207847946045,5.218978428409991e-07,3.4018555635696447e-06,green,0.06838927655304124,0.003289741269495085
Chronos-Small,USDJPY,Conformal static,0.05,0.007415254237288136,0.2368162457191111,0.44737002014067206,green,0.017532039079941435,0.0004362630380891761
Chronos-Small,USDJPY,Conformal rolling $w{=}250$,0.05,0.011122881355932203,0.6300336726633782,0.7030361661102142,green,0.018010734350635157,0.0007412160476658442
Chronos-Small,USDJPY,ACI (first-half $\gamma$),0.05,0.001059322033898305,5.938342743480326e-07,3.847052943561711e-06,green,0.031650926979549916,0.0063212824399744814
Chronos-Small,WTI,Conformal static,0.05,0.025395033860045147,4.931306068888705e-08,1.6451385408401298e-10,yellow,0.05849530564371513,0.016609100194287487
Chronos-Small,WTI,Conformal rolling $w{=}250$,0.05,0.008465011286681716,0.5047655053367646,0.016413765687298198,green,0.10549896146916928,0.017655413606785762
Chronos-Small,WTI,ACI (first-half $\gamma$),0.05,0.001693002257336343,1.3727114070755267e-05,7.802895414017951e-05,green,0.25545087061114,0.05220326725478412
Chronos-Mini,ASX200,Conformal static,0.05,0.010365521003818877,0.8757598217094379,0.04861949924728479,green,0.026238267567101483,0.007080038344526626
Chronos-Mini,ASX200,Conformal rolling $w{=}250$,0.05,0.009819967266775777,0.9380678465016781,0.002137650812929173,green,0.03259181038085181,0.007189137611750139
Chronos-Mini,ASX200,ACI (first-half $\gamma$),0.05,0.0016366612111292963,8.034746877214385e-06,4.6796069270434045e-05,green,0.08326138671720183,0.02198712714097985
Chronos-Mini,AUDUSD,Conformal static,0.001,0.0007168458781362007,5.232900054811273e-06,3.11790221810445e-05,green,0.0235287579905337,0.0006945945941701713
Chronos-Mini,AUDUSD,Conformal rolling $w{=}250$,0.001,0.008602150537634409,0.5908598572607506,0.7798140023322837,green,0.018636636748156785,0.0008508218764345829
Chronos-Mini,AUDUSD,ACI (first-half $\gamma$),0.001,0.0007168458781362007,5.232900054811273e-06,3.11790221810445e-05,green,0.052985004660673796,0.001273234234925523
Chronos-Mini,BOVESPA,Conformal static,0.05,0.004459308807134894,0.008087179846714787,0.0024848868508680244,green,0.046268632433600375,0.008007032072419684
Chronos-Mini,BOVESPA,Conformal rolling $w{=}250$,0.05,0.007803790412486065,0.33088803308718684,0.15658562591726044,green,0.04702498901943905,0.008728107084967384
Chronos-Mini,BOVESPA,ACI (first-half $\gamma$),0.05,0.0005574136008918618,1.0568259444343471e-07,7.272059420057529e-07,green,0.12572030653723873,0.042071121502147535
Chronos-Mini,BTC,Conformal static,0.001,0.0009033423667570009,8.59009964834329e-05,0.0004470726305930825,green,0.11268642693507203,0.001951303868525691
Chronos-Mini,BTC,Conformal rolling $w{=}250$,0.001,0.008130081300813009,0.5181108206354494,0.7537724639028736,green,0.0724031616693415,0.002613724128585499
Chronos-Mini,BTC,ACI (first-half $\gamma$),0.001,0.0009033423667570009,8.59009964834329e-05,0.0004470726305930825,green,0.1515572817301842,0.0027607156742533636
Chronos-Mini,FCHI,Conformal static,0.05,0.008620689655172414,0.54076439432748,0.020223600650495402,green,0.03911339731858816,0.003949514462759491
Chronos-Mini,FCHI,Conformal rolling $w{=}250$,0.05,0.009698275862068966,0.8955377981731205,6.779920237537325e-05,green,0.04095810521526637,0.004249276431913902
Chronos-Mini,FCHI,ACI (first-half $\gamma$),0.05,0.0005387931034482759,5.751832327689228e-08,4.034662079061748e-07,green,0.0966843721859278,0.038980327410079146
Chronos-Mini,CBU0,Conformal static,0.001,0.02971311475409836,5.534718215697922e-07,1.4805675551041658e-06,green,0.009303501935102017,0.0005985162639432616
Chronos-Mini,CBU0,Conformal rolling $w{=}250$,0.001,0.007172131147540984,0.3497057072753773,0.6139249152207644,green,0.013170329321084927,0.0006075149188667772
Chronos-Mini,CBU0,ACI (first-half $\gamma$),0.001,0.0010245901639344263,0.0003044859001862607,0.0014702479468309256,green,0.018455008726788825,0.0006196099324538643
Chronos-Mini,DJCI,Conformal static,0.001,0.027417027417027416,0.00014783279555084417,0.0006205807516516177,red,0.02083980655049648,0.0009113435004704999
Chronos-Mini,DJCI,Conformal rolling $w{=}250$,0.001,0.015873015873015872,0.15230893909471716,0.1342296167737081,yellow,0.029472914245091117,0.0011156619605906636
Chronos-Mini,DJCI,ACI (first-half $\gamma$),0.001,0.001443001443001443,0.004577097564090387,0.017932481099500013,green,0.047589442603012296,0.0009688504747241837
Chronos-Mini,ETH,Conformal static,0.001,0.003937007874015748,0.0552259083067376,0.15731591015155386,green,0.13528467932759414,0.002975953335769216
Chronos-Mini,ETH,Conformal rolling $w{=}250$,0.001,0.013123359580052493,0.40831861205884046,0.20555926877683875,green,0.10557207383508559,0.0038310366381112985
Chronos-Mini,ETH,ACI (first-half $\gamma$),0.001,0.0013123359580052493,0.002372546492816568,0.009857709299983449,green,0.1624486272273362,0.00314672896695074
Chronos-Mini,EURUSD,Conformal static,0.05,0.0025284450063211127,0.0003600025375741184,0.001704106100765702,green,0.016976315124326322,0.0004965792734950916
Chronos-Mini,EURUSD,Conformal rolling $w{=}250$,0.05,0.008217446270543615,0.4621805271112076,0.6851714021448789,green,0.0130070031909809,0.0005774999543542072
Chronos-Mini,EURUSD,ACI (first-half $\gamma$),0.05,0.0012642225031605564,1.011764542545212e-05,5.846553690029551e-05,green,0.02260735109932637,0.006270792511321397
Chronos-Mini,FTSE100,Conformal static,0.001,0.011456628477905073,0.5401659942376459,0.004594770574524118,green,0.031807592097754536,0.0035853710901209636
Chronos-Mini,FTSE100,Conformal rolling $w{=}250$,0.001,0.00872885979268958,0.5761015819211541,0.0008690879389560872,green,0.036257325932980096,0.0038492410615184047
Chronos-Mini,FTSE100,ACI (first-half $\gamma$),0.001,0.0005455537370430987,7.208380453163594e-08,5.020856080033001e-07,green,0.11293606167322624,0.004026124354638361
Chronos-Mini,GBPUSD,Conformal static,0.001,0.005047318611987382,0.028467029374326686,0.08712698638121112,green,0.01613257371281308,0.0006168680264338483
Chronos-Mini,GBPUSD,Conformal rolling $w{=}250$,0.001,0.00946372239747634,0.828581590831435,0.3110334784173719,green,0.015117206048884762,0.0006643951652418096
Chronos-Mini,GBPUSD,ACI (first-half $\gamma$),0.001,0.0006309148264984228,8.1852427277072e-07,5.24880709393565e-06,green,0.041854921765478406,0.0008161320077847254
Chronos-Mini,GDAXI,Conformal static,0.001,0.0048833423765599565,0.014248747061815068,0.047467019504536835,green,0.04227271157843363,0.0011799218177004297
Chronos-Mini,GDAXI,Conformal rolling $w{=}250$,0.001,0.010309278350515464,0.8943749846942326,0.00011162972481365905,green,0.03958419557606841,0.001758606451708018
Chronos-Mini,GDAXI,ACI (first-half $\gamma$),0.001,0.0005425935973955507,6.5345934174585e-08,4.5655648965583106e-07,green,0.12708477658045167,0.002451404913522732
Chronos-Mini,GOLD,Conformal static,0.05,0.007909604519774011,0.35893888054701295,0.16694957711128777,yellow,0.032214312589154775,0.00072878832593176
Chronos-Mini,GOLD,Conformal rolling $w{=}250$,0.05,0.012429378531073447,0.3223014587953534,0.33817478546072294,green,0.03203943386736498,0.0010852059858686906
Chronos-Mini,GOLD,ACI (first-half $\gamma$),0.05,0.0005649717514124294,1.3372719065023198e-07,9.131847378580505e-07,green,0.08401371717041041,0.04348733984646092
Chronos-Mini,HSI,Conformal static,0.05,0.0072869955156950675,0.22622919557540358,0.005391892002047449,green,0.03982918311820717,0.001434430582937819
Chronos-Mini,HSI,Conformal rolling $w{=}250$,0.05,0.008968609865470852,0.6558732849656372,0.023795593320113318,green,0.04274302704904936,0.002601376077797189
Chronos-Mini,HSI,ACI (first-half $\gamma$),0.05,0.0011210762331838565,1.563345704182102e-06,9.767265457093495e-06,green,0.10539726679036585,0.04072492952664159
Chronos-Mini,IBGL,Conformal static,0.001,0.00897226753670473,0.712815391558864,0.8458506892757999,green,0.021885033017323374,0.0009783013743779952
Chronos-Mini,IBGL,Conformal rolling $w{=}250$,0.001,0.008156606851549755,0.5027775030160923,0.7357684239388272,green,0.021991722999314567,0.001033031173883842
Chronos-Mini,IBGL,ACI (first-half $\gamma$),0.001,0.0008156606851549756,2.7095138533422605e-05,0.0001497498346925552,green,0.030040761035879084,0.0009903771789161048
Chronos-Mini,ICLN,Conformal static,0.001,0.006751054852320675,0.23234634922963607,0.4641061064566181,green,0.0464584366161871,0.002251387953051574
Chronos-Mini,ICLN,Conformal rolling $w{=}250$,0.001,0.005063291139240506,0.05910570653431927,0.16337427243599192,green,0.0505741540048291,0.0024550174842831595
Chronos-Mini,ICLN,ACI (first-half $\gamma$),0.001,0.0008438818565400844,4.033874151817754e-05,0.0002185409490229349,green,0.07507922544974606,0.002429796711164628
Chronos-Mini,NATGAS,Conformal static,0.05,0.02710333145115754,2.3431221316769162e-09,7.5439661088209e-09,green,0.08345234656704666,0.0052635511947427185
Chronos-Mini,NATGAS,Conformal rolling $w{=}250$,0.05,0.009034443817052512,0.6780194314084952,0.7928382271201492,green,0.12602369360560667,0.006209278956018867
Chronos-Mini,NATGAS,ACI (first-half $\gamma$),0.05,0.001129305477131564,1.7639137054319337e-06,1.0968623642621052e-05,green,0.26781285468936583,0.056719619331612105
Chronos-Mini,NIFTY,Conformal static,0.001,0.0041390728476821195,0.020360715933002326,0.06646044311969458,green,0.02678544985725193,0.00133043911461038
Chronos-Mini,NIFTY,Conformal rolling $w{=}250$,0.001,0.0074503311258278145,0.3509424554048667,0.6049336245789774,green,0.025922701205307895,0.0014564486604024473
Chronos-Mini,NIFTY,ACI (first-half $\gamma$),0.001,0.0008278145695364238,3.226937986647791e-05,0.0001768077822096036,green,0.060855414477787084,0.0016208419550253824
Chronos-Mini,NIKKEI,Conformal static,0.05,0.008465011286681716,0.5047655053367646,0.016413765687298198,green,0.040527416001231095,0.0010759950900367024
Chronos-Mini,NIKKEI,Conformal rolling $w{=}250$,0.05,0.007336343115124154,0.23683598367476402,0.0056433936890123385,green,0.040780090450200424,0.0016619676143212307
Chronos-Mini,NIKKEI,ACI (first-half $\gamma$),0.05,0.000564334085778781,1.3113024607827853e-07,8.960245334237761e-07,green,0.09647126007354043,0.038386917874417746
Chronos-Mini,SP500,Conformal static,0.001,0.009868421052631578,0.9548626135213718,0.3884658938942702,green,0.0343603541588107,0.00969868180785927
Chronos-Mini,SP500,Conformal rolling $w{=}250$,0.001,0.013157894736842105,0.19607628987642725,0.005395098939747085,green,0.03753351371728091,0.009763117499046977
Chronos-Mini,SP500,ACI (first-half $\gamma$),0.001,0.0005482456140350877,7.873912608613279e-08,5.469172658735487e-07,green,0.07978495554078341,0.00975600961667262
Chronos-Mini,STOXX,Conformal static,0.05,0.004672897196261682,0.02070348642016728,0.005147687875764401,green,0.036740049625827276,0.0009732142903080518
Chronos-Mini,STOXX,Conformal rolling $w{=}250$,0.05,0.006008010680907877,0.0934896369533739,9.089717898610855e-06,green,0.03880471704503695,0.0014129514905475136
Chronos-Mini,STOXX,ACI (first-half $\gamma$),0.05,0.0006675567423230974,1.9155431028075705e-06,1.1892066075810998e-05,green,0.047132089736567316,0.0058238029227282405
Chronos-Mini,TLT,Conformal static,0.001,0.019619865113427344,0.0005594634474978765,0.0009502005566416459,green,0.021856579209877262,0.004733600745788626
Chronos-Mini,TLT,Conformal rolling $w{=}250$,0.001,0.007357449417535254,0.26041079240174636,0.0050580678640002276,green,0.03094781787106924,0.004908675580698018
Chronos-Mini,TLT,ACI (first-half $\gamma$),0.001,0.0006131207847946045,5.218978428409991e-07,3.4018555635696447e-06,green,0.06880586968014761,0.0047846138823917075
Chronos-Mini,USDJPY,Conformal static,0.05,0.00847457627118644,0.4939210315124172,0.6901726200704236,green,0.01745457409512856,0.0005150637621774866
Chronos-Mini,USDJPY,Conformal rolling $w{=}250$,0.05,0.011652542372881356,0.4819091674279057,0.6024242547916601,green,0.017867022752116407,0.0007795123189709341
Chronos-Mini,USDJPY,ACI (first-half $\gamma$),0.05,0.001059322033898305,5.938342743480326e-07,3.847052943561711e-06,green,0.03208458032954395,0.007251045092225251
Chronos-Mini,WTI,Conformal static,0.05,0.023702031602708805,8.383908504615123e-07,8.798389331092181e-09,green,0.05920164420591095,0.021360785070563812
Chronos-Mini,WTI,Conformal rolling $w{=}250$,0.05,0.008465011286681716,0.5047655053367646,0.016413765687298198,green,0.10563696760783423,0.02222006427400762
Chronos-Mini,WTI,ACI (first-half $\gamma$),0.05,0.001693002257336343,1.3727114070755267e-05,7.802895414017951e-05,green,0.25675902235303816,0.05306176403516446
TimesFM-2.5,ASX200,Conformal static,0.001,0.007637752318603383,0.28887970019496406,4.248342673012794e-06,green,0.05278176023476845,0.0034963090885191408
TimesFM-2.5,ASX200,Conformal rolling $w{=}250$,0.001,0.010365521003818877,0.8757598217094379,2.9567103898369404e-06,green,0.03727077302254404,0.003309856019157311
TimesFM-2.5,ASX200,ACI (first-half $\gamma$),0.001,0.0005455537370430987,7.208380453163594e-08,5.020856080033001e-07,green,0.12632723612019386,0.0035682694330163604
TimesFM-2.5,AUDUSD,Conformal static,0.001,0.0007168458781362007,5.232900054811273e-06,3.11790221810445e-05,green,0.050885425632667576,0.0007911170492141774
TimesFM-2.5,AUDUSD,Conformal rolling $w{=}250$,0.001,0.007885304659498209,0.409778348917024,0.6523241124906419,green,0.020431663418069033,0.0009696860020669409
TimesFM-2.5,AUDUSD,ACI (first-half $\gamma$),0.001,0.0007168458781362007,5.232900054811273e-06,3.11790221810445e-05,green,0.05298529980424106,0.000989926892206123
TimesFM-2.5,BOVESPA,Conformal static,0.001,0.006131549609810479,0.07611071317314964,1.684097840315335e-07,green,0.09303350420714725,0.006403088916065712
TimesFM-2.5,BOVESPA,Conformal rolling $w{=}250$,0.001,0.00947603121516165,0.8219637326874112,0.3483961576801111,green,0.05636662435392179,0.005813375263990416
TimesFM-2.5,BOVESPA,ACI (first-half $\gamma$),0.001,0.0005574136008918618,1.0568259444343471e-07,7.272059420057529e-07,green,0.24289826095524264,0.00667828470948585
TimesFM-2.5,BTC,Conformal static,0.001,0.0,2.3917889948193026e-06,1.4728564449742451e-05,green,0.18541029349607013,0.0066821074017270705
TimesFM-2.5,BTC,Conformal rolling $w{=}250$,0.001,0.006323396567299007,0.18732952137861347,0.4009838087999396,green,0.07767603467410066,0.006723568912644216
TimesFM-2.5,BTC,ACI (first-half $\gamma$),0.001,0.0018066847335140017,0.0007462012875126032,0.0033834176207304186,green,0.15486305619909835,0.0069013457233156016
TimesFM-2.5,FCHI,Conformal static,0.001,0.004310344827586207,0.005474873203380332,1.7387504637342201e-07,green,0.07362978813689748,0.004811590917163183
TimesFM-2.5,FCHI,Conformal rolling $w{=}250$,0.001,0.011314655172413793,0.5771790098662235,1.774922172711416e-07,green,0.04484474930472844,0.004769119205790321
TimesFM-2.5,FCHI,ACI (first-half $\gamma$),0.001,0.0005387931034482759,5.751832327689228e-08,4.034662079061748e-07,green,0.1502782622508892,0.004944561219177665
TimesFM-2.5,CBU0,Conformal static,0.001,0.07479508196721311,3.4298171226684663e-39,1.5753575897533998e-39,green,0.00910097278930489,0.0004250043030795101
TimesFM-2.5,CBU0,Conformal rolling $w{=}250$,0.001,0.012295081967213115,0.48664354644030694,0.6760379686560378,green,0.014523044738284282,0.00044821826873090755
TimesFM-2.5,CBU0,ACI (first-half $\gamma$),0.001,0.0010245901639344263,0.0003044859001862607,0.0014702479468309256,green,0.022639923323573875,0.00044194551036472657
TimesFM-2.5,DJCI,Conformal static,0.001,0.031746031746031744,4.541559361341787e-06,7.645921508129056e-12,red,0.027670282213964975,0.0030786044931368213
TimesFM-2.5,DJCI,Conformal rolling $w{=}250$,0.001,0.01875901875901876,0.03878655852327398,0.05871131847866897,yellow,0.03224625712019629,0.0028280985059540233
TimesFM-2.5,DJCI,ACI (first-half $\gamma$),0.001,0.001443001443001443,0.004577097564090387,0.017932481099500013,green,0.07006011083084218,0.003094028756687799
TimesFM-2.5,ETH,Conformal static,0.001,0.0,9.090871049059164e-05,0.0004720829150308915,green,0.18559748286204367,0.00968272502785837
TimesFM-2.5,ETH,Conformal rolling $w{=}250$,0.001,0.015748031496062992,0.14122074470480778,0.013805453071799369,green,0.10356905873876526,0.009249449122090303
TimesFM-2.5,ETH,ACI (first-half $\gamma$),0.001,0.0013123359580052493,0.002372546492816568,0.009857709299983449,green,0.18313702183199276,0.009770917527410786
TimesFM-2.5,EURUSD,Conformal static,0.001,0.0,1.7095763346687846e-08,1.244164637377654e-07,green,0.035081618906181604,0.00077884072700852
TimesFM-2.5,EURUSD,Conformal rolling $w{=}250$,0.001,0.01390644753476612,0.14034362426312452,0.0037279429580760796,green,0.01370448075198767,0.0007597287645361693
TimesFM-2.5,EURUSD,ACI (first-half $\gamma$),0.001,0.0006321112515802782,8.428946129859622e-07,5.399225418383395e-06,green,0.029835712841779903,0.0008148771425073193
TimesFM-2.5,FTSE100,Conformal static,0.001,0.0038188761593016913,0.0023500881652758943,6.764927398189169e-06,green,0.06659378699839144,0.00464361438624618
TimesFM-2.5,FTSE100,Conformal rolling $w{=}250$,0.001,0.009274413529732678,0.751949509243384,1.0617508415751496e-08,green,0.040460887210863196,0.004675621700702707
TimesFM-2.5,FTSE100,ACI (first-half $\gamma$),0.001,0.0005455537370430987,7.208380453163594e-08,5.020856080033001e-07,green,0.13579721691738106,0.004792254895810542
TimesFM-2.5,GBPUSD,Conformal static,0.001,0.0018927444794952682,6.975062956630165e-05,3.880143271081366e-06,green,0.030490555144530005,0.0012002075390074626
TimesFM-2.5,GBPUSD,Conformal rolling $w{=}250$,0.001,0.011356466876971609,0.5952442973866977,0.00010973365268356282,green,0.02017368500663843,0.001609517938698311
TimesFM-2.5,GBPUSD,ACI (first-half $\gamma$),0.001,0.0006309148264984228,8.1852427277072e-07,5.24880709393565e-06,green,0.05104776493246075,0.0012650127081395067
TimesFM-2.5,GDAXI,Conformal static,0.001,0.0027129679869777536,0.0001914499113871667,1.2672922772887558e-07,green,0.0807025339867574,0.004214242048921449
TimesFM-2.5,GDAXI,Conformal rolling $w{=}250$,0.001,0.011937059142702116,0.4173562153620346,6.030453436558607e-09,green,0.04688308218643912,0.004066254569170571
TimesFM-2.5,GDAXI,ACI (first-half $\gamma$),0.001,0.0005425935973955507,6.5345934174585e-08,4.5655648965583106e-07,green,0.14921294496910945,0.004391143545204664
TimesFM-2.5,GOLD,Conformal static,0.001,0.0039548022598870055,0.0035945887642780273,0.0009158017250023716,green,0.04865697760378243,0.0027360958413387717
TimesFM-2.5,GOLD,Conformal rolling $w{=}250$,0.001,0.012994350282485875,0.2261668135526796,0.00506266971810516,yellow,0.031553387703937785,0.0026233060134621534
TimesFM-2.5,GOLD,ACI (first-half $\gamma$),0.001,0.0005649717514124294,1.3372719065023198e-07,9.131847378580505e-07,green,0.12384931991534251,0.0030312225005833917
TimesFM-2.5,HSI,Conformal static,0.001,0.0011210762331838565,1.563345704182102e-06,9.767265457093495e-06,green,0.07930678643333713,0.003185575114557185
TimesFM-2.5,HSI,Conformal rolling $w{=}250$,0.001,0.010650224215246636,0.7847470593846447,0.0031258273223242496,green,0.0476561674746831,0.003053599012308306
TimesFM-2.5,HSI,ACI (first-half $\gamma$),0.001,0.0005605381165919282,1.1657281939404666e-07,7.996056339859525e-07,green,0.14292522439215208,0.0035192676497616373
TimesFM-2.5,IBGL,Conformal static,0.001,0.02936378466557912,3.263558689995111e-08,4.6565100326374735e-10,green,0.022863259160179082,0.0006931588788947326
TimesFM-2.5,IBGL,Conformal rolling $w{=}250$,0.001,0.010603588907014683,0.8333996385168511,0.8508122498457972,green,0.023517604834705903,0.0007595804968714776
TimesFM-2.5,IBGL,ACI (first-half $\gamma$),0.001,0.0008156606851549756,2.7095138533422605e-05,0.0001497498346925552,green,0.03729935794936445,0.00070173472482502
TimesFM-2.5,ICLN,Conformal static,0.001,0.0033755274261603376,0.007864194212597242,0.02885042285925228,green,0.06788141751722399,0.0027914894558309757
TimesFM-2.5,ICLN,Conformal rolling $w{=}250$,0.001,0.005063291139240506,0.05910570653431927,0.16337427243599192,green,0.056709841036191984,0.002856943021965664
TimesFM-2.5,ICLN,ACI (first-half $\gamma$),0.001,0.0008438818565400844,4.033874151817754e-05,0.0002185409490229349,green,0.08507243764568581,0.002808526134423945
TimesFM-2.5,NATGAS,Conformal static,0.001,0.07961603613777526,1.6034904876214012e-77,1.9526396615893294e-90,red,0.07828416006279504,0.009061773353799554
TimesFM-2.5,NATGAS,Conformal rolling $w{=}250$,0.001,0.012422360248447204,0.3235163791666588,0.4656905366810916,green,0.13452789964297923,0.008816159334508055
TimesFM-2.5,NATGAS,ACI (first-half $\gamma$),0.001,0.000564652738565782,1.3242236062469715e-07,9.045640883829084e-07,green,0.3568451316050793,0.00952361822455734
TimesFM-2.5,NIFTY,Conformal static,0.001,0.0016556291390728477,0.00030310518285451296,0.0014606509848114541,green,0.05022458446363484,0.002093797279971212
TimesFM-2.5,NIFTY,Conformal rolling $w{=}250$,0.001,0.0041390728476821195,0.020360715933002326,0.06646044311969458,green,0.03129436997587294,0.0020948755433390165
TimesFM-2.5,NIFTY,ACI (first-half $\gamma$),0.001,0.0008278145695364238,3.226937986647791e-05,0.0001768077822096036,green,0.05869748934943236,0.00213109163197358
TimesFM-2.5,NIKKEI,Conformal static,0.001,0.002257336343115124,7.662365631900111e-05,0.00039803587069237793,green,0.0727507451770707,0.004807677483534012
TimesFM-2.5,NIKKEI,Conformal rolling $w{=}250$,0.001,0.007900677200902935,0.35653605517329434,5.571221196800705e-06,green,0.04597644286967087,0.004377589223519822
TimesFM-2.5,NIKKEI,ACI (first-half $\gamma$),0.001,0.000564334085778781,1.3113024607827853e-07,8.960245334237761e-07,green,0.13649733442628295,0.004925209520701733
TimesFM-2.5,SP500,Conformal static,0.001,0.003289473684210526,0.000808991540496384,0.00016243483462771314,green,0.08428016895305525,0.003536863755169301
TimesFM-2.5,SP500,Conformal rolling $w{=}250$,0.001,0.01699561403508772,0.006331911105097039,9.170175678693835e-07,green,0.05186578898419958,0.003534647704434709
TimesFM-2.5,SP500,ACI (first-half $\gamma$),0.001,0.0005482456140350877,7.873912608613279e-08,5.469172658735487e-07,green,0.16226712895144943,0.0037995547835144965
TimesFM-2.5,STOXX,Conformal static,0.001,0.0,4.080511000196524e-08,2.894153137757501e-07,green,0.07066510506515504,0.0029345853466427314
TimesFM-2.5,STOXX,Conformal rolling $w{=}250$,0.001,0.006008010680907877,0.0934896369533739,0.0007930357244183726,green,0.04553620891550888,0.0029383172431038398
TimesFM-2.5,STOXX,ACI (first-half $\gamma$),0.001,0.0006675567423230974,1.9155431028075705e-06,1.1892066075810998e-05,green,0.06564627056264896,0.0029660477427180905
TimesFM-2.5,TLT,Conformal static,0.001,0.029429797670141016,1.6264735954178762e-10,3.404835151505357e-13,green,0.024901411759827276,0.0033702216915509537
TimesFM-2.5,TLT,Conformal rolling $w{=}250$,0.001,0.009196811771919068,0.7410384212104455,0.022727768224212925,green,0.036081282427269656,0.003243348328455365
TimesFM-2.5,TLT,ACI (first-half $\gamma$),0.001,0.0006131207847946045,5.218978428409991e-07,3.4018555635696447e-06,green,0.10369958280882387,0.0034569583270320416
TimesFM-2.5,USDJPY,Conformal static,0.001,0.0015889830508474577,4.947278166551288e-06,2.942775510392373e-05,green,0.03054311516750413,0.0010895908904088548
TimesFM-2.5,USDJPY,Conformal rolling $w{=}250$,0.001,0.013771186440677966,0.11927523558693418,0.044192032559107204,green,0.018461316429606266,0.0011407126854281052
TimesFM-2.5,USDJPY,ACI (first-half $\gamma$),0.001,0.0005296610169491525,4.201178861030819e-08,2.97552339947975e-07,green,0.04384793156008985,0.0011183795047466773
TimesFM-2.5,WTI,Conformal static,0.001,0.014672686230248307,0.06456426678904023,3.155538798486185e-19,green,0.12246933416720361,0.012100703919821435
TimesFM-2.5,WTI,Conformal rolling $w{=}250$,0.001,0.007900677200902935,0.35653605517329434,0.0003080708418933129,green,0.11792779479248111,0.012227725379449777
TimesFM-2.5,WTI,ACI (first-half $\gamma$),0.001,0.000564334085778781,1.3113024607827853e-07,8.960245334237761e-07,green,0.3984661261857922,0.012408472143143667
Moirai-2.0,ASX200,Conformal static,0.001,0.009274413529732678,0.751949509243384,3.128030930139966e-15,green,0.04590274376636552,0.0051526525802101895
Moirai-2.0,ASX200,Conformal rolling $w{=}250$,0.001,0.012547735951991271,0.2916550872806203,1.0334997723399532e-08,green,0.039719904513651934,0.0048416556274081994
Moirai-2.0,ASX200,ACI (first-half $\gamma$),0.001,0.0005455537370430987,7.208380453163594e-08,5.020856080033001e-07,green,0.13470859971083243,0.005228733287649587
Moirai-2.0,AUDUSD,Conformal static,0.001,0.0007168458781362007,5.232900054811273e-06,3.11790221810445e-05,green,0.04314422761767817,0.0011618499957251926
Moirai-2.0,AUDUSD,Conformal rolling $w{=}250$,0.001,0.007885304659498209,0.409778348917024,0.6523241124906419,green,0.02049192135561855,0.0012715340487827796
Moirai-2.0,AUDUSD,ACI (first-half $\gamma$),0.001,0.0007168458781362007,5.232900054811273e-06,3.11790221810445e-05,green,0.053165448734075575,0.0013278076151841767
Moirai-2.0,BOVESPA,Conformal static,0.001,0.008918617614269788,0.6391115502912504,2.995736390749771e-24,green,0.07411779101017736,0.009302252835801175
Moirai-2.0,BOVESPA,Conformal rolling $w{=}250$,0.001,0.010033444816053512,0.9886470566308652,7.805935315515748e-05,green,0.05590745834151085,0.008361690929370743
Moirai-2.0,BOVESPA,ACI (first-half $\gamma$),0.001,0.0005574136008918618,1.0568259444343471e-07,7.272059420057529e-07,green,0.2406465246809568,0.009432771838299197
Moirai-2.0,BTC,Conformal static,0.001,0.0,2.3917889948193026e-06,1.4728564449742451e-05,green,0.1626361922976301,0.008217683762855527
Moirai-2.0,BTC,Conformal rolling $w{=}250$,0.001,0.009033423667570008,0.7424657443951737,0.8648252838024382,green,0.07765089127578224,0.008349224548119196
Moirai-2.0,BTC,ACI (first-half $\gamma$),0.001,0.0018066847335140017,0.0007462012875126032,0.0033834176207304186,green,0.15978026522879366,0.008370050267797063
Moirai-2.0,FCHI,Conformal static,0.001,0.004310344827586207,0.005474873203380332,1.7387504637342201e-07,green,0.07132983511240494,0.006748634391283435
Moirai-2.0,FCHI,Conformal rolling $w{=}250$,0.001,0.012392241379310345,0.31802053036411937,1.0046850779496662e-08,green,0.04662680015670781,0.007152394885838351
Moirai-2.0,FCHI,ACI (first-half $\gamma$),0.001,0.0005387931034482759,5.751832327689228e-08,4.034662079061748e-07,green,0.1426226287215158,0.006803629464195131
Moirai-2.0,CBU0,Conformal static,0.001,0.11475409836065574,7.909637838019403e-79,3.546693071748034e-80,green,0.0069363640868655724,0.0008086611034160208
Moirai-2.0,CBU0,Conformal rolling $w{=}250$,0.001,0.009221311475409836,0.8043329241491248,0.18270389446742313,green,0.014772504553325768,0.000816629268590479
Moirai-2.0,CBU0,ACI (first-half $\gamma$),0.001,0.0010245901639344263,0.0003044859001862607,0.0014702479468309256,green,0.02259726332123992,0.0008209795863632806
Moirai-2.0,DJCI,Conformal static,0.001,0.020202020202020204,0.017729933850182632,6.07301036228301e-07,red,0.026655937333703767,0.003917551782903851
Moirai-2.0,DJCI,Conformal rolling $w{=}250$,0.001,0.020202020202020204,0.017729933850182632,0.00042732464492841783,yellow,0.03294920452771021,0.0036032156313179093
Moirai-2.0,DJCI,ACI (first-half $\gamma$),0.001,0.001443001443001443,0.004577097564090387,0.017932481099500013,green,0.06090678491052019,0.003928799583899881
Moirai-2.0,ETH,Conformal static,0.001,0.0026246719160104987,0.014874706568780713,0.05125746874628799,green,0.158795505863579,0.008715411949756528
Moirai-2.0,ETH,Conformal rolling $w{=}250$,0.001,0.015748031496062992,0.14122074470480778,0.013805453071799369,green,0.1009356928912094,0.008594940123940051
Moirai-2.0,ETH,ACI (first-half $\gamma$),0.001,0.0013123359580052493,0.002372546492816568,0.009857709299983449,green,0.19882218860644146,0.008838933483270828
Moirai-2.0,EURUSD,Conformal static,0.001,0.0,1.7095763346687846e-08,1.244164637377654e-07,green,0.036605996336191104,0.00116659306767577
Moirai-2.0,EURUSD,Conformal rolling $w{=}250$,0.001,0.012642225031605562,0.31028589660830025,0.3100927827084387,green,0.014291136791050462,0.001249228720740153
Moirai-2.0,EURUSD,ACI (first-half $\gamma$),0.001,0.0006321112515802782,8.428946129859622e-07,5.399225418383395e-06,green,0.028499657092524822,0.0011824134010689244
Moirai-2.0,FTSE100,Conformal static,0.001,0.006001091107474086,0.06304529040751539,0.0009302479016712828,green,0.05680553515764571,0.0055795217086801905
Moirai-2.0,FTSE100,Conformal rolling $w{=}250$,0.001,0.009274413529732678,0.751949509243384,7.957559339748784e-07,green,0.0405545830941787,0.005767880204944813
Moirai-2.0,FTSE100,ACI (first-half $\gamma$),0.001,0.0005455537370430987,7.208380453163594e-08,5.020856080033001e-07,green,0.13694867403656708,0.0056521343186161825
Moirai-2.0,GBPUSD,Conformal static,0.001,0.0018927444794952682,6.975062956630165e-05,3.880143271081366e-06,green,0.030310550365420363,0.0016636299965838372
Moirai-2.0,GBPUSD,Conformal rolling $w{=}250$,0.001,0.011356466876971609,0.5952442973866977,0.00010973365268356282,green,0.02138097727889782,0.0023164404419963322
Moirai-2.0,GBPUSD,ACI (first-half $\gamma$),0.001,0.0006309148264984228,8.1852427277072e-07,5.24880709393565e-06,green,0.060272774484526725,0.0017587547603453383
Moirai-2.0,GDAXI,Conformal static,0.001,0.0032555615843733042,0.0007043075272588075,1.0578194024842629e-06,green,0.07616761884374036,0.006025820780157669
Moirai-2.0,GDAXI,Conformal rolling $w{=}250$,0.001,0.012479652740097666,0.3029597681204834,1.8145371245229574e-10,green,0.05068092618420738,0.006776541760880886
Moirai-2.0,GDAXI,ACI (first-half $\gamma$),0.001,0.0005425935973955507,6.5345934174585e-08,4.5655648965583106e-07,green,0.14110374910582585,0.006134909517905441
Moirai-2.0,GOLD,Conformal static,0.001,0.003389830508474576,0.0011961480781877095,1.873013602837439e-06,green,0.04895342106943768,0.003268774777992746
Moirai-2.0,GOLD,Conformal rolling $w{=}250$,0.001,0.012994350282485875,0.2261668135526796,0.00506266971810516,yellow,0.03273271740833398,0.0033380341382199512
Moirai-2.0,GOLD,ACI (first-half $\gamma$),0.001,0.0005649717514124294,1.3372719065023198e-07,9.131847378580505e-07,green,0.12416331401176038,0.003486680925080055
Moirai-2.0,HSI,Conformal static,0.001,0.002242152466367713,6.940572797305566e-05,6.752211873171847e-06,green,0.06980010141330166,0.004687173349323982
Moirai-2.0,HSI,Conformal rolling $w{=}250$,0.001,0.010089686098654708,0.9696750750504843,0.002316274727909607,green,0.052568140231096495,0.005307847112844976
Moirai-2.0,HSI,ACI (first-half $\gamma$),0.001,0.0005605381165919282,1.1657281939404666e-07,7.996056339859525e-07,green,0.14283499628687288,0.004833618021553549
Moirai-2.0,IBGL,Conformal static,0.001,0.0464926590538336,8.979252003466695e-21,1.8686658839352135e-21,green,0.019446125202779406,0.00130939646024484
Moirai-2.0,IBGL,Conformal rolling $w{=}250$,0.001,0.015497553017944535,0.0734052019065276,0.14927850036142518,green,0.022855499437949803,0.0012953423722173825
Moirai-2.0,IBGL,ACI (first-half $\gamma$),0.001,0.0008156606851549756,2.7095138533422605e-05,0.0001497498346925552,green,0.03864339099888745,0.0013141571421507495
Moirai-2.0,ICLN,Conformal static,0.001,0.0008438818565400844,4.033874151817754e-05,0.0002185409490229349,green,0.07097197191432343,0.0022735523371769295
Moirai-2.0,ICLN,Conformal rolling $w{=}250$,0.001,0.004219409282700422,0.023774341120843694,0.07602337682074504,green,0.05432101954510451,0.0023397819634029715
Moirai-2.0,ICLN,ACI (first-half $\gamma$),0.001,0.0008438818565400844,4.033874151817754e-05,0.0002185409490229349,green,0.07546994416811473,0.002305367622080961
Moirai-2.0,NATGAS,Conformal static,0.001,0.07453416149068323,3.0607672081170706e-69,6.5885822512923e-76,red,0.07658445770195836,0.008812423900957931
Moirai-2.0,NATGAS,Conformal rolling $w{=}250$,0.001,0.010728402032749858,0.7607580589984164,0.7768347318797596,green,0.13638596258935073,0.008784163065737245
Moirai-2.0,NATGAS,ACI (first-half $\gamma$),0.001,0.000564652738565782,1.3242236062469715e-07,9.045640883829084e-07,green,0.35545887141193055,0.009387526075093772
Moirai-2.0,NIFTY,Conformal static,0.001,0.0016556291390728477,0.00030310518285451296,0.0014606509848114541,green,0.04806927880601284,0.0024943204454298097
Moirai-2.0,NIFTY,Conformal rolling $w{=}250$,0.001,0.004966887417218543,0.0514563347943122,0.14563469301217347,green,0.028785570841495134,0.0024750701892244866
Moirai-2.0,NIFTY,ACI (first-half $\gamma$),0.001,0.0008278145695364238,3.226937986647791e-05,0.0001768077822096036,green,0.056715232681926304,0.0025292774769292217
Moirai-2.0,NIKKEI,Conformal static,0.001,0.0028216704288939053,0.0003322101718423538,2.2984081221758556e-07,green,0.06355417560239647,0.005782747017359853
Moirai-2.0,NIKKEI,Conformal rolling $w{=}250$,0.001,0.009029345372460496,0.676301816488325,4.4571526731990654e-07,green,0.04699917974339868,0.005483079385629647
Moirai-2.0,NIKKEI,ACI (first-half $\gamma$),0.001,0.000564334085778781,1.3113024607827853e-07,8.960245334237761e-07,green,0.1553494189239993,0.005964769980506755
Moirai-2.0,SP500,Conformal static,0.001,0.004934210526315789,0.015915942698586646,0.0056826565514514855,green,0.07015536004897549,0.005354598436374219
Moirai-2.0,SP500,Conformal rolling $w{=}250$,0.001,0.015899122807017545,0.019707544877052705,0.00025313766683450093,green,0.05052539394184183,0.0048404284033784105
Moirai-2.0,SP500,ACI (first-half $\gamma$),0.001,0.0005482456140350877,7.873912608613279e-08,5.469172658735487e-07,green,0.16065485899535323,0.0055204112364990315
Moirai-2.0,STOXX,Conformal static,0.001,0.0006675567423230974,1.9155431028075705e-06,1.1892066075810998e-05,green,0.06368370213994147,0.0028087792563726076
Moirai-2.0,STOXX,Conformal rolling $w{=}250$,0.001,0.0053404539385847796,0.04669319175437031,0.000263930239496763,green,0.047698140332762526,0.0029528607062066364
Moirai-2.0,STOXX,ACI (first-half $\gamma$),0.001,0.0006675567423230974,1.9155431028075705e-06,1.1892066075810998e-05,green,0.07893649359422321,0.002856612336994584
Moirai-2.0,TLT,Conformal static,0.001,0.028203556100551808,1.4798584959775876e-09,1.646825431809796e-13,green,0.02411523172126376,0.0030102793229371903
Moirai-2.0,TLT,Conformal rolling $w{=}250$,0.001,0.008583690987124463,0.555752123242382,0.015228937119680893,green,0.03581069442712111,0.0030998846629618874
Moirai-2.0,TLT,ACI (first-half $\gamma$),0.001,0.0006131207847946045,5.218978428409991e-07,3.4018555635696447e-06,green,0.12149282888100567,0.003201475818412502
Moirai-2.0,USDJPY,Conformal static,0.001,0.0015889830508474577,4.947278166551288e-06,2.621597289955085e-07,green,0.029256711672138783,0.0012825636195099809
Moirai-2.0,USDJPY,Conformal rolling $w{=}250$,0.001,0.011122881355932203,0.6300336726633782,0.06087499008517626,green,0.019314845604099243,0.0013576310286856188
Moirai-2.0,USDJPY,ACI (first-half $\gamma$),0.001,0.0005296610169491525,4.201178861030819e-08,2.97552339947975e-07,green,0.04722845369194461,0.0013181810266644257
Moirai-2.0,WTI,Conformal static,0.001,0.011851015801354402,0.44673078787806986,5.630652826878886e-13,green,0.1261704155522677,0.019389680975647257
Moirai-2.0,WTI,Conformal rolling $w{=}250$,0.001,0.007900677200902935,0.35653605517329434,5.571221196800705e-06,green,0.1295441854330635,0.021526998034787193
Moirai-2.0,WTI,ACI (first-half $\gamma$),0.001,0.000564334085778781,1.3113024607827853e-07,8.960245334237761e-07,green,0.43570684169313156,0.019672084951941598
Lag-Llama,ASX200,Conformal static,0.01,0.014729950900163666,0.057241087656078334,0.1095166806381242,green,0.026750148107272404,0.015222791053230812
Lag-Llama,ASX200,Conformal rolling $w{=}250$,0.01,0.007637752318603383,0.28887970019496406,0.5115911966397317,green,0.03407627343127743,0.015429206029612173
Lag-Llama,ASX200,ACI (first-half $\gamma$),0.01,0.002182214948172395,4.6275141874458254e-05,0.000246979351148737,green,0.045948790557993696,0.0199802456336907
Lag-Llama,AUDUSD,Conformal static,0.05,0.005734767025089606,0.08178890026713836,0.20999502415730173,green,0.019553453992847646,0.007900428337261569
Lag-Llama,AUDUSD,Conformal rolling $w{=}250$,0.05,0.010752688172043012,0.7801371761154353,0.8169931441854851,green,0.02005794736166838,0.00804525410229406
Lag-Llama,AUDUSD,ACI (first-half $\gamma$),0.05,0.02724014336917563,9.46043500838095e-08,2.2532501181824442e-07,red,0.017024446347246067,0.011934105846485424
Lag-Llama,BOVESPA,Conformal static,0.01,0.010033444816053512,0.9886470566308652,0.8330683592652789,green,0.03915271126697823,0.021107796803308522
Lag-Llama,BOVESPA,Conformal rolling $w{=}250$,0.01,0.00947603121516165,0.8219637326874112,0.8285776644343169,green,0.044788646474762384,0.021393277769264245
Lag-Llama,BOVESPA,ACI (first-half $\gamma$),0.01,0.006131549609810479,0.07611071317314964,0.1937997768047498,green,0.05286096573324056,0.022742127452057424
Lag-Llama,BTC,Conformal static,0.01,0.0027100271002710027,0.0038240712720445454,0.015132361227228535,green,0.09578072542474517,0.03125337726920776
Lag-Llama,BTC,Conformal rolling $w{=}250$,0.01,0.008130081300813009,0.5181108206354494,0.7537724639028736,green,0.07831888462265943,0.03184019894051041
Lag-Llama,BTC,ACI (first-half $\gamma$),0.01,0.007226738934056007,0.3292522440224591,0.586134134474698,green,0.08386096679649202,0.03455853837915076
Lag-Llama,FCHI,Conformal static,0.01,0.009698275862068966,0.8955377981731205,0.8311065915851725,green,0.03599782436040765,0.0172741431024936
Lag-Llama,FCHI,Conformal rolling $w{=}250$,0.01,0.009159482758620689,0.7120065114937537,0.7982137259255757,green,0.03728239207044433,0.017449572551654777
Lag-Llama,FCHI,ACI (first-half $\gamma$),0.01,0.0026939655172413795,0.000172964782065245,0.0008540062121603031,green,0.0523885315725502,0.02655836274944186
Lag-Llama,CBU0,Conformal static,0.01,0.012295081967213115,0.48664354644030694,0.6760379686560378,green,0.013675312855372256,0.0053959663035247005
Lag-Llama,CBU0,Conformal rolling $w{=}250$,0.01,0.005122950819672131,0.09109783272852541,0.23381939273010321,green,0.015680070757940097,0.005416293200897511
Lag-Llama,CBU0,ACI (first-half $\gamma$),0.01,0.0030737704918032786,0.010853768911438872,0.038626716246185196,green,0.016316837827742976,0.00551804271155688
Lag-Llama,DJCI,Conformal static,0.005,0.015873015873015872,0.15230893909471716,0.30054015124585365,yellow,0.024972881598104915,0.014263423327752796
Lag-Llama,DJCI,Conformal rolling $w{=}250$,0.005,0.012987012987012988,0.44993419964686676,0.6676396630452008,yellow,0.029600636291580832,0.014402635631509397
Lag-Llama,DJCI,ACI (first-half $\gamma$),0.005,0.002886002886002886,0.02647859834768405,0.08475057888094152,green,0.04423965685477557,0.0149565686680153
Lag-Llama,ETH,Conformal static,0.001,0.005249343832020997,0.14715593601862065,0.34236433194959304,green,0.11917144197463012,0.04732718884563869
Lag-Llama,ETH,Conformal rolling $w{=}250$,0.001,0.009186351706036745,0.8189685114033611,0.9128544455622593,green,0.11203004889888335,0.04785201747775026
Lag-Llama,ETH,ACI (first-half $\gamma$),0.001,0.0026246719160104987,0.014874706568780713,0.05125746874628799,green,0.15088009355784332,0.04761304234223151
Lag-Llama,EURUSD,Conformal static,0.01,0.010113780025284451,0.9637898427057872,0.8482230671086513,green,0.013686801316985645,0.005873237511661266
Lag-Llama,EURUSD,Conformal rolling $w{=}250$,0.01,0.010745891276864728,0.768292870163249,0.7959782883823077,green,0.015370231842757124,0.005972558011939431
Lag-Llama,EURUSD,ACI (first-half $\gamma$),0.01,0.0031605562579013905,0.0014072972254011897,0.006012184672120145,green,0.01842284701731791,0.006833029553131567
Lag-Llama,FTSE100,Conformal static,0.01,0.009274413529732678,0.751949509243384,0.33371274207009216,green,0.028609248819810928,0.01564997680011572
Lag-Llama,FTSE100,Conformal rolling $w{=}250$,0.01,0.009274413529732678,0.751949509243384,0.33371274207009216,green,0.030345229223394308,0.01574652655263213
Lag-Llama,FTSE100,ACI (first-half $\gamma$),0.01,0.0038188761593016913,0.0023500881652758943,0.0006004193866415339,green,0.04153388783071873,0.021606250705528372
Lag-Llama,GBPUSD,Conformal static,0.01,0.011356466876971609,0.5952442973866977,0.7060880387600557,green,0.016042099899877017,0.007267606605297782
Lag-Llama,GBPUSD,Conformal rolling $w{=}250$,0.01,0.010094637223974764,0.9698408091471286,0.8487565695091328,green,0.017171583177464787,0.007345603671597188
Lag-Llama,GBPUSD,ACI (first-half $\gamma$),0.01,0.0031545741324921135,0.001376113685753543,0.005889405134014766,green,0.023359795003041202,0.009535547848648079
Lag-Llama,GDAXI,Conformal static,0.01,0.009766684753119913,0.9195039654375448,0.8329839709473073,green,0.036924283536956135,0.018981589636954132
Lag-Llama,GDAXI,Conformal rolling $w{=}250$,0.01,0.009766684753119913,0.9195039654375448,0.8329839709473073,green,0.038465230566138896,0.01918289767858078
Lag-Llama,GDAXI,ACI (first-half $\gamma$),0.01,0.005968529571351058,0.06003720860867404,0.15973122529266537,green,0.051988792569616124,0.026715107728802964
Lag-Llama,GOLD,Conformal static,0.01,0.011864406779661017,0.44379668339050204,0.5795418178902159,yellow,0.03201985772523555,0.01703097832153575
Lag-Llama,GOLD,Conformal rolling $w{=}250$,0.01,0.012429378531073447,0.3223014587953534,0.4644757934258308,green,0.035621768559539864,0.01715625580338259
Lag-Llama,GOLD,ACI (first-half $\gamma$),0.01,0.002824858757062147,0.00033737900146889067,0.0015972844563127934,green,0.05951499934938759,0.028858440257244267
Lag-Llama,HSI,Conformal static,0.001,0.007847533632286996,0.34236895927507693,0.570313819164971,green,0.04313668941814548,0.019685370613879618
Lag-Llama,HSI,Conformal rolling $w{=}250$,0.001,0.008408071748878924,0.48716735323690596,0.6916659103718372,green,0.045243064740548004,0.02012982643931844
Lag-Llama,HSI,ACI (first-half $\gamma$),0.001,0.0016816143497757848,1.235675155409523e-05,7.058198200473078e-05,green,0.08432691303548472,0.02139224032560148
Lag-Llama,IBGL,Conformal static,0.01,0.009787928221859706,0.9402998837606482,0.885573035251874,green,0.02573859213456436,0.009213896493863578
Lag-Llama,IBGL,Conformal rolling $w{=}250$,0.01,0.00734094616639478,0.3260216257982505,0.5775672486711588,green,0.02568482968839132,0.009267572759037477
Lag-Llama,IBGL,ACI (first-half $\gamma$),0.01,0.004078303425774877,0.01801901740597136,0.05974668954750549,green,0.02839805505089574,0.009463647204737292
Lag-Llama,ICLN,Conformal static,0.05,0.005063291139240506,0.05910570653431927,0.16337427243599192,green,0.05190147275062481,0.018118825714440772
Lag-Llama,ICLN,Conformal rolling $w{=}250$,0.05,0.006751054852320675,0.23234634922963607,0.4641061064566181,green,0.05379666285832131,0.01827913378625937
Lag-Llama,ICLN,ACI (first-half $\gamma$),0.05,0.035443037974683546,7.981437395795892e-12,6.335088774636819e-11,yellow,0.04012613541437677,0.020774108537544057
Lag-Llama,NATGAS,Conformal static,0.01,0.01129305477131564,0.5920815997024045,0.6892653256932236,green,0.11074864633706195,0.05361166048813831
Lag-Llama,NATGAS,Conformal rolling $w{=}250$,0.01,0.009034443817052512,0.6780194314084952,0.7928382271201492,green,0.12734549406860407,0.054205322449987825
Lag-Llama,NATGAS,ACI (first-half $\gamma$),0.01,0.00564652738565782,0.04488467092751354,0.12640019383054643,green,0.1416913539242558,0.055924511115361425
Lag-Llama,NIFTY,Conformal static,0.05,0.011589403973509934,0.5881415432866741,0.7327699614995351,green,0.026056311760251253,0.010520462402017464
Lag-Llama,NIFTY,Conformal rolling $w{=}250$,0.05,0.008278145695364239,0.535314312425869,0.759048249037668,green,0.028849849191777136,0.010627360409483876
Lag-Llama,NIFTY,ACI (first-half $\gamma$),0.05,0.02566225165562914,4.859332404563009e-06,1.46136237948144e-05,yellow,0.02274978896371908,0.01148962549441932
Lag-Llama,NIKKEI,Conformal static,0.01,0.007336343115124154,0.23683598367476402,0.4512213577884624,green,0.039986235886716376,0.01729820941770715
Lag-Llama,NIKKEI,Conformal rolling $w{=}250$,0.01,0.009593679458239277,0.8625923126791948,0.8354821112809491,green,0.0420784755557482,0.01751901723023481
Lag-Llama,NIKKEI,ACI (first-half $\gamma$),0.01,0.002257336343115124,7.662365631900111e-05,0.00039803587069237793,green,0.048305135239299024,0.018091931874173517
Lag-Llama,SP500,Conformal static,0.05,0.010416666666666666,0.859006300282899,0.8058219911623113,green,0.03349326191507681,0.018281671905490036
Lag-Llama,SP500,Conformal rolling $w{=}250$,0.05,0.008223684210526315,0.431491174916802,0.6480084524210608,green,0.03817719822932735,0.01847516832170545
Lag-Llama,SP500,ACI (first-half $\gamma$),0.05,0.03673245614035088,9.537085343266965e-19,6.886036889791132e-18,green,0.030680812292594627,0.022032032664140045
Lag-Llama,STOXX,Conformal static,0.01,0.0026702269692923898,0.0007043544732802477,0.003184126755613604,green,0.034089460537542006,0.012596427254495357
Lag-Llama,STOXX,Conformal rolling $w{=}250$,0.01,0.006675567423230975,0.16874172253422795,0.36265864479202814,green,0.030950262026513093,0.012663346065228768
Lag-Llama,STOXX,ACI (first-half $\gamma$),0.01,0.004672897196261682,0.02070348642016728,0.06662491605054022,green,0.03324131569845903,0.01325745579973933
Lag-Llama,TLT,Conformal static,0.001,0.011036174126302882,0.6791097305359894,0.7508408286452862,green,0.027227903434501842,0.010958532046383135
Lag-Llama,TLT,Conformal rolling $w{=}250$,0.001,0.00797057020232986,0.393134480674471,0.6255473787274668,green,0.029576616354796213,0.011002297843240232
Lag-Llama,TLT,ACI (first-half $\gamma$),0.001,0.0006131207847946045,5.218978428409991e-07,3.4018555635696447e-06,green,0.03703802894238753,0.01105687755646518
Lag-Llama,USDJPY,Conformal static,0.01,0.010063559322033898,0.977879617810962,0.8239523708984758,green,0.016941672261328398,0.007766246034226203
Lag-Llama,USDJPY,Conformal rolling $w{=}250$,0.01,0.01059322033898305,0.79749930119246,0.7810083510496697,green,0.018590394998367295,0.007870834760147796
Lag-Llama,USDJPY,ACI (first-half $\gamma$),0.01,0.0026483050847457626,0.00013460637397634144,0.0006746162534774806,green,0.022646715685718275,0.009160268319760767
Lag-Llama,WTI,Conformal static,0.01,0.011851015801354402,0.44673078787806986,0.3842704005541056,green,0.07477881121116138,0.046900241062517924
Lag-Llama,WTI,Conformal rolling $w{=}250$,0.01,0.010158013544018058,0.946838076929493,0.39773335079079625,green,0.09985873775615292,0.04778777529093414
Lag-Llama,WTI,ACI (first-half $\gamma$),0.01,0.002257336343115124,7.662365631900111e-05,0.00039803587069237793,green,0.1317912205149947,0.05690130328757831
GJR-GARCH,ASX200,Conformal static,0.001,0.01778242677824268,0.0020549184192513613,0.0006514961135943364,green,0.0237019239930674,0.005403470846329901
GJR-GARCH,ASX200,Conformal rolling $w{=}250$,0.001,0.007322175732217573,0.21658366874210955,0.11050227177204937,green,0.02911647780711271,0.005513062009556362
GJR-GARCH,ASX200,ACI (first-half $\gamma$),0.001,0.012552301255230125,0.2806581483260239,0.061191739246053936,green,0.02518671037714373,0.005410441176764614
GJR-GARCH,AUDUSD,Conformal static,0.001,0.0047522063815342835,0.02413036664313097,0.07607267466248732,green,0.018121332300601173,0.00254567884908855
GJR-GARCH,AUDUSD,Conformal rolling $w{=}250$,0.001,0.009504412763068567,0.8471474790150968,0.29416706297932876,green,0.018496647151890918,0.0027171543593078
GJR-GARCH,AUDUSD,ACI (first-half $\gamma$),0.001,0.019008825526137134,0.001998463647056647,0.002393736990824285,green,0.015086536643306187,0.002548338098914628
GJR-GARCH,BOVESPA,Conformal static,0.001,0.02189001601708489,7.862244413858924e-06,4.579250340476556e-05,yellow,0.03078223820726274,0.006933347853000278
GJR-GARCH,BOVESPA,Conformal rolling $w{=}250$,0.001,0.00800854244527496,0.36954060779458564,0.1836457529367384,green,0.040425471505782205,0.007230217329090505
GJR-GARCH,BOVESPA,ACI (first-half $\gamma$),0.001,0.01868659903897491,0.0007469269671536307,0.003131282103020581,yellow,0.03379675745549794,0.0069390462857821
GJR-GARCH,BTC,Conformal static,0.001,0.0033755274261603376,0.007864194212597242,0.02885042285925228,green,0.09642040827926486,0.032178115821660594
GJR-GARCH,BTC,Conformal rolling $w{=}250$,0.001,0.008438818565400843,0.5788728872785021,0.78724948490584,green,0.0877107115523036,0.032393712503799826
GJR-GARCH,BTC,ACI (first-half $\gamma$),0.001,0.016877637130801686,0.03028701742122835,0.0612840131770816,red,0.07421309161872035,0.03218848691861318
GJR-GARCH,FCHI,Conformal static,0.001,0.016020671834625324,0.014376847488653387,0.030177777169744336,green,0.02977394510668058,0.0073881343589846
GJR-GARCH,FCHI,Conformal rolling $w{=}250$,0.001,0.009302325581395349,0.7549634016571879,0.804279485874432,green,0.03525991603668426,0.007546611276448785
GJR-GARCH,FCHI,ACI (first-half $\gamma$),0.001,0.013953488372093023,0.09907377190052823,0.17508497173755722,green,0.030522098088923266,0.00739455341855254
GJR-GARCH,CBU0,Conformal static,0.001,0.0009478672985781991,0.00014204685136279973,0.0007184949500795083,green,0.01706361503533604,0.0017052412365377917
GJR-GARCH,CBU0,Conformal rolling $w{=}250$,0.001,0.007582938388625593,0.4098376546404163,0.6697693556490023,green,0.0134068499136338,0.0017125403139726992
GJR-GARCH,CBU0,ACI (first-half $\gamma$),0.001,0.017061611374407582,0.036232689478673065,0.08160891111052976,red,0.012607310881995301,0.0017053475585052508
GJR-GARCH,DJCI,Conformal static,0.001,0.02849740932642487,2.4712734316088075e-05,2.873116966312554e-13,red,0.023636450635968552,0.0032300100658060817
GJR-GARCH,DJCI,Conformal rolling $w{=}250$,0.001,0.012953367875647668,0.4302223849444028,0.6424146246250984,yellow,0.026920918694236046,0.0033017173150575794
GJR-GARCH,DJCI,ACI (first-half $\gamma$),0.001,0.014248704663212436,0.26472522717372166,1.5398301287765292e-12,yellow,0.028190719925744574,0.0032318673284310972
GJR-GARCH,ETH,Conformal static,0.001,0.005945303210463734,0.20113530743764274,0.4287007885885721,green,0.11545940597991368,0.03401914475524335
GJR-GARCH,ETH,Conformal rolling $w{=}250$,0.001,0.01070154577883472,0.8397812285705483,0.8887743894305933,green,0.11932061921445904,0.03444652676949441
GJR-GARCH,ETH,ACI (first-half $\gamma$),0.001,0.013079667063020214,0.39143203640411317,0.5985724586887682,green,0.09774749106344566,0.03403964918375799
GJR-GARCH,EURUSD,Conformal static,0.001,0.012650602409638554,0.2971768335854248,0.44368154002071436,green,0.01173515032007797,0.001326222932847336
GJR-GARCH,EURUSD,Conformal rolling $w{=}250$,0.001,0.009036144578313253,0.6882536391206935,0.8046447370628673,green,0.013567297186136014,0.0013486837867850523
GJR-GARCH,EURUSD,ACI (first-half $\gamma$),0.001,0.018674698795180723,0.0015228285888803299,0.0036401728992112863,green,0.010971842106474594,0.001326863458291594
GJR-GARCH,FTSE100,Conformal static,0.001,0.010465724751439037,0.8390765965149758,0.4379654953141807,green,0.02431537157395603,0.0069217940296368045
GJR-GARCH,FTSE100,Conformal rolling $w{=}250$,0.001,0.007849293563579277,0.32616218573479305,0.16659914687478308,green,0.029314409217544374,0.007102534389507687
GJR-GARCH,FTSE100,ACI (first-half $\gamma$),0.001,0.011512297226582941,0.5164546649472197,0.005286689412242406,green,0.023704442291561073,0.006939848295673148
GJR-GARCH,GBPUSD,Conformal static,0.001,0.013221153846153846,0.20822688825400615,0.3372918487357616,green,0.013947253622724561,0.00225376000541273
GJR-GARCH,GBPUSD,Conformal rolling $w{=}250$,0.001,0.01141826923076923,0.5696280762766717,0.39081668509656214,green,0.01649238765650384,0.0023706136227720424
GJR-GARCH,GBPUSD,ACI (first-half $\gamma$),0.001,0.015024038461538462,0.05520720284883648,0.10987195642123278,green,0.013974816050548936,0.0022613844968686755
GJR-GARCH,GDAXI,Conformal static,0.001,0.01664932362122789,0.0074870523770552795,0.02362792268398461,yellow,0.03086103662026773,0.00661366835830259
GJR-GARCH,GDAXI,Conformal rolling $w{=}250$,0.001,0.008324661810613945,0.44716013822807277,0.6548789395265651,green,0.03669365281359837,0.006749231135399661
GJR-GARCH,GDAXI,ACI (first-half $\gamma$),0.001,0.016129032258064516,0.01313155473974627,0.03774744482797486,yellow,0.031626894535554305,0.006624592507604961
GJR-GARCH,GOLD,Conformal static,0.001,0.010281385281385282,0.9036795655309797,0.4188186357352346,green,0.03111877172766966,0.004385215810941879
GJR-GARCH,GOLD,Conformal rolling $w{=}250$,0.001,0.008116883116883116,0.40029188688299133,0.19517493763059154,green,0.033777157608349664,0.0045011520453811715
GJR-GARCH,GOLD,ACI (first-half $\gamma$),0.001,0.013528138528138528,0.14801384427844713,0.04719636119640751,green,0.028231622864976942,0.004392531587991023
GJR-GARCH,HSI,Conformal static,0.001,0.008055853920515575,0.38285259646145153,0.6049269562716786,green,0.03936349038727752,0.004291973937430153
GJR-GARCH,HSI,Conformal rolling $w{=}250$,0.001,0.008592910848549946,0.5317739851884301,0.7158709559541907,green,0.0422528836317326,0.004783148993221897
GJR-GARCH,HSI,ACI (first-half $\gamma$),0.001,0.013963480128893663,0.10484062835813955,0.1813835479099835,green,0.03532402988940538,0.004306440125873154
GJR-GARCH,IBGL,Conformal static,0.001,0.0053639846743295016,0.06488122216259505,0.015561834606235312,green,0.025048135020296472,0.0015785017029562062
GJR-GARCH,IBGL,Conformal rolling $w{=}250$,0.001,0.011494252873563218,0.5961729460461179,0.7298171751165832,green,0.023327455795129137,0.0016771449692872917
GJR-GARCH,IBGL,ACI (first-half $\gamma$),0.001,0.016091954022988506,0.04213279504695248,0.08136016385049777,red,0.021054063188112853,0.0015815537183881936
GJR-GARCH,ICLN,Conformal static,0.001,0.006334125098970704,0.16034292347117948,0.3546827564586482,green,0.05227379448051901,0.0036199454325600063
GJR-GARCH,ICLN,Conformal rolling $w{=}250$,0.001,0.011876484560570071,0.5150702991683265,0.31310616765793337,green,0.05160050954363479,0.004148786709550678
GJR-GARCH,ICLN,ACI (first-half $\gamma$),0.001,0.01583531274742676,0.05474553211085143,0.01839832337272561,green,0.041447927696475644,0.0036227621764722846
GJR-GARCH,NATGAS,Conformal static,0.001,0.0075675675675675675,0.2719127417664601,0.49147258251794657,green,0.12188063041107212,0.015375491156213578
GJR-GARCH,NATGAS,Conformal rolling $w{=}250$,0.001,0.008648648648648649,0.549849620189909,0.7272704599641615,green,0.12913069391385823,0.015918622684237715
GJR-GARCH,NATGAS,ACI (first-half $\gamma$),0.001,0.014594594594594595,0.06305764753773445,0.12662403993379542,green,0.11025384029093918,0.01538021371112401
GJR-GARCH,NIFTY,Conformal static,0.001,0.010101010101010102,0.970995889640308,0.8750969732607062,green,0.023513420968928694,0.004351521584564906
GJR-GARCH,NIFTY,Conformal rolling $w{=}250$,0.001,0.009324009324009324,0.805272058573062,0.8663901125109059,yellow,0.02526610462314271,0.0044701426113619835
GJR-GARCH,NIFTY,ACI (first-half $\gamma$),0.001,0.016317016317016316,0.03687511553318246,0.07992091061880746,yellow,0.02222649850184733,0.00435575074363918
GJR-GARCH,NIKKEI,Conformal static,0.001,0.009724473257698542,0.9047321774664351,0.38157162715240656,green,0.03473636961516679,0.008904259523363482
GJR-GARCH,NIKKEI,Conformal rolling $w{=}250$,0.001,0.006482982171799027,0.10411226801219785,0.04855121965192341,green,0.04064457203205737,0.00914193191959386
GJR-GARCH,NIKKEI,ACI (first-half $\gamma$),0.001,0.01350621285791464,0.1500987236555107,0.22838730530004336,green,0.0328173539878995,0.008919119684877613
GJR-GARCH,SP500,Conformal static,0.001,0.014195583596214511,0.08364884095614586,0.1517848560571976,green,0.03163137283141491,0.008368394394001038
GJR-GARCH,SP500,Conformal rolling $w{=}250$,0.001,0.007360672975814932,0.22483723413107126,0.4315020443138873,green,0.03844228742815622,0.008512074935065108
GJR-GARCH,SP500,ACI (first-half $\gamma$),0.001,0.013669821240799159,0.12760586028234105,0.2184407532014933,green,0.03287367827622188,0.008382643884670807
GJR-GARCH,STOXX,Conformal static,0.001,0.012048192771084338,0.4283801601659768,0.35038151426902037,green,0.028221014989716228,0.0068291419239240045
GJR-GARCH,STOXX,Conformal rolling $w{=}250$,0.001,0.008243500317057704,0.46967070053234317,0.6910784336503167,green,0.033135270837159024,0.007016626188361491
GJR-GARCH,STOXX,ACI (first-half $\gamma$),0.001,0.011414077362079899,0.580993280220493,0.045211532858251614,green,0.02910663705313229,0.006848756908457627
GJR-GARCH,TLT,Conformal static,0.001,0.008191925102399064,0.4380339783708731,0.6594049591018998,yellow,0.026922277561785977,0.003792756055091005
GJR-GARCH,TLT,Conformal rolling $w{=}250$,0.001,0.008191925102399064,0.4380339783708731,0.6594049591018998,green,0.02755092915574784,0.00385324766729243
GJR-GARCH,TLT,ACI (first-half $\gamma$),0.001,0.015213575190169689,0.04426662131285408,0.023225926509835706,red,0.023985670193927694,0.003793343953064428
GJR-GARCH,USDJPY,Conformal static,0.001,0.013733468972533061,0.11535681665059418,0.19843893389767314,green,0.015063239258662257,0.0025001769001156814
GJR-GARCH,USDJPY,Conformal rolling $w{=}250$,0.001,0.008138351983723296,0.3912796573127142,0.6072396964270128,green,0.018636278036386313,0.002636308923854019
GJR-GARCH,USDJPY,ACI (first-half $\gamma$),0.001,0.011698880976602238,0.4609827225644151,0.5803292209182034,green,0.01505245184004732,0.0025073334456751925
GJR-GARCH,WTI,Conformal static,0.001,0.011351351351351352,0.5674394346880967,0.06022115457983035,green,0.07407279948175409,0.016307740980354195
GJR-GARCH,WTI,Conformal rolling $w{=}250$,0.001,0.009189189189189189,0.72232387045173,0.001367076920010038,green,0.08903179215869568,0.016551770906667453
GJR-GARCH,WTI,ACI (first-half $\gamma$),0.001,0.01027027027027027,0.9074004368451875,0.04806139720117876,yellow,0.07753318006216015,0.01644360224110022
GARCH-N,ASX200,Conformal static,0.01,0.018305439330543932,0.001073373936257401,0.0004153090610695692,yellow,0.02281919994416439,0.0035511074894395726
GARCH-N,ASX200,Conformal rolling $w{=}250$,0.01,0.009414225941422594,0.7948798349622951,0.03563245452010829,green,0.029220209182272524,0.0037434670651820138
GARCH-N,ASX200,ACI (first-half $\gamma$),0.01,0.002615062761506276,0.00011145056287069298,0.0005647285700827461,green,0.03482998157041171,0.00645741171700442
GARCH-N,AUDUSD,Conformal static,0.01,0.0033944331296673455,0.003146872415445941,0.01256061997411994,green,0.017883422513994898,0.004287880992427193
GARCH-N,AUDUSD,Conformal rolling $w{=}250$,0.01,0.00746775288526816,0.3064922139908858,0.5456996661115624,green,0.017962247925816507,0.0044373077041948445
GARCH-N,AUDUSD,ACI (first-half $\gamma$),0.01,0.008825526137135099,0.6438882524355134,0.23488502795356198,green,0.01811041590070024,0.006168330309165141
GARCH-N,BOVESPA,Conformal static,0.001,0.012279765082754938,0.3383285383065183,0.47497870726665015,green,0.03360452577382871,0.004310863226943378
GARCH-N,BOVESPA,Conformal rolling $w{=}250$,0.001,0.0069407367859049655,0.15906606912334026,0.07788090291242789,green,0.04132960404463495,0.004833617062021033
GARCH-N,BOVESPA,ACI (first-half $\gamma$),0.001,0.004271222637479978,0.004913478413205501,0.018502661266071977,green,0.05439612705093184,0.004919639067116484
GARCH-N,BTC,Conformal static,0.01,0.0033755274261603376,0.007864194212597242,0.02885042285925228,green,0.08344599821784587,0.01245175584387234
GARCH-N,BTC,Conformal rolling $w{=}250$,0.01,0.007594936708860759,0.38487928248212877,0.6398853459144265,green,0.07648084229513348,0.012740030012803577
GARCH-N,BTC,ACI (first-half $\gamma$),0.01,0.005063291139240506,0.05910570653431927,0.16337427243599192,green,0.080811860790139,0.016396986460192175
GARCH-N,FCHI,Conformal static,0.01,0.017054263565891473,0.004602676266317647,0.00015056087916077814,yellow,0.02821578584657993,0.005201554888341265
GARCH-N,FCHI,Conformal rolling $w{=}250$,0.01,0.0103359173126615,0.882581001502399,0.437797819656364,green,0.03626206347076599,0.005451687763891009
GARCH-N,FCHI,ACI (first-half $\gamma$),0.01,0.00516795865633075,0.018550345307791767,0.059386820114683866,green,0.041673762576112154,0.007747363396494292
GARCH-N,CBU0,Conformal static,0.01,0.008530805687203791,0.6227107009251567,0.8199180071057386,green,0.012519496162271866,0.000802217695810974
GARCH-N,CBU0,Conformal rolling $w{=}250$,0.01,0.008530805687203791,0.6227107009251567,0.8199180071057386,green,0.012833849904755565,0.0008264184225214658
GARCH-N,CBU0,ACI (first-half $\gamma$),0.01,0.011374407582938388,0.6606352030661767,0.7909066863937456,green,0.01212763999595787,0.0009033456091947317
GARCH-N,DJCI,Conformal static,0.01,0.011658031088082901,0.6518874883214196,0.21143930815464088,green,0.023541190852439907,0.0020792909590925325
GARCH-N,DJCI,Conformal rolling $w{=}250$,0.01,0.011658031088082901,0.6518874883214196,0.8121533830633068,green,0.027751806027399767,0.002314704824244665
GARCH-N,DJCI,ACI (first-half $\gamma$),0.01,0.0038860103626943004,0.051317603064967444,0.1479830696779086,green,0.02962983388067102,0.0027875834250424385
GARCH-N,ETH,Conformal static,0.01,0.007134363852556481,0.37866695286326224,0.6500679245926206,green,0.11530816492433932,0.008775260380715907
GARCH-N,ETH,Conformal rolling $w{=}250$,0.01,0.01070154577883472,0.8397812285705483,0.8887743894305933,green,0.1104435383530374,0.009660682580815271
GARCH-N,ETH,ACI (first-half $\gamma$),0.01,0.008323424494649227,0.6148112912154005,0.8307401747123333,green,0.11659220547696135,0.010666499047787197
GARCH-N,EURUSD,Conformal static,0.005,0.008433734939759036,0.5098178170957479,0.7143581140907567,green,0.01180538334923354,0.0009140969098936511
GARCH-N,EURUSD,Conformal rolling $w{=}250$,0.005,0.007228915662650603,0.23258895397138357,0.4493685988902608,green,0.012801340115107671,0.0009696049980171456
GARCH-N,EURUSD,ACI (first-half $\gamma$),0.005,0.007228915662650603,0.23258895397138357,0.4493685988902608,green,0.013596063609048819,0.0012076010360892316
GARCH-N,FTSE100,Conformal static,0.01,0.0141287284144427,0.08766663762769028,0.16238388359150835,green,0.02444818147507398,0.005127135198460005
GARCH-N,FTSE100,Conformal rolling $w{=}250$,0.01,0.007849293563579277,0.32616218573479305,0.16659914687478308,green,0.03000633442008295,0.005352620607204091
GARCH-N,FTSE100,ACI (first-half $\gamma$),0.01,0.0052328623757195184,0.021187981549500204,0.0666524351514308,green,0.03591944284383545,0.006785532689150539
GARCH-N,GBPUSD,Conformal static,0.01,0.008413461538461538,0.503682164051213,0.7100313764952111,green,0.014284094595144193,0.001510447198907954
GARCH-N,GBPUSD,Conformal rolling $w{=}250$,0.01,0.010216346153846154,0.9295721963827073,0.8356995970570615,green,0.015481667783213752,0.0016090139163437167
GARCH-N,GBPUSD,ACI (first-half $\gamma$),0.01,0.005408653846153846,0.03918451624133924,0.1135630048792465,green,0.018449643422901216,0.003212600898538314
GARCH-N,GDAXI,Conformal static,0.01,0.01664932362122789,0.0074870523770552795,0.001514450960685403,yellow,0.029285867652617457,0.005287304816133949
GARCH-N,GDAXI,Conformal rolling $w{=}250$,0.01,0.008844953173777315,0.6036706809471064,0.2943077906977771,green,0.03768061889106345,0.005603671813779086
GARCH-N,GDAXI,ACI (first-half $\gamma$),0.01,0.004682622268470343,0.008925310168513194,0.0313914413107457,green,0.044141047913187334,0.008781844802545093
GARCH-N,GOLD,Conformal static,0.01,0.008658008658008658,0.5528990168098235,0.26219315772757207,green,0.029349102245931773,0.003418969041151177
GARCH-N,GOLD,Conformal rolling $w{=}250$,0.01,0.011363636363636364,0.5642057661622889,0.42075887760368835,green,0.03176169009820642,0.003711466251698998
GARCH-N,GOLD,ACI (first-half $\gamma$),0.01,0.005952380952380952,0.05858214765811043,0.15654010891593462,green,0.04147353064438698,0.010090599203667377
GARCH-N,HSI,Conformal static,0.01,0.01020408163265306,0.9297088066635899,0.41765824122469253,green,0.037685231485667284,0.0034335012270036783
GARCH-N,HSI,Conformal rolling $w{=}250$,0.01,0.008592910848549946,0.5317739851884301,0.25545212853030624,green,0.04271709470180219,0.0045000544316074415
GARCH-N,HSI,ACI (first-half $\gamma$),0.01,0.009129967776584319,0.7017635902258191,0.3216349125663634,yellow,0.04548803422838347,0.011578159788575237
GARCH-N,IBGL,Conformal static,0.01,0.004597701149425287,0.028228510453388353,0.005558857217907663,green,0.022872190530513543,0.0006816569982725638
GARCH-N,IBGL,Conformal rolling $w{=}250$,0.01,0.009195402298850575,0.7671249534424425,0.24020855470692948,green,0.02125864747816409,0.0007619708928162281
GARCH-N,IBGL,ACI (first-half $\gamma$),0.01,0.01532567049808429,0.07295637902592639,0.11991508250025915,yellow,0.019153485252546457,0.0008566667074740934
GARCH-N,ICLN,Conformal static,0.01,0.00791765637371338,0.4402114402676144,0.6854096268017291,green,0.04634190909771205,0.0023646473092829006
GARCH-N,ICLN,Conformal rolling $w{=}250$,0.01,0.007125890736342043,0.27915034496510044,0.5219120010741936,green,0.05107071278052146,0.002684877886135532
GARCH-N,ICLN,ACI (first-half $\gamma$),0.01,0.014251781472684086,0.1534332923264056,0.2782181035847488,green,0.04142130053047071,0.002940274004944869
GARCH-N,NATGAS,Conformal static,0.005,0.00972972972972973,0.9065746205109829,0.832067223648232,green,0.10607488214058985,0.009118137799363745
GARCH-N,NATGAS,Conformal rolling $w{=}250$,0.005,0.00972972972972973,0.9065746205109829,0.832067223648232,green,0.1210123440936966,0.010238805992616857
GARCH-N,NATGAS,ACI (first-half $\gamma$),0.005,0.010810810810810811,0.7293704147571607,0.7568816724811886,green,0.12234786155511776,0.010274235929561455
GARCH-N,NIFTY,Conformal static,0.01,0.009324009324009324,0.805272058573062,0.8663901125109059,green,0.023386872036979058,0.0030253364116016417
GARCH-N,NIFTY,Conformal rolling $w{=}250$,0.01,0.00777000777000777,0.40272278013065566,0.6515107642534512,green,0.026582382125406232,0.003145140309967896
GARCH-N,NIFTY,ACI (first-half $\gamma$),0.01,0.00777000777000777,0.40272278013065566,0.6515107642534512,green,0.028160545358864943,0.005504489801034511
GARCH-N,NIKKEI,Conformal static,0.01,0.012965964343598054,0.22003946216337772,0.05461195867152801,green,0.032694769901666164,0.00709041943001595
GARCH-N,NIKKEI,Conformal rolling $w{=}250$,0.01,0.007563479200432199,0.2709394929357693,0.13321518694497406,green,0.04052384534777838,0.007440817411358415
GARCH-N,NIKKEI,ACI (first-half $\gamma$),0.01,0.005402485143165856,0.02938460653735683,0.01182543902314847,green,0.044256417866376754,0.012050668343043284
GARCH-N,SP500,Conformal static,0.01,0.011566771819137749,0.5028197031202576,0.4176377116671083,green,0.02975357501939881,0.004612104748643211
GARCH-N,SP500,Conformal rolling $w{=}250$,0.01,0.006834910620399579,0.14117161537298806,0.07010290157210852,green,0.03496194147846312,0.004783640156758205
GARCH-N,SP500,ACI (first-half $\gamma$),0.01,0.006309148264984227,0.08264448085229352,0.20550437612861894,green,0.03839591433935744,0.006068047070981567
GARCH-N,STOXX,Conformal static,0.01,0.010145846544071021,0.9536925909058616,0.35811040708509884,green,0.027006831051041583,0.005358403895411222
GARCH-N,STOXX,Conformal rolling $w{=}250$,0.01,0.007609384908053266,0.31919787800777366,0.12851034502572617,green,0.03291837724540604,0.005641055497241833
GARCH-N,STOXX,ACI (first-half $\gamma$),0.01,0.004438807863031071,0.012643054605400363,0.04326455464849637,green,0.03950628691860055,0.0078004661495926315
GARCH-N,TLT,Conformal static,0.001,0.011117612638970159,0.6482722583656855,0.7277606136160646,green,0.02343497809235962,0.0025022231601274925
GARCH-N,TLT,Conformal rolling $w{=}250$,0.001,0.008777062609713282,0.6038139451145381,0.7652575594409107,green,0.026020274953074716,0.0025598583929456343
GARCH-N,TLT,ACI (first-half $\gamma$),0.001,0.007021650087770626,0.19108747764571482,0.39081811764961544,green,0.025604295902053466,0.0025143895398386062
GARCH-N,USDJPY,Conformal static,0.01,0.010681586978636826,0.7638616924946391,0.7618691713950047,green,0.014739433259915441,0.0010486061205648401
GARCH-N,USDJPY,Conformal rolling $w{=}250$,0.01,0.008138351983723296,0.3912796573127142,0.6072396964270128,green,0.017541212592980217,0.0012355970144921162
GARCH-N,USDJPY,ACI (first-half $\gamma$),0.01,0.009155645981688708,0.7026803556091811,0.7872089997370619,green,0.01654393096174908,0.0017047736659769335
GARCH-N,WTI,Conformal static,0.01,0.013513513513513514,0.14940154879284961,0.04744612967008132,green,0.06461797708534484,0.012592557222066467
GARCH-N,WTI,Conformal rolling $w{=}250$,0.01,0.009189189189189189,0.72232387045173,0.02935707939667085,green,0.09116363816277263,0.013239760887803436
GARCH-N,WTI,ACI (first-half $\gamma$),0.01,0.004864864864864865,0.013677025086826828,0.045789415961918274,green,0.11151728881148233,0.029298246058538157
HS,ASX200,Conformal static,0.005,0.010460251046025104,0.840887731149085,0.00014899529858038727,green,0.030361704545668902,0.000815203548045444
HS,ASX200,Conformal rolling $w{=}250$,0.005,0.014644351464435146,0.05627086148250394,0.11812278818845312,green,0.03816983437626695,0.0019088551449604667
HS,ASX200,ACI (first-half $\gamma$),0.005,0.006276150627615063,0.0789264961745539,0.03769568209729765,green,0.04361889617610399,0.004491426708064365
HS,AUDUSD,Conformal static,0.01,0.006109979633401222,0.10588583834613229,0.2559805215023381,green,0.019106005070198558,0.00020241743542220506
HS,AUDUSD,Conformal rolling $w{=}250$,0.01,0.010862186014935505,0.7429092487530347,0.36022255950789356,green,0.01969859823383995,0.000627596378135291
HS,AUDUSD,ACI (first-half $\gamma$),0.01,0.024439918533604887,2.570209722699831e-06,9.033344706029892e-06,yellow,0.01528513789342365,0.002148297898573979
HS,BOVESPA,Conformal static,0.005,0.009076348104644954,0.6831821951185664,0.0012927087381178876,green,0.045170583228301975,0.0013510171488035436
HS,BOVESPA,Conformal rolling $w{=}250$,0.005,0.018152696209289908,0.0014587474844233452,0.002262029974956332,green,0.05409233833140647,0.003403690326586534
HS,BOVESPA,ACI (first-half $\gamma$),0.005,0.01868659903897491,0.0007469269671536307,0.003131282103020581,yellow,0.041578998867597056,0.002538956638205972
HS,BTC,Conformal static,0.01,0.004219409282700422,0.023774341120843694,0.07602337682074504,green,0.08001702449386355,0.0011504011359126866
HS,BTC,Conformal rolling $w{=}250$,0.01,0.009282700421940928,0.8016638096758169,0.8739735806642754,green,0.0752548376860962,0.0022759648219908848
HS,BTC,ACI (first-half $\gamma$),0.01,0.016033755274261603,0.05494058990135486,0.11627129551574344,green,0.06524604464950874,0.004492487023921742
HS,FCHI,Conformal static,0.01,0.012919896640826873,0.2167362454196826,0.0004392187590977649,green,0.03529102655431765,0.0006526119748848152
HS,FCHI,Conformal rolling $w{=}250$,0.01,0.014470284237726097,0.06395257472119015,0.004609190136881244,green,0.044992942716703524,0.001831262155168879
HS,FCHI,ACI (first-half $\gamma$),0.01,0.011886304909560724,0.4180318590475822,0.0661484139161044,green,0.041982714055026606,0.006373092907028524
HS,CBU0,Conformal static,0.001,0.007582938388625593,0.4098376546404163,0.6697693556490023,green,0.013191131791001844,0.00010227251848914463
HS,CBU0,Conformal rolling $w{=}250$,0.001,0.007582938388625593,0.4098376546404163,0.6697693556490023,green,0.013690424131066562,0.00024540039323948785
HS,CBU0,ACI (first-half $\gamma$),0.001,0.004739336492890996,0.05564806710734731,0.156435370301252,green,0.015753522566583508,0.00017725196569626665
HS,DJCI,Conformal static,0.001,0.019430051813471502,0.01971855978221614,0.037751384037765096,yellow,0.02638963946967666,0.00043470669843359507
HS,DJCI,Conformal rolling $w{=}250$,0.001,0.012953367875647668,0.4302223849444028,0.20952064117499253,yellow,0.034528509075050694,0.0009009464178153929
HS,DJCI,ACI (first-half $\gamma$),0.001,0.007772020725388601,0.5173319047888199,0.08352664078762326,green,0.03663676372921466,0.0007756518012133727
HS,ETH,Conformal static,0.001,0.015457788347205707,0.14081082820838717,0.1436249182934303,green,0.09139104249546551,0.0013123672701412972
HS,ETH,Conformal rolling $w{=}250$,0.001,0.014268727705112961,0.24230283873445235,0.4242246395073661,green,0.10510227211225948,0.002725434086379467
HS,ETH,ACI (first-half $\gamma$),0.001,0.0023781212841854932,0.0076053462467261905,0.028245066405804008,green,0.1417203345263976,0.0022773290609395236
HS,EURUSD,Conformal static,0.001,0.010843373493975903,0.7333264008006899,0.7745414019659007,green,0.011994509616420741,0.00013090754562682607
HS,EURUSD,Conformal rolling $w{=}250$,0.001,0.00963855421686747,0.8816307355216587,0.8462834344289701,green,0.013470610487578891,0.0003244301895498638
HS,EURUSD,ACI (first-half $\gamma$),0.001,0.004216867469879518,0.007425377665408651,0.026965465882653188,green,0.015653720851702115,0.00039117401674250896
HS,FTSE100,Conformal static,0.01,0.010465724751439037,0.8390765965149758,0.0035830183327599037,green,0.02981474919967633,0.0004891639891984653
HS,FTSE100,Conformal rolling $w{=}250$,0.01,0.01098901098901099,0.6688610472794269,0.004496362101428679,green,0.03903803002576772,0.0017027814260575055
HS,FTSE100,ACI (first-half $\gamma$),0.01,0.010465724751439037,0.8390765965149758,0.0035830183327599037,green,0.035413720826389064,0.005989208604325025
HS,GBPUSD,Conformal static,0.01,0.009014423076923076,0.6811313249225517,0.2804000419221729,green,0.014557073312212936,0.00015212087434780973
HS,GBPUSD,Conformal rolling $w{=}250$,0.01,0.01201923076923077,0.42234843166400693,0.0517655509513776,green,0.01575023305042979,0.00041674379518199476
HS,GBPUSD,ACI (first-half $\gamma$),0.01,0.010817307692307692,0.7408663105960354,0.7775185632629239,green,0.017403984872629116,0.002501327855790709
HS,GDAXI,Conformal static,0.005,0.011966701352757543,0.4006136586960334,0.000341280051331271,green,0.035114609433815724,0.0005548844209497991
HS,GDAXI,Conformal rolling $w{=}250$,0.005,0.012486992715920915,0.2914449508020305,0.3389758766539653,green,0.043268846176611434,0.0016950110469877604
HS,GDAXI,ACI (first-half $\gamma$),0.005,0.006763787721123829,0.12985331559511779,0.06508781260978296,green,0.04313459856570056,0.004269402533180939
HS,GOLD,Conformal static,0.005,0.011904761904761904,0.4243176752523571,0.38831680625973736,yellow,0.029422968406056883,0.0005903803847144359
HS,GOLD,Conformal rolling $w{=}250$,0.005,0.010281385281385282,0.9036795655309797,0.4188186357352346,green,0.03416957936989452,0.0011806574132837522
HS,GOLD,ACI (first-half $\gamma$),0.005,0.007034632034632035,0.175989936400873,0.3650460147598311,green,0.04092973610287347,0.005846809647777706
HS,HSI,Conformal static,0.005,0.01020408163265306,0.9297088066635899,0.047628793091884815,green,0.03729697463075263,0.0005172092574799918
HS,HSI,Conformal rolling $w{=}250$,0.005,0.00966702470461869,0.8845449070815606,0.0020278565327218946,green,0.04522810673223017,0.0024193710280612673
HS,HSI,ACI (first-half $\gamma$),0.005,0.006981740064446832,0.1663362436637736,0.08099013981124606,green,0.04537786858843563,0.005250236266763585
HS,IBGL,Conformal static,0.01,0.00842911877394636,0.5577538828454078,0.7669098381247812,green,0.02142204655224894,0.00021777036933721595
HS,IBGL,Conformal rolling $w{=}250$,0.01,0.014559386973180077,0.12116655312083044,0.22717550233022635,green,0.021093893579818567,0.0005539443372346086
HS,IBGL,ACI (first-half $\gamma$),0.01,0.019157088122605363,0.0031555750470112147,0.010217954887536164,yellow,0.01887886010066227,0.000465786955794706
HS,ICLN,Conformal static,0.01,0.00870942201108472,0.6373904008232296,0.8123617336219522,green,0.045285387442706396,0.0008087012527509056
HS,ICLN,Conformal rolling $w{=}250$,0.01,0.011876484560570071,0.5150702991683265,0.31310616765793337,green,0.04689795737539425,0.0031476328331389576
HS,ICLN,ACI (first-half $\gamma$),0.01,0.02454473475851148,1.1760381939194158e-05,8.739149594113158e-06,yellow,0.03734020651839834,0.0012169181291619754
HS,NATGAS,Conformal static,0.01,0.018378378378378378,0.0011836752307892947,0.0018985999983020287,green,0.10825004289482863,0.0020926969793509036
HS,NATGAS,Conformal rolling $w{=}250$,0.01,0.008648648648648649,0.549849620189909,0.7272704599641615,green,0.13430945670585473,0.004905944555661157
HS,NATGAS,ACI (first-half $\gamma$),0.01,0.01027027027027027,0.9074004368451875,0.41867980980706787,green,0.15136042740713357,0.01617094774286383
HS,NIFTY,Conformal static,0.01,0.005439005439005439,0.07180987399050809,0.1903500976901201,green,0.027425256941921407,0.0005958005266793315
HS,NIFTY,Conformal rolling $w{=}250$,0.01,0.017094017094017096,0.020184224227543256,0.04591901666632816,green,0.027342096173858323,0.0019426324013028632
HS,NIFTY,ACI (first-half $\gamma$),0.01,0.018648018648018648,0.005374408133540826,0.0044244299889186515,yellow,0.02504042160703679,0.002791425138633607
HS,NIKKEI,Conformal static,0.01,0.007563479200432199,0.2709394929357693,0.007753017387857614,green,0.039765097802706935,0.0006352731405200279
HS,NIKKEI,Conformal rolling $w{=}250$,0.01,0.014046461372231226,0.09912922911125717,0.0048745957200358745,green,0.044878937718974,0.0015844689890048837
HS,NIKKEI,ACI (first-half $\gamma$),0.01,0.01620745542949757,0.01378578347646663,0.011960139688497524,green,0.039897408501456226,0.006393289862226537
HS,SP500,Conformal static,0.005,0.013669821240799159,0.12760586028234105,0.04600613908450823,green,0.0365566553547809,0.0007042669345913413
HS,SP500,Conformal rolling $w{=}250$,0.005,0.01892744479495268,0.0004957486068168371,3.907120266109696e-05,green,0.046044846247048715,0.00229992076247481
HS,SP500,ACI (first-half $\gamma$),0.005,0.0057833859095688745,0.044777414047327775,0.12524003314244023,green,0.048842575621528425,0.0042956754527785105
HS,STOXX,Conformal static,0.01,0.01077996195307546,0.7585282787842005,1.6734864158430427e-06,green,0.034163193629872815,0.0005842067004244473
HS,STOXX,Conformal rolling $w{=}250$,0.01,0.012682308180088777,0.3040408952482575,0.3066886739379152,green,0.04206868086430969,0.0015856340664015438
HS,STOXX,ACI (first-half $\gamma$),0.01,0.028535193405199746,1.557930578953622e-09,1.4649913676928852e-12,green,0.03158514096225565,0.0038808646990547164
HS,TLT,Conformal static,0.005,0.011702750146284377,0.4908972661046507,0.0039624630813502254,green,0.0270264510940921,0.0006280366771863612
HS,TLT,Conformal rolling $w{=}250$,0.005,0.00994733762434172,0.9825282168746583,0.036267584470069406,green,0.032947600119662475,0.001325189071900321
HS,TLT,ACI (first-half $\gamma$),0.005,0.006436512580456407,0.1132168763305426,0.2656250300129899,green,0.032321125011400956,0.0021444310705713717
HS,USDJPY,Conformal static,0.005,0.01271617497456765,0.24542680353693122,0.3690774484081048,green,0.015617938580591849,0.00023883581946406547
HS,USDJPY,Conformal rolling $w{=}250$,0.005,0.013224821973550356,0.17087883688744812,0.2551987807241058,green,0.01897440062230962,0.0007326099643656281
HS,USDJPY,ACI (first-half $\gamma$),0.005,0.006103763987792472,0.061302166389532335,0.1612767919528355,green,0.02015387622874797,0.0011802539659562154
HS,WTI,Conformal static,0.005,0.011351351351351352,0.5674394346880967,0.06022115457983035,green,0.08574813890548084,0.003094887307628572
HS,WTI,Conformal rolling $w{=}250$,0.005,0.013513513513513514,0.14940154879284961,0.04744612967008132,green,0.11753137227885946,0.0068213228810287034
HS,WTI,ACI (first-half $\gamma$),0.005,0.009189189189189189,0.72232387045173,0.3267390515263,green,0.11874038543501744,0.010757876388393131
EWMA,ASX200,Conformal static,0.01,0.01882845188284519,0.0005460547665066759,0.0010411335943024376,yellow,0.02358787355413199,0.0012550903778522195
EWMA,ASX200,Conformal rolling $w{=}250$,0.01,0.00993723849372385,0.9779730060259274,0.41005932482040697,green,0.03088930374236899,0.001627697618277954
EWMA,ASX200,ACI (first-half $\gamma$),0.01,0.0031380753138075313,0.00042407318483186684,0.0019686460350337707,green,0.03679741558767645,0.0050639659003551924
EWMA,AUDUSD,Conformal static,0.001,0.005431093007467753,0.05363905535375171,0.14872379951308287,green,0.017484954331635046,0.0008377059563592032
EWMA,AUDUSD,Conformal rolling $w{=}250$,0.001,0.00746775288526816,0.3064922139908858,0.5456996661115624,green,0.018133233617609712,0.001041784578888991
EWMA,AUDUSD,ACI (first-half $\gamma$),0.001,0.006109979633401222,0.10588583834613229,0.2559805215023381,green,0.025047558025989555,0.002335568616490963
EWMA,BOVESPA,Conformal static,0.01,0.010678056593699947,0.7705010381938082,0.7721804011544159,green,0.03360293391759326,0.0018928311776466292
EWMA,BOVESPA,Conformal rolling $w{=}250$,0.01,0.008542445274959957,0.5155392560368772,0.7051556582019103,green,0.04251281969311668,0.0025809963474271226
EWMA,BOVESPA,ACI (first-half $\gamma$),0.01,0.009076348104644954,0.6831821951185664,0.3168360349571742,green,0.04519082809150298,0.007429115119183109
EWMA,BTC,Conformal static,0.01,0.002531645569620253,0.002027687122927702,0.008482317403587012,green,0.0870162640958487,0.0034915892873060325
EWMA,BTC,Conformal rolling $w{=}250$,0.01,0.010126582278481013,0.9651411414090889,0.8835353139077502,yellow,0.07811842476160617,0.004119562371675989
EWMA,BTC,ACI (first-half $\gamma$),0.01,0.004219409282700422,0.023774341120843694,0.07602337682074504,green,0.08194401923293107,0.010431402401527151
EWMA,FCHI,Conformal static,0.01,0.018604651162790697,0.000679446707560132,4.937736844929718e-05,yellow,0.028375254739681135,0.0016743634888784344
EWMA,FCHI,Conformal rolling $w{=}250$,0.01,0.0103359173126615,0.882581001502399,0.437797819656364,green,0.03871091942983475,0.002280287429912043
EWMA,FCHI,ACI (first-half $\gamma$),0.01,0.004134366925064599,0.003297469677543094,0.012896748422649859,green,0.046533419260687894,0.007784205808731566
EWMA,CBU0,Conformal static,0.01,0.011374407582938388,0.6606352030661767,0.7909066863937456,green,0.012028965426775817,0.000542815777415274
EWMA,CBU0,Conformal rolling $w{=}250$,0.01,0.006635071090047393,0.24197817288809365,0.4812747286279526,green,0.013652497126730216,0.0006112743354214564
EWMA,CBU0,ACI (first-half $\gamma$),0.01,0.009478672985781991,0.8636886192622488,0.8953648199206152,green,0.013522609436723875,0.0007435419478822431
EWMA,DJCI,Conformal static,0.01,0.012953367875647668,0.4302223849444028,0.20952064117499253,yellow,0.023646133486404597,0.00117417214320083
EWMA,DJCI,Conformal rolling $w{=}250$,0.01,0.011658031088082901,0.6518874883214196,0.8121533830633068,green,0.026317428958210133,0.0012893583689173047
EWMA,DJCI,ACI (first-half $\gamma$),0.01,0.0051813471502590676,0.13819736141578515,0.3263388069398275,green,0.0274759066907774,0.002088409361436538
EWMA,ETH,Conformal static,0.05,0.007134363852556481,0.37866695286326224,0.6500679245926206,green,0.1154814565514006,0.005338887014831298
EWMA,ETH,Conformal rolling $w{=}250$,0.05,0.011890606420927468,0.5925944505854461,0.768249895159958,green,0.11267212014713772,0.006523864938481033
EWMA,ETH,ACI (first-half $\gamma$),0.05,0.026159334126040427,8.911487450418269e-05,0.0004043451707402366,yellow,0.09116884869146859,0.010783525514590003
EWMA,EURUSD,Conformal static,0.01,0.01144578313253012,0.562796437723284,0.6787044042494454,green,0.011404555828862161,0.0005567028379275696
EWMA,EURUSD,Conformal rolling $w{=}250$,0.01,0.008433734939759036,0.5098178170957479,0.7143581140907567,green,0.012917484716573805,0.0006213511413275764
EWMA,EURUSD,ACI (first-half $\gamma$),0.01,0.005421686746987952,0.0400471357686005,0.11566763838309949,green,0.014268728776826821,0.0014690277141919624
EWMA,FTSE100,Conformal static,0.01,0.015175300889586603,0.03464336350121464,0.003459450999867936,green,0.024554027218452075,0.001437312524948122
EWMA,FTSE100,Conformal rolling $w{=}250$,0.01,0.009419152276295133,0.7966357155874968,0.03568826099654533,green,0.033985304627189954,0.0020944414658683953
EWMA,FTSE100,ACI (first-half $\gamma$),0.01,0.004709576138147566,0.009532900964650719,0.033283619207152976,green,0.03949410393891498,0.006174287099485917
EWMA,GBPUSD,Conformal static,0.01,0.010817307692307692,0.7408663105960354,0.7775185632629239,green,0.014111382768963536,0.0007047838916888254
EWMA,GBPUSD,Conformal rolling $w{=}250$,0.01,0.0078125,0.3510453020313783,0.5843455388571461,green,0.015797647629918237,0.0007656623714830352
EWMA,GBPUSD,ACI (first-half $\gamma$),0.01,0.006610576923076923,0.13862323026713386,0.31041876888885783,green,0.01870066414770111,0.002965814037608754
EWMA,GDAXI,Conformal static,0.01,0.01768990634755463,0.00223848142196523,0.00834642552732555,yellow,0.028772107219659497,0.001675503242695958
EWMA,GDAXI,Conformal rolling $w{=}250$,0.01,0.009365244536940686,0.7774128860250652,0.3577087567090585,green,0.038403628123943157,0.0022028889448139533
EWMA,GDAXI,ACI (first-half $\gamma$),0.01,0.0036420395421436005,0.0012754413366534811,0.005437325837827377,green,0.048260046447867695,0.009292591118641133
EWMA,GOLD,Conformal static,0.01,0.0091991341991342,0.7257793171752394,0.8029707772360426,green,0.0290795794884529,0.0016162791610822022
EWMA,GOLD,Conformal rolling $w{=}250$,0.01,0.0091991341991342,0.7257793171752394,0.8029707772360426,green,0.03303151229033033,0.0018847500220485905
EWMA,GOLD,ACI (first-half $\gamma$),0.01,0.005411255411255411,0.029862929503952893,0.08954449475562976,green,0.046777741591007026,0.010704488171667007
EWMA,HSI,Conformal static,0.01,0.008592910848549946,0.5317739851884301,0.01993141341764725,green,0.037887435146331236,0.0020832218558723024
EWMA,HSI,Conformal rolling $w{=}250$,0.01,0.007518796992481203,0.26041322120845384,0.4774009871861262,green,0.04188932589630813,0.0033292558719571954
EWMA,HSI,ACI (first-half $\gamma$),0.01,0.008055853920515575,0.38285259646145153,0.18869235761400396,yellow,0.043848936239688635,0.010596996578611151
EWMA,IBGL,Conformal static,0.005,0.0038314176245210726,0.010449861904283483,0.036974680011435716,green,0.02340957714778652,0.0008293693033217919
EWMA,IBGL,Conformal rolling $w{=}250$,0.005,0.006130268199233717,0.13019579648890217,0.3028652690926697,green,0.022143231614428778,0.0009193807856932443
EWMA,IBGL,ACI (first-half $\gamma$),0.005,0.009195402298850575,0.7671249534424425,0.8561536098597217,green,0.020854034310941637,0.0009639485479197357
EWMA,ICLN,Conformal static,0.01,0.00791765637371338,0.4402114402676144,0.6854096268017291,green,0.046455208817531006,0.0020083780875982168
EWMA,ICLN,Conformal rolling $w{=}250$,0.01,0.0055423594615993665,0.08209122332390023,0.212132002847744,green,0.05083532734222765,0.0024507029508601917
EWMA,ICLN,ACI (first-half $\gamma$),0.01,0.010292953285827395,0.9170608870418033,0.8687213046515769,green,0.04839608151203946,0.0052466879033375505
EWMA,NATGAS,Conformal static,0.01,0.011351351351351352,0.5674394346880967,0.6671466324693992,green,0.10446587750278295,0.006449210431968725
EWMA,NATGAS,Conformal rolling $w{=}250$,0.01,0.008648648648648649,0.549849620189909,0.7272704599641615,green,0.12257576435982376,0.00785932237566548
EWMA,NATGAS,ACI (first-half $\gamma$),0.01,0.012972972972972972,0.21912050307416883,0.34277314629138006,green,0.11468935279107141,0.008977087105823085
EWMA,NIFTY,Conformal static,0.01,0.010101010101010102,0.970995889640308,0.8750969732607062,green,0.022982584845103293,0.0011349834113101222
EWMA,NIFTY,Conformal rolling $w{=}250$,0.01,0.006993006993006993,0.25174339620007563,0.486639438128985,green,0.02730726291818491,0.0015675039566367672
EWMA,NIFTY,ACI (first-half $\gamma$),0.01,0.009324009324009324,0.805272058573062,0.8663901125109059,green,0.026956996229466488,0.003557132130988731
EWMA,NIKKEI,Conformal static,0.01,0.009724473257698542,0.9047321774664351,0.38157162715240656,green,0.033699890958858135,0.0018891819131615845
EWMA,NIKKEI,Conformal rolling $w{=}250$,0.01,0.008103727714748784,0.39650789137987963,0.1937806620130586,green,0.04194628000875425,0.002460872101234658
EWMA,NIKKEI,ACI (first-half $\gamma$),0.01,0.0037817396002160996,0.0020789041631675766,0.008515626200361946,green,0.049944376827818805,0.010237757675255145
EWMA,SP500,Conformal static,0.01,0.015247108307045216,0.032771712735025146,0.02180066920699176,green,0.029108912336396828,0.0015928752715269928
EWMA,SP500,Conformal rolling $w{=}250$,0.01,0.00946372239747634,0.8125117476366639,0.3651846745474646,green,0.03722303040387844,0.001972357669759158
EWMA,SP500,ACI (first-half $\gamma$),0.01,0.0026288117770767614,0.00012057971580413574,0.000608213336054844,green,0.042576244731071314,0.0025617378183768785
EWMA,STOXX,Conformal static,0.001,0.015218769816106531,0.053099227426891785,0.02347399146348039,green,0.02682932372601789,0.0015441291122129381
EWMA,STOXX,Conformal rolling $w{=}250$,0.001,0.008877615726062143,0.6479079090014115,0.7947276518765893,green,0.03584198829932907,0.0022791815078140416
EWMA,STOXX,ACI (first-half $\gamma$),0.001,0.0031705770450221942,0.0014608047398916662,0.0062222804359012085,green,0.0624557015064683,0.0033432207823813178
EWMA,TLT,Conformal static,0.001,0.014043300175541252,0.11333029769686656,0.20278027180362246,green,0.02348686948846652,0.0011134510034814756
EWMA,TLT,Conformal rolling $w{=}250$,0.001,0.005851375073142188,0.061684618250569916,0.16453304680595035,green,0.027397060440690194,0.0012460567266530012
EWMA,TLT,ACI (first-half $\gamma$),0.001,0.007021650087770626,0.19108747764571482,0.39081811764961544,green,0.027097964503569754,0.0011603547945433729
EWMA,USDJPY,Conformal static,0.01,0.009664292980671414,0.8804163449062163,0.821331892249924,green,0.014707234878376012,0.0007114970866232556
EWMA,USDJPY,Conformal rolling $w{=}250$,0.01,0.0076297049847405905,0.2703301744753087,0.4853324420233156,green,0.01706061504722058,0.0009919778915698971
EWMA,USDJPY,ACI (first-half $\gamma$),0.01,0.006612410986775178,0.10766210961082034,0.2514069576515434,green,0.01759241111132283,0.0015550984375287354
EWMA,WTI,Conformal static,0.01,0.016756756756756756,0.007747509231234942,0.00795428563767158,yellow,0.06536518430498044,0.00464218903329541
EWMA,WTI,Conformal rolling $w{=}250$,0.01,0.009189189189189189,0.72232387045173,0.02935707939667085,green,0.09487823951115255,0.0058551383592305
EWMA,WTI,ACI (first-half $\gamma$),0.01,0.006486486486486486,0.10457792638712742,0.2476990227454108,green,0.11519245082142847,0.023596425820134742
