date,log_return
2009-10-30,-0.011778744002331488
2009-11-02,0.0011841598620880066
2009-11-03,0.0007886616056379887
2009-11-04,0.010586201556860466
2009-11-05,-0.007830848783053831
2009-11-06,-0.015448962390543523
2009-11-09,0.012299356562306941
2009-11-10,-0.005139409127174801
2009-11-11,0.004745000575966727
2009-11-12,-0.013902920217106792
2009-11-13,-0.0008003384959763452
2009-11-16,0.0334611177818295
2009-11-17,0.0023201660345923206
2009-11-18,0.007311963944424574
2009-11-19,-0.02055884486095983
2009-11-20,-0.0007556311230860014
2009-11-23,0.005468739706129413
2009-11-24,-0.007036788446409937
2009-11-25,0.022115341794569275
2009-11-27,-0.01002708884703901
2009-11-30,0.0027095662820723343
2009-12-01,0.008851300305999045
2009-12-02,-0.004223489097481785
2009-12-03,-0.004631718810827667
2009-12-04,-0.011269327867902326
2009-12-07,-0.00039101579995423446
2009-12-08,-0.006670618362182408
2009-12-09,-0.016273423318073608
2009-12-10,0.008368289104828428
2009-12-11,0.005875504205927454
2009-12-14,0.007917757790389408
2009-12-15,0.005853734798464717
2009-12-16,0.01448600855872499
2009-12-17,-0.014875198235925726
2009-12-18,0.007754938278313385
2009-12-21,0.002314868823615061
2009-12-22,-0.013579272625583665
2009-12-23,0.019342962557668077
2009-12-24,0.004205653460508824
2009-12-28,0.0110037505873217
2009-12-29,0.003390478001296179
2009-12-30,0.00037601913514770504
2009-12-31,0.0015025926324730254
2010-01-04,0.013311916350374316
2010-01-05,-0.0035994666847052473
2010-01-06,0.025689514117708603
2010-01-07,-0.015518381612247207
2010-01-08,0.00040476028961618075
2010-01-11,0.0005148361293557668
2010-01-12,-0.03288790648890395
2010-01-13,0.010954214128971405
2010-01-14,-0.0041385759990867285
2010-01-15,-0.010164680071049807
2010-01-19,0.002208620644829309
2010-01-20,-0.009554821067087972
2010-01-21,-0.02095540033448757
2010-01-22,0.007034038541172057
2010-01-25,-0.0019528528483972248
2010-01-26,-0.011375456942540657
2010-01-27,-0.023558691899915267
2010-01-28,0.002824278466202573
2010-01-29,-0.027365403178168154
2010-02-01,0.023328240509834133
2010-02-02,0.01326119226164084
2010-02-03,4.035500065625249e-06
2010-02-04,-0.028345967379567627
2010-02-05,-0.010320008869477969
2010-02-08,0.01237126033992226
2010-02-09,0.007756745768232551
2010-02-10,0.001625315625436962
2010-02-11,0.01570630492094235
2010-02-12,-0.008424706801954774
2010-02-16,0.031345590208869935
2010-02-17,-0.01376621066530904
2010-02-18,0.007496603743383163
2010-02-19,0.0023556926996285083
2010-02-22,0.001175805984644608
2010-02-23,-0.013010233356272684
2010-02-24,0.0
2010-02-25,-0.009970172016489533
2010-02-26,0.015904892309044665
2010-03-01,-0.001974379507543072
2010-03-02,0.009832921211304581
2010-03-03,0.011673328922418348
2010-03-04,-0.03623870593471405
2010-03-05,0.022606542387607214
2010-03-08,0.0035232039701106853
2010-03-09,-0.00824022691497184
2010-03-10,0.010582127525145058
2010-03-11,-0.011768799417841128
2010-03-12,-0.00553405244303436
2010-03-15,-0.011770636404391256
2010-03-16,0.010977043086296805
2010-03-17,0.008302047440303339
2010-03-18,-0.0033796843387770823
2010-03-19,0.026727063354261484
2010-03-22,-0.019418085857101627
2010-03-23,-0.009852296443011594
2010-03-24,-0.020000666706669543
2010-03-25,-0.0008084259918345028
2010-03-26,-0.00608396198887942
2010-03-29,0.026889126674563536
2010-03-30,-0.0059543663728138475
2010-03-31,0.0017912264931509649
2010-04-01,0.004167067892482703
2010-04-05,0.019608471388376337
2010-04-06,0.001241930931518941
2010-04-07,-0.003185536453730454
2010-04-08,-0.007812569423153263
2010-04-09,0.0035232039701106853
2010-04-12,0.0007812679094908814
2010-04-13,0.007387694036227633
2010-04-14,3.844276065218496e-06
2010-04-15,0.0050261489635147
2010-04-16,-0.010857054575125015
2010-04-19,-0.009794397738666666
2010-04-20,-0.0009847216440462393
2010-04-21,0.01467018974779384
2010-04-22,0.006001399663298588
2010-04-23,-0.004061564416769168
2010-04-26,-0.005830905611610386
2010-04-27,-0.009833746965538317
2010-04-28,-0.004300712896092537
2010-04-29,0.0
2010-04-30,0.01022430801467054
2010-05-03,0.0015682512367871067
2010-05-04,-0.019333794798755938
2010-05-05,-0.02419474378505386
2010-05-06,0.00040808932764406226
2010-05-07,-0.0004121375859977052
2010-05-10,0.010156419722371704
2010-05-11,-0.005672599810777739
2010-05-12,0.014321960860723583
2010-05-13,-0.0006009972883822946
2010-05-14,-0.02845723539277063
2010-05-17,-0.018731068762343237
2010-05-18,-0.002734770902613584
2010-05-19,-0.010375988791512868
2010-05-20,-0.014148142810651652
2010-05-21,0.011163715310841184
2010-05-24,0.0
2010-05-25,-0.0008585939272505318
2010-05-26,0.011049892617256444
2010-05-27,0.013855407193666836
2010-05-28,-0.013851215209836305
2010-06-01,-0.008062871494422884
2010-06-02,0.006370865693216574
2010-06-03,-0.0008471181043064382
2010-06-04,-0.02479647553991458
2010-06-07,-0.0009560367264715052
2010-06-08,0.011240941001516402
2010-06-09,0.0008594954276524692
2010-06-10,0.01733173367744012
2010-06-11,-0.006650154114783553
2010-06-14,0.023105385351291842
2010-06-15,0.005384115861617413
2010-06-16,0.008636738672914375
2010-06-17,-0.004329558340047908
2010-06-18,-0.005547055659104314
2010-06-21,0.0053619085517459565
2010-06-22,-0.0045351016703286855
2010-06-23,-0.012469992036300406
2010-06-24,0.014533944730728764
2010-06-25,0.010252451908835458
2010-06-28,-0.013970702541437407
2010-06-29,-0.026847224257723082
2010-06-30,0.006568464353442936
2010-07-01,0.001055473486012851
2010-07-02,-0.008474659182509808
2010-07-06,0.0
2010-07-07,0.013944866758945226
2010-07-08,0.005023067803374806
2010-07-09,0.003334722610455168
2010-07-12,0.011173240626928553
2010-07-13,-0.0099256306001928
2010-07-14,0.001246134611231739
2010-07-15,0.01687629458982534
2010-07-16,-0.014388753247947675
2010-07-19,0.005368630168856139
2010-07-20,-0.005782804086030881
2010-07-21,0.0033085193890356134
2010-07-22,-0.004966853449365931
2010-07-23,0.010324082049164286
2010-07-26,0.0183036847453441
2010-07-27,-0.02242300573624462
2010-07-28,0.013923245049891191
2010-07-29,0.014533990342879364
2010-07-30,0.01787530622973483
2010-08-02,0.013685468103747503
2010-08-03,-0.015655882024437705
2010-08-04,0.021464208891623496
2010-08-05,-0.0058083268671859705
2010-08-06,-0.005061297884194231
2010-08-09,-0.010594584140243389
2010-08-10,-0.01590489230904468
2010-08-11,0.00360073001822782
2010-08-12,0.0035877353653310886
2010-08-13,-0.010802207525705904
2010-08-16,-0.002819727655700685
2010-08-17,0.008435441889785488
2010-08-18,-0.00019998642661653155
2010-08-19,0.0005999155995561958
2010-08-20,-0.01198680274711315
2010-08-23,-0.00230920376778584
2010-08-24,-0.014503428576424534
2010-08-25,0.002876583124449567
2010-08-26,0.0049119595438793925
2010-08-27,0.0186089911581169
2010-08-30,0.0020019720919380044
2010-08-31,0.0
2010-09-01,0.0003999291729396326
2010-09-02,0.010342185473868244
2010-09-03,0.01803581425297353
2010-09-07,-0.008975301603601613
2010-09-08,0.005085055467416283
2010-09-09,-0.014937351910427795
2010-09-10,0.02348445999011863
2010-09-13,0.012112059103217962
2010-09-14,-0.0021042687275072366
2010-09-15,0.0015307698359811927
2010-09-16,-0.005368087662856222
2010-09-17,0.005368087662856178
2010-09-20,0.01140701122572032
2010-09-21,-0.00987850823761784
2010-09-22,0.0022883101263508642
2010-09-23,0.0015226845283232598
2010-09-24,0.0094643898342369
2010-09-27,0.0022581667284274818
2010-09-28,0.0
2010-09-29,-0.0007559111779148601
2010-09-30,0.015681547053623558
2010-10-01,-0.018405352088609904
2010-10-04,-0.014760847311905153
2010-10-05,0.02386380673820156
2010-10-06,0.004289842319065705
2010-10-07,-0.011229735654368397
2010-10-08,0.03677084676074714
2010-10-11,0.003260287404510386
2010-10-12,-0.0003617373546852346
2010-10-13,0.01383297852917302
2010-10-14,-0.0008924451712542001
2010-10-15,-0.0062695855943881605
2010-10-18,-0.0008989313280900372
2010-10-19,-0.028458643779012464
2010-10-20,0.026298057162004736
2010-10-21,-0.011602729719130194
2010-10-22,0.0033859610756209043
2010-10-25,0.007856205127592018
2010-10-26,0.006111832034768945
2010-10-27,-0.010810888610098636
2010-10-28,0.005420053647972288
2010-10-29,0.005387280040744494
2010-11-01,0.0026881476008947776
2010-11-02,0.0076560562368697535
2010-11-03,0.0008510094592304315
2010-11-04,0.025026248203737753
2010-11-05,0.004862122338900997
2010-11-08,0.00617286960504393
2010-11-09,0.001707916306266592
2010-11-10,0.0013642879313815342
2010-11-11,-0.006153876007837082
2010-11-12,-0.03560939651345258
2010-11-15,-0.011972633779124652
2010-11-16,-0.03868139827308379
2010-11-17,0.012999268620013165
2010-11-18,0.02765824829743975
2010-11-19,-0.006124284553755995
2010-11-22,-0.0025275273395778536
2010-11-23,-0.0061739826168084305
2010-11-24,0.01733519513421033
2010-11-26,-0.0046653976308106675
2010-11-29,0.002155997006742697
2010-11-30,-0.001077417463097247
2010-12-01,0.02798769852202027
2010-12-02,0.001442005394221268
2010-12-03,0.01519391057375943
2010-12-06,0.006508004810604534
2010-12-07,0.00034129788715537646
2010-12-08,-0.002734107160740791
2010-12-09,-0.004802732781660938
2010-12-10,-0.0013764285587118778
2010-12-13,0.014019714520840167
2010-12-14,0.0030513720921756054
2010-12-15,-0.010549744633628151
2010-12-16,-0.005488859389584596
2010-12-17,0.005488859389584539
2010-12-20,0.020315707588957826
2010-12-21,0.002012684824557111
2010-12-22,0.0030065215295619926
2010-12-23,0.003326721856122118
2010-12-27,0.01222881994978339
2010-12-28,-0.0015118625897786655
2010-12-29,0.0005261327175561411
2010-12-30,-0.006943866102700695
2010-12-31,0.012908919627985753
2011-01-03,0.0057998078544529985
2011-01-04,-0.019023201075184643
2011-01-05,0.007166291153194186
2011-01-06,-0.013144399342974428
2011-01-07,-0.006681152367801264
2011-01-10,0.008009377994781228
2011-01-11,0.010559503609252313
2011-01-12,0.013925453683058918
2011-01-13,-0.00929480295816446
2011-01-14,0.0035976720305514256
2011-01-18,0.0022827859989817995
2011-01-19,-0.006208173214158044
2011-01-20,-0.0032830095588557676
2011-01-21,0.004724141238568085
2011-01-24,-0.0030813204998465867
2011-01-25,-0.017218920581228807
2011-01-26,0.01590489251008813
2011-01-27,-0.005934745596677633
2011-01-28,0.009871786025972133
2011-01-31,0.0159171708202686
2011-02-01,0.0025748299399602353
2011-02-02,0.007365911267975869
2011-02-03,-0.006723284302139998
2011-02-04,-0.0016074344498386009
2011-02-07,-0.0029322098991011515
2011-02-08,-0.0038474474454666787
2011-02-09,0.004202338785027563
2011-02-10,-0.006793991574604648
2011-02-11,-3.221239565202089e-06
2011-02-14,-0.0012999974184495625
2011-02-15,-0.003910100806909551
2011-02-16,-0.004577824461561431
2011-02-17,0.013354102574345337
2011-02-18,-0.0011657050128813637
2011-02-22,-0.006305485931783869
2011-02-23,0.008441615949902085
2011-02-24,0.0022606079215084784
2011-02-25,0.008428882547889347
2011-02-28,0.005982920372219847
2011-03-01,0.004998567137725351
2011-03-02,0.006379996469791136
2011-03-03,0.002201256584480619
2011-03-04,-0.0008943648194178294
2011-03-07,0.0021483121939346516
2011-03-08,-0.008810651362820825
2011-03-09,-0.003482628274449604
2011-03-10,-0.013371601670672178
2011-03-11,-0.006811722105425506
2011-03-14,-0.003887798553373083
2011-03-15,-0.03068690697471504
2011-03-16,-0.00022443493232200798
2011-03-17,0.032206788892103815
2011-03-18,0.010326141770915813
2011-03-21,0.005128111410034105
2011-03-22,0.004462911376526154
2011-03-23,0.005076148117122006
2011-03-24,0.007252106232388829
2011-03-25,0.006263686612740749
2011-03-28,-0.010990539891314445
2011-03-29,-0.005796449107889195
2011-03-30,0.0020013998870780777
2011-03-31,0.01718669002530946
2011-04-01,0.003513389212323832
2011-04-04,0.0024797909728634933
2011-04-05,0.003091263285116591
2011-04-06,0.0030816194423813046
2011-04-07,0.0009195646759445917
2011-04-08,0.007658882064780865
2011-04-11,-0.000946092038952216
2011-04-12,-0.021263254021030655
2011-04-13,-0.004376415044665352
2011-04-14,0.008112376075867041
2011-04-15,0.0012732836797113387
2011-04-18,-0.0018949951612301597
2011-04-19,0.005887468299970985
2011-04-20,0.010008551239051023
2011-04-21,0.0002355648542061733
2011-04-25,0.009652537507134634
2011-04-26,-0.003034857315857081
2011-04-27,-0.0036541680742058187
2011-04-28,-0.0006103283268002511
2011-04-29,0.013733195468440878
2011-05-02,-0.011903326854583115
2011-05-03,-0.010598337270687295
2011-05-04,-0.01536029885644467
2011-05-05,-0.05327188952733633
2011-05-06,-0.005874707677575402
2011-05-09,0.027731721382558205
2011-05-10,0.0019342193941791531
2011-05-11,-0.016888954570537004
2011-05-12,-0.0129893694808413
2011-05-13,0.004106256167260737
2011-05-16,-0.0016537508309109805
2011-05-17,-0.00830983700244445
2011-05-18,0.0394967087908296
2011-05-19,-0.02196108338814567
2011-05-20,-0.003943446802090813
2011-05-23,0.0032840086910323942
2011-05-24,0.005893334553904575
2011-05-25,0.00844710127127715
2011-05-26,-6.467052775003633e-05
2011-05-27,0.0080398840007533
2011-05-31,0.010615063164029565
2011-06-01,-0.008931500896271202
2011-06-02,0.0031191853139310604
2011-06-03,0.002313008298477803
2011-06-06,0.0006371602048168774
2011-06-07,-0.0038321749027394507
2011-06-08,0.0006423673082941505
2011-06-09,0.00795549163426091
2011-06-10,-0.009874247160383775
2011-06-13,-0.00868034583112197
2011-06-14,-0.0021204073727038118
2011-06-15,-0.013080082162898533
2011-06-16,-0.00926487753542237
2011-06-17,-0.007356223080619898
2011-06-20,-0.001000523244678462
2011-06-21,0.007313902991155102
2011-06-22,-0.0019894361201694692
2011-06-23,-0.02079212857753729
2011-06-24,-0.003057850198472792
2011-06-27,-0.00592852440971733
2011-06-28,0.012031552114770428
2011-06-29,0.013423007444649979
2011-06-30,-0.009377184916416415
2011-07-01,-0.0016837598715913797
2011-07-05,0.012726198718068713
2011-07-06,0.0
2011-07-07,0.012237653746949911
2011-07-08,-0.0019611864958370482
2011-07-11,-0.011941721181173585
2011-07-12,0.021108943290144903
2011-07-13,0.015544401325544424
2011-07-14,-0.011957506595433168
2011-07-15,0.010349493900343553
2011-07-18,-0.0032882870037624027
2011-07-19,0.0045749039496963805
2011-07-20,-0.0004179750933962459
2011-07-21,-0.0021568548465638188
2011-07-22,0.0032174569057961777
2011-07-25,-0.004184753009378951
2011-07-26,0.011546010459801786
2011-07-27,-0.00447432185143258
2011-07-28,-0.007071688608369215
2011-07-29,-0.00907331855741684
2011-08-01,-0.00388774788112543
2011-08-02,0.010027757793294033
2011-08-03,-0.01008653673527824
2011-08-04,-0.029820287607769076
2011-08-05,-0.012270316174289666
2011-08-08,-0.019543561847958534
2011-08-09,0.015177891582104286
2011-08-10,-0.0023993052351377387
2011-08-11,0.016338057351418682
2011-08-12,0.0013494943922299696
2011-08-15,0.006345328544245103
2011-08-16,0.0013792957664580155
2011-08-17,0.008574724850266443
2011-08-18,-0.01663656814821139
2011-08-19,0.013733253980464166
2011-08-22,0.0010639577011144965
2011-08-23,0.004247954976343553
2011-08-24,-0.012094656988380512
2011-08-25,0.0044513628814610105
2011-08-26,-0.00033350772349603796
2011-08-29,0.01785174400958273
2011-08-30,0.01075454130163808
2011-08-31,0.003820866586673902
2011-09-01,-0.0064174250924801625
2011-09-02,-0.002277524766298582
2011-09-06,-0.021400043852382998
2011-09-07,0.015191870638224898
2011-09-08,0.003598911407110569
2011-09-09,-0.008856887563025403
2011-09-12,-0.00793916731015779
2011-09-13,-0.0006644670513646634
2011-09-14,0.003980069380136373
2011-09-15,-0.013127803427947947
2011-09-16,-0.007608690096335481
2011-09-19,-0.01224090810645053
2011-09-20,-0.002054776967282619
2011-09-21,-0.00999150152982668
2011-09-22,-0.04569589120555158
2011-09-23,-0.02867846143196769
2011-09-26,0.004837258478405255
2011-09-27,0.029263215829535404
2011-09-28,-0.03186495277521867
2011-09-29,0.015876220383914202
2011-09-30,-0.036937599490867494
2011-10-03,0.000380020108745862
2011-10-04,-0.00647991893911254
2011-10-05,0.0098935446082057
2011-10-06,0.01814563680200324
2011-10-07,-0.013612163301889359
2011-10-10,0.024940807319696803
2011-10-11,0.007234733587758128
2011-10-12,0.004268670040400434
2011-10-13,0.0005014122639325416
2011-10-14,0.013404857911282793
2011-10-17,-0.006472525603629065
2011-10-18,-0.00036082371565521296
2011-10-19,-0.017106852956390778
2011-10-20,-0.008349723924903955
2011-10-21,0.014206250517780905
2011-10-24,0.013413318331044184
2011-10-25,0.011101258637773732
2011-10-26,-0.01579359962330447
2011-10-27,0.025363066812198264
2011-10-28,0.007029865749612447
2011-10-31,-0.00421197298190038
2011-11-01,-0.016312453732684057
2011-11-02,-0.008978333113570611
2011-11-03,0.013615440364194398
2011-11-04,0.0017777511192416775
2011-11-07,0.012356746240227931
2011-11-08,0.001402556852828655
2011-11-09,-0.019052135420159703
2011-11-10,-0.0036278335527039803
2011-11-11,0.005005419662580151
2011-11-14,-0.005363915061996517
2011-11-15,-0.0005379499748706505
2011-11-16,0.00768341676797669
2011-11-17,-0.025235685557010168
2011-11-18,-0.00402410284569837
2011-11-21,-0.012912939989856998
2011-11-22,0.008504378916690574
2011-11-23,-0.01297036474460695
2011-11-25,-0.003736939482484602
2011-11-28,0.007827830429845199
2011-11-29,0.007036862749325896
2011-11-30,0.015010343674533045
2011-12-01,-0.006562192822071117
2011-12-02,0.00728501901863052
2011-12-05,-0.007650858747162384
2011-12-06,0.004457698071361639
2011-12-07,-0.010697398147371388
2011-12-08,-0.007761971407937053
2011-12-09,-0.005581466615526878
2011-12-12,-0.01201214526726097
2011-12-13,0.0030165907189823042
2011-12-14,-0.03603297527509099
2011-12-15,0.0002575556686197879
2011-12-16,0.005580157533535876
2011-12-19,0.0019383311714333677
2011-12-20,0.016897503991497677
2011-12-21,0.0030418245175075965
2011-12-22,0.007613301480069011
2011-12-23,-0.0011799746534876983
2011-12-27,0.007366206901210321
2011-12-28,-0.009340977018155575
2011-12-29,-0.009406276412926486
2011-12-30,0.009190774716900316
2012-01-03,0.021467574053743044
2012-01-04,0.003472162841880652
2012-01-05,-0.01485917104674495
2012-01-06,0.005970161462833876
2012-01-09,0.0014833388416704478
2012-01-10,0.010718695873292865
2012-01-11,-0.0070071696747176435
2012-01-12,-0.00817549042479281
2012-01-13,-0.007490628920300109
2012-01-17,0.00524933298564644
2012-01-18,-0.004497718620878222
2012-01-19,-0.0033866504618898135
2012-01-20,0.001882856383248799
2012-01-23,0.035117293681486424
2012-01-24,-0.013531047023849515
2012-01-25,0.0069712457433105
2012-01-26,0.0034310309089056385
2012-01-27,-0.0008748968080127493
2012-01-30,-0.008570511694747946
2012-01-31,-0.008347913136463584
2012-02-01,-0.007072377453239714
2012-02-02,0.00855499137219249
2012-02-03,0.009612885144386595
2012-02-06,-0.002968331197764332
2012-02-07,0.000735581400244531
2012-02-08,0.006230552363919662
2012-02-09,0.008368232829355539
2012-02-10,-0.012644821652894897
2012-02-13,-0.00012108350009942755
2012-02-14,-0.0007305915168138969
2012-02-15,-0.002577644581017639
2012-02-16,0.0029411865312735427
2012-02-17,0.005860167646852859
2012-02-21,0.01233240716394648
2012-02-22,0.005389216923399841
2012-02-23,-0.0014316434885276923
2012-02-24,0.00822459636999941
2012-02-27,-0.0028530662653855803
2012-02-28,-0.0015726869387144406
2012-02-29,-0.007035679352862796
2012-03-01,0.006463229059634911
2012-03-02,-0.005743010899803078
2012-03-05,-0.00923624537849473
2012-03-06,-0.016314183656567952
2012-03-07,0.0003987287212359691
2012-03-08,0.0007380242948323166
2012-03-09,0.007716337507708483
2012-03-12,-0.002569142140695884
2012-03-13,0.005854404884662594
2012-03-14,-0.009158989203754846
2012-03-15,0.010256525248040936
2012-03-16,0.002547760936008033
2012-03-19,-0.00014540170262095903
2012-03-20,-0.009717708674917945
2012-03-21,-0.0036778409611756884
2012-03-22,-0.009998178057219649
2012-03-23,0.00962964187656249
2012-03-26,0.0033118762604860083
2012-03-27,-0.00478731026791628
2012-03-28,-0.011509295826370048
2012-03-29,-0.01770629114971565
2012-03-30,0.0139651577322495
2012-04-02,0.0119226335185335
2012-04-03,-0.0007410321914974938
2012-04-04,-0.019461709726451316
2012-04-05,0.0056529838401417265
2012-04-09,-0.005278864598838689
2012-04-10,-0.011470981080819708
2012-04-11,0.0017945095982651988
2012-04-12,0.012358949122162425
2012-04-13,-0.013313042056009524
2012-04-16,-0.009680159635226811
2012-04-17,0.0008901953089392323
2012-04-18,-0.008156939215828472
2012-04-19,0.0016219734542245654
2012-04-20,0.005733450653096045
2012-04-23,-0.0027021708381395103
2012-04-24,0.0023474028415810567
2012-04-25,0.004202421018940053
2012-04-26,0.006503345765581307
2012-04-27,0.007605522266935764
2012-04-30,-0.00037872482872552157
2012-05-01,0.007543434062495554
2012-05-02,-0.01782338235025404
2012-05-03,-0.0049875093934190285
2012-05-04,-0.010050344745569716
2012-05-07,-0.003116705285190096
2012-05-08,-0.005858946864762538
2012-05-09,0.0011753453252356311
2012-05-10,-0.0015674342868149474
2012-05-11,-0.009614680367083095
2012-05-14,-0.013056054433133023
2012-05-15,0.005265210792599618
2012-05-16,0.002789390003057781
2012-05-17,-0.01644971334725402
2012-05-18,0.031065847351812635
2012-05-21,0.0011601167428021263
2012-05-22,-0.01339145734148827
2012-05-23,-0.011981019708153186
2012-05-24,-0.002816324376639408
2012-05-25,0.0016103431532141573
2012-05-29,-0.011733936521695031
2012-05-30,-0.012697261161981242
2012-05-31,-0.007862673834137246
2012-06-01,-0.013383708635652249
2012-06-04,0.006710096454947304
2012-06-05,0.00017141605778092853
2012-06-06,0.005255104757127646
2012-06-07,0.00704658538337826
2012-06-08,-0.0023778324066717543
2012-06-11,-0.004668752976706506
2012-06-12,0.0
2012-06-13,-0.007096672241268053
2012-06-14,0.010833369348033183
2012-06-15,0.004135671078728934
2012-06-18,0.007204669522413033
2012-06-19,0.009980699554840267
2012-06-20,-0.008964987251759352
2012-06-21,-0.020261175323496385
2012-06-22,0.004584242390717586
2012-06-25,0.014821031507735416
2012-06-26,0.0021567052791797675
2012-06-27,0.01211675544478061
2012-06-28,-0.011781607666538676
2012-06-29,0.03747453292943771
2012-07-02,-0.004121936995597569
2012-07-03,0.02560232732848296
2012-07-05,0.009738209748658928
2012-07-06,-0.02096994498261719
2012-07-09,0.02096994498261706
2012-07-10,-0.015766520048580167
2012-07-11,0.006567536878431872
2012-07-12,0.00269185326416164
2012-07-13,0.011454849609277283
2012-07-16,0.005678592535522045
2012-07-17,0.002262424308330667
2012-07-18,0.0037706538207375054
2012-07-19,0.02613554337247704
2012-07-20,0.003430279604113446
2012-07-23,-0.017270361936494658
2012-07-24,-0.014936783398083959
2012-07-25,0.00902238255734565
2012-07-26,-0.0018659291505010286
2012-07-27,0.006296686984590452
2012-07-30,0.012175022837660861
2012-07-31,-0.006253471681814831
2012-08-01,-0.010382106311613579
2012-08-02,-0.01012191669841704
2012-08-03,0.010490942641928765
2012-08-06,-0.000372795119058935
2012-08-07,0.00631855207479957
2012-08-08,0.0
2012-08-09,0.011053949718667928
2012-08-10,-0.015137883834867624
2012-08-13,-0.010099175442204454
2012-08-14,3.798935258856023e-06
2012-08-15,0.0033764860541927355
2012-08-16,0.0029693364653500002
2012-08-17,0.0030052833724652285
2012-08-20,-0.0003723786562177105
2012-08-21,0.020277164309459354
2012-08-22,-0.0017167639757355686
2012-08-23,0.003539960253290123
2012-08-24,-0.006472674229661486
2012-08-27,-0.00414822444728027
2012-08-28,-0.0022484358889497853
2012-08-29,0.005923573481203949
2012-08-30,-0.001468462667090868
2012-08-31,0.007320704919040104
2012-09-04,0.0032769063398456343
2012-09-05,-0.006930559724260947
2012-09-06,0.0029239759395990506
2012-09-07,0.009082714700198636
2012-09-10,0.003538022206071156
2012-09-11,0.0058213057030488706
2012-09-12,0.004575694674781043
2012-09-13,0.007178667764289108
2012-09-14,0.010216784772738519
2012-09-17,-0.02161290866613608
2012-09-18,-0.007824221096414582
2012-09-19,-0.0033410114821080064
2012-09-20,-0.005593347528613633
2012-09-21,0.010831273385300579
2012-09-24,-0.009593680053776487
2012-09-25,0.0047178845149837886
2012-09-26,-0.013413235779246604
2012-09-27,0.01145258813764894
2012-09-28,0.009897872792672674
2012-10-01,0.006269804415740409
2012-10-02,-0.0037585438778354177
2012-10-03,-0.010520928886966643
2012-10-04,0.00764683762822317
2012-10-05,-0.005043216326479778
2012-10-08,-0.001807379652606491
2012-10-09,0.0030092717220846434
2012-10-10,-0.005545034572789499
2012-10-11,0.012407299835438186
2012-10-12,-0.01494590251312726
2012-10-15,-0.010976326469406866
2012-10-16,0.004101927047049063
2012-10-17,0.007234371389900214
2012-10-18,0.006882857479799483
2012-10-19,-0.008337965625246904
2012-10-22,-0.00888537343865461
2012-10-23,-0.006522124584626994
2012-10-24,-0.0011096276139910667
2012-10-25,-0.0037078418630872444
2012-10-26,-0.004837087679743261
2012-10-31,-0.0011241761177221729
2012-11-01,0.0037299700053693937
2012-11-02,-0.021073074834745114
2012-11-05,-0.0011337423779382869
2012-11-06,0.01646062449514618
2012-11-07,-0.010770719119078984
2012-11-08,0.0022646662439918513
2012-11-09,-0.004158936035401668
2012-11-12,-0.002277957436957872
2012-11-13,0.003793645777839098
2012-11-14,0.0015134666175147364
2012-11-15,-0.004106732691316115
2012-11-16,0.002820446583412977
2012-11-19,0.008068467270258884
2012-11-20,0.005691636379126411
2012-11-21,0.0002987130403545574
2012-11-23,0.00854489045263918
2012-11-26,-0.005935394364845592
2012-11-27,0.005568962459960785
2012-11-28,-0.007059309803622827
2012-11-29,0.0022346179585998175
2012-11-30,-0.0044780182610999015
2012-12-03,0.0026161954215591704
2012-12-04,-0.007857817100538154
2012-12-05,0.007488791157026382
2012-12-06,-0.005612294595826931
2012-12-07,-0.006017312119861712
2012-12-10,-0.0022658417858267502
2012-12-11,-0.004167485040754573
2012-12-12,0.0021692278245337014
2012-12-13,-0.009408754009499696
2012-12-14,0.005339497642776589
2012-12-17,0.0
2012-12-18,-0.0011380190544980071
2012-12-19,-0.004583969664715308
2012-12-20,-0.005754844999878544
2012-12-21,0.0034568942862066706
2012-12-24,-0.0053825346565844695
2012-12-26,0.005091051062651518
2012-12-27,-0.0014623569125885682
2012-12-28,0.0002189588723187513
2012-12-31,-0.00038410711338906876
2013-01-02,0.00459943053770036
2013-01-03,-0.008834301495666113
2013-01-04,-0.0055633144403842575
2013-01-07,0.00247212483237627
2013-01-08,-0.00038708066545122937
2013-01-09,-0.004656618486032597
2013-01-10,0.008906213808465088
2013-01-11,0.0
2013-01-14,0.008024755804317395
2013-01-15,0.0029593778242095335
2013-01-16,0.0004765327007309163
2013-01-17,0.0057382615813502845
2013-01-18,0.004031265195754769
2013-01-22,0.003142657831898475
2013-01-23,-0.0015059870145547928
2013-01-24,-0.004456033448846602
2013-01-25,-0.0034880593407334995
2013-01-28,-0.00037987574832096954
2013-01-29,0.002656032524802527
2013-01-30,0.010179181639991338
2013-01-31,-0.0011259407158304554
2013-02-01,0.005840968449527123
2013-02-04,-0.0005937571625092033
2013-02-05,-0.003371347112477731
2013-02-06,0.0
2013-02-07,-0.007562263022972188
2013-02-08,-0.0018522293000580003
2013-02-11,-0.005006836733061482
2013-02-12,-0.0018269143920710245
2013-02-13,0.0015226845283232598
2013-02-14,-0.006487337027810492
2013-02-15,-0.002579925236787806
2013-02-19,0.0002801399019560837
2013-02-20,-0.006158597226382568
2013-02-21,-0.01162324433370022
2013-02-22,-0.0015911010281699843
2013-02-25,0.0035149481296033766
2013-02-26,0.0
2013-02-27,0.001947464842869441
2013-02-28,-0.0066328785214079585
2013-03-01,-0.0051089840601281035
2013-03-04,0.0015106949633688542
2013-03-05,0.004768754645694418
2013-03-06,-0.00864442770044637
2013-03-07,0.006294271249765967
2013-03-08,0.007298789231302218
2013-03-11,0.0003580631147689625
2013-03-12,0.002487605610865685
2013-03-13,-0.003499912266162889
2013-03-14,0.007374399090705282
2013-03-15,0.0003866316924871001
2013-03-18,-0.005815155965876792
2013-03-19,-0.0007778510849363472
2013-03-20,0.0036509094087691938
2013-03-21,0.0029420976420440584
2013-03-22,-0.0015474244842929657
2013-03-25,-0.0010070523693411066
2013-03-26,0.0040994369001551186
2013-03-27,0.006156227554528425
2013-03-28,-0.015462218384242022
2013-04-01,-0.007817766867945128
2013-04-02,-0.006700865409444788
2013-04-03,-0.01152861153662407
2013-04-04,-0.002401901264877582
2013-04-05,0.0028056346643477318
2013-04-08,0.00517839393735517
2013-04-09,0.005551215505067722
2013-04-10,-0.005948917999037478
2013-04-11,0.0023917174750694744
2013-04-12,-0.0075761423179249365
2013-04-15,-0.03045509634342963
2013-04-16,0.006540885725240218
2013-04-17,-0.00447377706355848
2013-04-18,0.011208043572478565
2013-04-19,-0.0013839867683056414
2013-04-22,-0.004490667008386657
2013-04-23,-0.006156375449565235
2013-04-24,0.003698308924484065
2013-04-25,0.014662354148718814
2013-04-26,-0.008936314041814714
2013-04-29,0.022980236722950742
2013-04-30,-0.006353312445049115
2013-05-01,-0.017034847136578254
2013-05-02,0.0016306162852403104
2013-05-03,0.012544221111717125
2013-05-06,-0.0036632093525843217
2013-05-07,-0.0031945099350874718
2013-05-08,0.0044452974196373795
2013-05-09,0.004421719114337348
2013-05-10,-0.025612347049995852
2013-05-13,0.017554988478044195
2013-05-14,-0.004461524504417508
2013-05-15,-0.0028495721827476697
2013-05-16,-0.0044944144556700125
2013-05-17,0.007343986638417644
2013-05-20,0.004866146367351369
2013-05-21,-0.0016193934100736805
2013-05-22,0.0
2013-05-23,-0.006495914015213478
2013-05-24,0.004467880671539691
2013-05-28,0.002838096463347597
2013-05-29,-0.0036503853182464287
2013-05-30,-0.005051361059542703
2013-05-31,-0.004748626070112487
2013-06-03,0.00979998712965515
2013-06-04,0.002435044429923528
2013-06-05,-0.0012168197392878847
2013-06-06,-0.0020312514611738075
2013-06-07,-0.00407500081523756
2013-06-10,-0.006143767789747139
2013-06-11,-0.003704476444906622
2013-06-12,0.0024711489759004844
2013-06-13,-0.001234771887802757
2013-06-14,0.00041178623402384526
2013-06-17,0.00615637544956527
2013-06-18,-0.002593420773173487
2013-06-19,0.008712127051377952
2013-06-20,-0.029306915798516336
2013-06-21,-0.005450416154216796
2013-06-24,-0.011859549874024723
2013-06-25,0.005099919281287575
2013-06-26,-0.005526095687620377
2013-06-27,-0.0034158840517259596
2013-06-28,-0.007297739307605095
2013-07-01,0.006442003247127812
2013-07-02,0.005123791375908726
2013-07-03,0.003656019179659303
2013-07-05,-0.007496440142121558
2013-07-08,0.012068836006636177
2013-07-09,0.0002534323951236442
2013-07-10,0.010460325303364338
2013-07-11,0.0018788004030632114
2013-07-12,0.0002501819002507642
2013-07-15,-0.002505198237996617
2013-07-16,0.007911785236388802
2013-07-17,-0.007493802835230841
2013-07-18,0.0033375050927976634
2013-07-19,0.007055438041713558
2013-07-22,0.0019872514527250577
2013-07-23,-0.0012761532365656834
2013-07-24,-0.009433936223550547
2013-07-25,-0.003971133433461618
2013-07-26,-0.012008986478880934
2013-07-29,-0.002546667966937819
2013-07-30,-0.00750795234723569
2013-07-31,0.007507952347235724
2013-08-01,0.0004249088035651198
2013-08-02,-0.005110779297328435
2013-08-05,-0.005566238221072927
2013-08-06,-0.00442805708850963
2013-08-07,-0.0037634320760407238
2013-08-08,0.0030257076954861638
2013-08-09,0.009450212764460902
2013-08-12,0.013584123818395646
2013-08-13,-0.0012661244070079328
2013-08-14,0.0057352336678535175
2013-08-15,0.008525048128665195
2013-08-16,0.007358318099164705
2013-08-19,0.0034078406629827786
2013-08-20,-0.0016488427127961116
2013-08-21,-0.007037912642491292
2013-08-22,0.0009966020286366333
2013-08-23,0.007278197454867629
2013-08-26,0.010231755636503883
2013-08-27,0.006516321149841869
2013-08-28,-0.0004052021142029483
2013-08-29,-0.006502706393623822
2013-08-30,-0.00737105321869128
2013-09-03,0.009001669503931465
2013-09-04,-0.013120307227565317
2013-09-05,-0.0016108534028319856
2013-09-06,0.008602454131982464
2013-09-09,-0.004106797715333914
2013-09-10,-0.008264462624588421
2013-09-11,-0.04411236464379619
2013-09-12,0.045356353175839
2013-09-13,-0.0008291273489052915
2013-09-16,-0.004156297742433102
2013-09-17,-0.0029196973279350144
2013-09-18,0.004584242390717586
2013-09-19,0.007415301775218983
2013-09-20,-0.012835334331957405
2013-09-23,-0.005870012134425635
2013-09-24,-0.005219665821792208
2013-09-25,0.0031147968414080617
2013-09-26,0.0033655869116322673
2013-09-27,0.001678595260088055
2013-09-30,-0.007153410425592333
2013-10-01,-0.007626181245964976
2013-10-02,0.008470438675292546
2013-10-03,-0.0016892282315747803
2013-10-04,0.0021110093627119005
2013-10-07,0.006725614045478062
2013-10-08,0.003763259527352625
2013-10-09,-0.009477147296157833
2013-10-10,0.007806344531544206
2013-10-11,-0.0062906316418323
2013-10-14,0.005793018384571409
2013-10-15,-0.0032720311056579146
2013-10-16,0.002095965471565195
2013-10-17,0.02522360823752235
2013-10-18,-0.020211031270200283
2013-10-21,0.0
2013-10-22,4.132580165231895e-06
2013-10-23,-0.013427140024815301
2013-10-24,0.0012660385604646406
2013-10-25,0.00210664266375778
2013-10-28,-0.005063337408214932
2013-10-29,-0.00423902599476262
2013-10-30,0.0033969046403797805
2013-10-31,-0.011072861276830897
2013-11-01,-0.009894744128071255
2013-11-04,-0.008684329781187279
2013-11-05,-0.0035868836851781984
2013-11-06,0.0016006210045182432
2013-11-07,-0.0015087134634398402
2013-11-08,0.0034949761440997724
2013-11-11,0.0021781423216882746
2013-11-12,-0.0008707209240387038
2013-11-13,-0.004364846510272854
2013-11-14,0.003929284683895129
2013-11-15,-0.0010725131435536895
2013-11-18,-0.006362468445041659
2013-11-19,-0.0035224833551985592
2013-11-20,0.005714952393566632
2013-11-21,0.004806677781977279
2013-11-22,0.0008713965946277829
2013-11-25,0.0008707209240387116
2013-11-26,0.00217349114733717
2013-11-27,-0.00522425384277056
2013-11-29,0.008302409563189646
2013-12-02,-0.0017764076868431622
2013-12-03,-0.0017360685022192865
2013-12-04,0.010818704552074846
2013-12-05,-0.0017376006546816582
2013-12-06,0.0008648708456774336
2013-12-09,0.005186552019592802
2013-12-10,0.008054386173528555
2013-12-11,0.004235515985643058
2013-12-12,-0.008915324674029012
2013-12-13,0.0012742239168629268
2013-12-16,0.0017020931181278686
2013-12-17,-0.0059659243134432315
2013-12-18,-0.00042773568708634826
2013-12-19,0.00597268782600737
2013-12-20,0.0156153810931356
2013-12-23,-0.006722708199054947
2013-12-24,0.0012639852990815631
2013-12-26,-0.0004211509403176451
2013-12-27,0.00126292108981234
2013-12-30,-0.007584421521805745
2013-12-31,-0.011957448971768375
2014-01-02,-0.00214727320590474
2014-01-03,-0.000864502538322272
2014-01-06,-0.0006758462805544794
2014-01-07,-0.004021076478901171
2014-01-08,-0.005014486852608343
2014-01-09,-0.011154625465830067
2014-01-10,0.046196603148466756
2014-01-13,-0.03015720653305466
2014-01-14,0.0005186794591962553
2014-01-15,0.0004320686650108766
2014-01-16,0.001769507661041539
2014-01-17,0.003830380643208081
2014-01-21,-0.0025807056598701967
2014-01-22,0.0068669734501185
2014-01-23,0.0012823548361881086
2014-01-24,0.006387061130650492
2014-01-27,-0.00766509221736788
2014-01-28,0.0046895450289851
2014-01-29,0.008904476296663098
2014-01-30,-0.008900172794704534
2014-01-31,-0.0021351049361413403
2014-02-03,0.0025564336572735666
2014-02-04,0.01599897830947477
2014-02-05,-0.0012194046921322954
2014-02-06,-0.00041514616980785617
2014-02-07,0.0
2014-02-10,-0.002351746221372176
2014-02-11,0.008207028133698242
2014-02-12,0.0033305578396502613
2014-02-13,0.005801976339439843
2014-02-14,0.004535101670328761
2014-02-18,0.017129296663472272
2014-02-19,0.006449028834676497
2014-02-20,-0.002816324376639408
2014-02-21,0.002012524079219895
2014-02-24,0.003612215261323209
2014-02-25,-0.001202597044671493
2014-02-26,-0.0036166465686656214
2014-02-27,-0.019512795310928883
2014-02-28,0.022728229083628256
2014-03-03,-0.01878281546617896
2014-03-04,0.034311671941747765
2014-03-05,-0.0022031483146636843
2014-03-06,0.008442025488225133
2014-03-07,-0.004391488858783331
2014-03-10,-0.0069969010351840595
2014-03-11,0.0
2014-03-12,-0.00198772257614811
2014-03-13,-0.002949008095228191
2014-03-14,0.0017545512711414331
2014-03-17,-0.004792374963510766
2014-03-18,0.003995226350472226
2014-03-19,-0.00011963472407190267
2014-03-20,-0.010744586820279881
2014-03-21,-0.0019770341179334494
2014-03-24,-0.0004039680457119793
2014-03-25,0.004840790560210855
2014-03-26,-0.0020165120940083586
2014-03-27,0.00922402959330664
2014-03-28,0.0015955693857440873
2014-03-31,-0.0023942335833694404
2014-04-01,-0.006252029561074901
2014-04-02,-0.0025763271377005396
2014-04-03,0.00682871019441645
2014-04-04,-0.00240478939141718
2014-04-07,0.005602231175956931
2014-04-08,0.010321657066455383
2014-04-09,0.003154573782778265
2014-04-10,0.004321382119962203
2014-04-11,-0.0051091119064404725
2014-04-14,0.006675857569549768
2014-04-15,-0.0031320558018597343
2014-04-16,0.0018005046949237185
2014-04-17,0.004067593543417966
2014-04-21,-0.0053225543105288285
2014-04-22,0.003994569274626157
2014-04-23,0.0017181634421484775
2014-04-24,0.0031942972092094445
2014-04-25,-0.0005446387610373076
2014-04-28,-0.002649658448172009
2014-04-29,0.0058355165140583755
2014-04-30,-0.005835516514058415
2014-05-01,-0.010511536071563157
2014-05-02,0.0026776198744152915
2014-05-05,0.000786181539857015
2014-05-06,0.0037649571295809733
2014-05-07,-0.0049444613414434116
2014-05-08,-0.002363115126127876
2014-05-09,-0.0035552141215069617
2014-05-12,0.0023715214865757503
2014-05-13,0.000394719913030228
2014-05-14,0.0027586104124250723
2014-05-15,-0.006316635605670838
2014-05-16,-0.003968274343403133
2014-05-19,0.006072979404570462
2014-05-20,-0.005278048604165647
2014-05-21,0.0035693138050132017
2014-05-22,-0.0012874203359905245
2014-05-23,9.903886194741947e-05
2014-05-27,-0.00915791964114
2014-05-28,0.0016426320745216215
2014-05-29,-4.3874148231621944e-05
2014-05-30,-0.006812291234369026
2014-06-02,0.001607031588399682
2014-06-03,-0.0016070315883997184
2014-06-04,-0.0036253876494602593
2014-06-05,0.0
2014-06-06,0.0036253876494602624
2014-06-09,-0.0008005324420643239
2014-06-10,-0.0024213761396420777
2014-06-11,-0.0036897742854725265
2014-06-12,0.008177462114389715
2014-06-13,0.005945726266876117
2014-06-16,0.0
2014-06-17,0.0
2014-06-18,0.0011969156484879615
2014-06-19,0.01152819442010258
2014-06-20,0.0004413530428419678
2014-06-23,-0.003235894607876592
2014-06-24,0.0011850954238200187
2014-06-25,0.0023855924575987048
2014-06-26,-0.001982969197534952
2014-06-27,-0.004358339752307485
2014-06-30,-0.006361844512085763
2014-07-01,-0.003196164309330937
2014-07-02,-0.0028050387071168366
2014-07-03,-0.0008029088302146573
2014-07-07,-0.011146188745898207
2014-07-08,-0.0054567377865484
2014-07-09,0.000408255932535433
2014-07-10,-0.0072096247580696465
2014-07-11,-0.008007647935340256
2014-07-14,-0.0016590218964154075
2014-07-15,-0.006246100522858016
2014-07-16,0.0025031079099476186
2014-07-17,0.0062305339547879856
2014-07-18,-0.00623053395478802
2014-07-21,-0.0024196150997215873
2014-07-22,-8.771543715658075e-05
2014-07-23,0.0025073305368781304
2014-07-24,-0.001292507316538665
2014-07-25,0.0018923474671978498
2014-07-28,-0.003520755825469535
2014-07-29,-0.0012544716967467845
2014-07-30,-0.0023667937149380322
2014-07-31,-0.004320784184675148
2014-08-01,-0.008065077010928685
2014-08-04,0.004660064035201813
2014-08-05,-0.002195940871046369
2014-08-06,0.006834389400142932
2014-08-07,-0.004384866193640543
2014-08-08,-0.0062563327560109525
2014-08-11,0.003039798207419472
2014-08-12,0.0
2014-08-13,-0.01065426649189002
2014-08-14,-0.005585452555061359
2014-08-15,0.004728167554889851
2014-08-18,-0.003436426260757085
2014-08-19,-0.0034525585032629752
2014-08-20,0.0025915830666168355
2014-08-21,-0.00043076585748670344
2014-08-22,-0.0017248391038868249
2014-08-25,0.004736310621243632
2014-08-26,0.0017166960375328724
2014-08-27,0.0004287343672792788
2014-08-28,0.00042855063289205716
2014-08-29,0.005554347210602381
2014-09-02,-0.010709033908177052
2014-09-03,-0.005181312656859713
2014-09-04,0.0021578456780091374
2014-09-05,-0.0012923996163994131
2014-09-08,-0.007815945121345617
2014-09-09,-0.006999146820345448
2014-09-10,-0.006164761785516871
2014-09-11,-0.004426677146466589
2014-09-12,-0.0032573540952956976
2014-09-15,-0.0038620128036391268
2014-09-16,0.0119832738449236
2014-09-17,-0.004420424060061062
2014-09-18,-0.01310991874813871
2014-09-19,-0.009312546074887185
2014-09-22,-0.008654056623102056
2014-09-23,0.004564064281324934
2014-09-24,0.00816332476202076
2014-09-25,-0.005434747629594547
2014-09-26,-0.0031839778038332484
2014-09-29,0.011325148965633811
2014-09-30,-0.009963907486798596
2014-10-01,-0.006838705314868326
2014-10-02,-0.0013797756453881828
2014-10-03,0.0027485758715035955
2014-10-06,0.01317896859971129
2014-10-07,-0.0013552646748745984
2014-10-08,-0.0027162249781250676
2014-10-09,-0.005454510427218626
2014-10-10,-0.00046051249697452745
2014-10-13,0.0022819614572602703
2014-10-14,-0.005474417479778734
2014-10-15,-0.008545135024709478
2014-10-16,0.002580397557747426
2014-10-17,-0.0003083129878793614
2014-10-20,-0.007082013961575704
2014-10-21,0.0055479032081731956
2014-10-22,-0.006939635229247212
2014-10-23,0.0069396352292471625
2014-10-24,-0.007404006192309116
2014-10-27,0.0018561029841358606
2014-10-28,0.009183451810361077
2014-10-29,0.01101000787409584
2014-10-30,-0.010045714964895142
2014-10-31,-0.0022973198075481546
2014-11-03,0.0
2014-11-04,-0.010171114599790467
2014-11-05,-0.00232617665606625
2014-11-06,0.007886845864431306
2014-11-07,0.004150347428866762
2014-11-10,-0.008317992055828179
2014-11-11,0.00877809001838665
2014-11-12,-0.0013809294454870662
2014-11-13,-0.010185241715634525
2014-11-14,0.008202657269880004
2014-11-17,0.002903415928683031
2014-11-18,-0.005713496702389151
2014-11-19,0.0024869580281865838
2014-11-20,0.007359731890707904
2014-11-21,0.00091619144446244
2014-11-24,-0.011049825512574671
2014-11-25,0.006920425183938495
2014-11-26,0.0
2014-11-28,-0.03509131981127006
2014-12-01,0.011363747874334085
2014-12-02,-0.020452570855723044
2014-12-03,-0.00336942297642118
2014-12-04,-0.0014475605651391075
2014-12-05,-0.00048289407217261195
2014-12-08,-0.014108767782681523
2014-12-09,0.012174486960205287
2014-12-10,-0.009727740529527566
2014-12-11,0.0
2014-12-12,-0.0009779243127306131
2014-12-15,-0.014289522002375073
2014-12-16,-0.007471995907200751
2014-12-17,-0.0005001364914991131
2014-12-18,0.004492153961537356
2014-12-19,0.0
2014-12-22,-0.016570799676898264
2014-12-23,0.005050535003686762
2014-12-24,-0.012674440651605246
2014-12-26,0.0025477332028398234
2014-12-29,-0.003058079156532635
2014-12-30,-0.0010214739315964384
2014-12-31,-0.016486705080130164
2015-01-02,-0.00729927054275482
2015-01-05,0.002873956412276797
2015-01-06,-0.00020881998767822995
2015-01-07,-0.002665136424598584
2015-01-08,-0.0016759978570453733
2015-01-09,0.0006288533967427365
2015-01-12,-0.01850438113400494
2015-01-13,-0.01099943622645461
2015-01-14,0.018442287896155804
2015-01-15,-0.009039621962153318
2015-01-16,0.01537548486216158
2015-01-20,-0.013778714569709504
2015-01-21,0.0053220126506309095
2015-01-22,-0.006133422941736615
2015-01-23,-0.0066926880101498285
2015-01-26,-0.0032255567765732147
2015-01-27,0.0037684939322239664
2015-01-28,-0.011174532788277663
2015-01-29,-0.01310492851023396
2015-01-30,0.01889149679809874
2015-02-02,0.0069986375625488645
2015-02-03,0.024902013677776363
2015-02-04,-0.019018037774618565
2015-02-05,0.004257586200918078
2015-02-06,0.0005309386300239291
2015-02-09,0.010034440142960734
2015-02-10,-0.010140645819718618
2015-02-11,-0.007887421528621685
2015-02-12,0.013287465913289272
2015-02-13,0.014446284263483657
2015-02-17,-0.005301332610376537
2015-02-18,-0.005771599539281453
2015-02-19,-0.0013111326160690489
2015-02-20,-0.004176433571015291
2015-02-23,-0.010638337222571707
2015-02-24,0.0008872883007252327
2015-02-25,0.010808714696015034
2015-02-26,-0.006894705506628965
2015-02-27,0.008479109639538756
2015-03-02,-0.01061021937267188
2015-03-03,-0.00213566106293711
2015-03-04,0.0037290361486563236
2015-03-05,-0.003729036148656378
2015-03-06,-0.012369049910706403
2015-03-09,-0.0016301087237665592
2015-03-10,-0.010893852690509239
2015-03-11,0.0010953154168974236
2015-03-12,-0.0039487000263602285
2015-03-13,-0.014836390781595732
2015-03-16,-0.002798128943643583
2015-03-17,-0.005046304945353682
2015-03-18,0.01838547618169655
2015-03-19,-0.0074226660443361125
2015-03-20,0.013474882694306913
2015-03-23,0.009825423376558689
2015-03-24,-0.0021750420446404357
2015-03-25,0.0010880605148804402
2015-03-26,0.0070442485083829975
2015-03-27,-0.01688041047185463
2015-03-30,-0.0010988215734518668
2015-03-31,-0.007305371914294478
2015-04-01,0.01278786248324974
2015-04-02,0.0010928170599382313
2015-04-06,0.009241711923895182
2015-04-07,0.006773588421895758
2015-04-08,-0.02094277571922212
2015-04-09,-0.005503507215308827
2015-04-10,0.007340494696748584
2015-04-13,-0.005686301933645894
2015-04-14,0.00823047846345019
2015-04-15,0.01733529876383723
2015-04-16,0.00749063885807176
2015-04-17,-0.003203391119161476
2015-04-20,-0.005899754718025767
2015-04-21,-0.004853077857136436
2015-04-22,0.0
2015-04-23,0.007539044428982929
2015-04-24,0.0016081851268151454
2015-04-27,0.0016056030193642072
2015-04-28,0.004801297490111466
2015-04-29,0.007327999134038696
2015-04-30,0.0074635423258109755
2015-05-01,-0.003682644568634552
2015-05-04,0.004206902980738044
2015-05-05,0.008220797484519876
2015-05-06,0.0006496012277673992
2015-05-07,-0.015179612194225783
2015-05-08,0.007932640160995407
2015-05-11,-0.003722011252925341
2015-05-12,0.01096898328615584
2015-05-13,0.0025939956465042147
2015-05-14,0.005683332939318372
2015-05-15,-0.0012165885237746773
2015-05-18,-0.00409374448744953
2015-05-19,-0.02025848865220998
2015-05-20,0.0005230734990143476
2015-05-21,0.00789802086630995
2015-05-22,-0.012085332021922742
2015-05-26,-0.019920372849874444
2015-05-27,-0.004827951722797885
2015-05-28,0.001032691588305183
2015-05-29,0.007268874713417748
2015-06-01,0.0011748870783640291
2015-06-02,0.004541189749739304
2015-06-03,-0.006973394621443364
2015-06-04,-0.007299838927789162
2015-06-05,0.001342571949166033
2015-06-08,0.004336046063680275
2015-06-09,0.01438497668340295
2015-06-10,0.005958394151181727
2015-06-11,-0.01387430040380961
2015-06-12,-0.004847849515832268
2015-06-15,-0.00867683549940095
2015-06-16,0.0021762254469964042
2015-06-17,0.0032501627688679294
2015-06-18,-0.0005310191030175072
2015-06-19,-0.00871527508979694
2015-06-22,0.0
2015-06-23,0.010875520561408395
2015-06-24,-0.003771253270805344
2015-06-25,0.004311952334733461
2015-06-26,0.0008104493160485289
2015-06-29,-0.002433424365439052
2015-06-30,0.009204995295887424
2015-07-01,0.002100696806953583
2015-07-02,-0.0005354874976525385
2015-07-06,-0.02780121243245673
2015-07-07,-0.013199337403361409
2015-07-08,0.0
2015-07-09,0.011937416865534784
2015-07-10,0.004665025475656047
2015-07-13,0.002193033555974538
2015-07-14,-0.0010959156035855635
2015-07-15,-0.011635436777042008
2015-07-16,-0.0038345234226546997
2015-07-17,-0.004794289260801777
2015-07-20,-0.014318054499716843
2015-07-21,0.0003858334767871244
2015-07-22,-0.010080809244516974
2015-07-23,-0.011527548892525047
2015-07-24,-0.009318637421379495
2015-07-27,-0.015924869654813018
2015-07-28,0.008288939981014156
2015-07-29,0.003237695699296059
2015-07-30,-0.002648233297668715
2015-07-31,-0.015439750965705656
2015-08-03,-0.01000196757520751
2015-08-04,0.00434878127737841
2015-08-05,-0.002760288499179304
2015-08-06,-0.003016013475965917
2015-08-07,-0.0006115277498768132
2015-08-10,0.022163167654930406
2015-08-11,-0.011607356233770455
2015-08-12,-0.0030973230642922737
2015-08-13,-0.0062478067798434995
2015-08-14,-0.0027685033838081323
2015-08-17,-0.005474708438977741
2015-08-18,-0.007610792183109282
2015-08-19,-0.007805496246509074
2015-08-20,0.004117062371113682
2015-08-21,-0.013671002959192706
2015-08-24,-0.022451506982928717
2015-08-25,0.005994142530265214
2015-08-26,-0.01720482553779532
2015-08-27,0.029902820537913547
2015-08-28,0.023010063128502414
2015-08-31,0.015775910499498082
2015-09-01,-0.023220434039559618
2015-09-02,0.0009945627427576452
2015-09-03,0.0022819496984378155
2015-09-04,-0.0061793673657520665
2015-09-08,0.007964216558862319
2015-09-09,-0.01100607803562385
2015-09-10,0.009646247080760666
2015-09-11,-0.002459924013774412
2015-09-14,-0.0048575035282939095
2015-09-15,0.0005270543026959302
2015-09-16,0.007719662018853918
2015-09-17,0.003377881762118315
2015-09-18,-0.020753359745972085
2015-09-21,0.006551234863404702
2015-09-22,-0.008744611968864934
2015-09-23,-0.001443938093357361
2015-09-24,0.007074300512539565
2015-09-25,0.002100041291594529
2015-09-28,-0.008357907668827153
2015-09-29,0.0012546741932982868
2015-09-30,0.004996885896226467
2015-10-01,-0.007507870409776583
2015-10-02,0.0056470883446201785
2015-10-05,0.01082246260340102
2015-10-06,0.018117096786275166
2015-10-07,-0.0006013408657242664
2015-10-08,0.0036386561749201327
2015-10-09,0.0036253493030869617
2015-10-12,-0.008479722992294195
2015-10-13,-0.0018265263097602055
2015-10-14,0.0048632268879392915
2015-10-15,-0.004254014020783213
2015-10-16,-0.007335047664071461
2015-10-19,-0.00782185511256671
2015-10-20,-0.0008041622434181668
2015-10-21,-0.004341073162938485
2015-10-22,-0.0034241468584997386
2015-10-23,-0.007763113879826499
2015-10-26,-0.00636803198676361
2015-10-27,-0.004081732686790512
2015-10-28,0.01164319800344601
2015-10-29,-0.007561465316655443
2015-10-30,0.0037878495645686273
2015-11-02,-0.0012610029363897262
2015-11-03,0.008168387301311116
2015-11-04,-0.0038119873412771317
2015-11-05,-0.020242208933549256
2015-11-06,-0.0046904071242000875
2015-11-09,-0.012129502406895337
2015-11-10,-0.005464711638207828
2015-11-11,-0.0017319573976002072
2015-11-12,-0.010567789196278682
2015-11-13,-0.007319372557820157
2015-11-16,0.0026702260059476303
2015-11-17,-0.009491555364347001
2015-11-18,-0.002243713719832046
2015-11-19,0.0003372189872415237
2015-11-20,-0.0033772535521188456
2015-11-23,-0.0027100262199033624
2015-11-24,0.008787615602358398
2015-11-25,0.006027488260653667
2015-11-27,-0.01345914041703677
2015-11-30,-0.0020413686466137747
2015-12-01,0.00939907192959778
2015-12-02,-0.01779135882061448
2015-12-03,0.011110948394493468
2015-12-04,0.0021641823317654907
2015-12-07,-0.026839910445451635
2015-12-08,-0.004869553610210955
2015-12-09,-0.0006976092961829733
2015-12-10,0.0
2015-12-11,-0.010522693890463498
2015-12-14,-0.008498626398311634
2015-12-15,-0.004276586611975195
2015-12-16,-0.0014296255537774901
2015-12-17,-0.010642971676186023
2015-12-18,0.009927459998021053
2015-12-21,0.006421723843917833
2015-12-22,-0.007854421632609328
2015-12-23,0.015640497720345807
2015-12-24,0.0010227489871431146
2015-12-28,-0.009520331946923566
2015-12-29,0.015466946336030738
2015-12-30,-0.008374758560965558
2015-12-31,0.00491372010360044
2016-01-04,-0.010654504485689293
2016-01-05,-0.004202436062217432
2016-01-06,-0.010771563718491426
2016-01-07,-0.0035996332807656643
2016-01-08,0.0014399604734210067
2016-01-11,-0.022670035687035347
2016-01-12,-0.0066790712144926346
2016-01-13,0.0007442706149378019
2016-01-14,0.002229706372715094
2016-01-15,-0.017222477024523095
2016-01-19,-0.0007555896952792162
2016-01-20,-0.0037863912976142276
2016-01-21,0.011316576238319673
2016-01-22,0.01784432289063319
2016-01-25,-0.011860765442851183
2016-01-26,0.015120008419601755
2016-01-27,0.00627512457730187
2016-01-28,0.007997178894363103
2016-01-29,0.00972082059554867
2016-02-01,-0.014802548265601444
2016-02-02,-0.016141165663059235
2016-02-03,0.021222893333112176
2016-02-04,-0.002900651822077322
2016-02-05,-0.007208254973728204
2016-02-08,-0.0016104833722146866
2016-02-09,-0.021408465227480904
2016-02-10,0.0
2016-02-11,0.0029895360782867674
2016-02-12,0.014079560902030833
2016-02-16,-0.006377913902354564
2016-02-17,0.016481194471030074
2016-02-18,-0.0020417010478550705
2016-02-19,-0.008797702399387106
2016-02-22,0.010256525248040936
2016-02-23,-0.009520402369474186
2016-02-24,0.009520402369474247
2016-02-25,-0.003650985443499392
2016-02-26,-0.00146416263251253
2016-02-29,0.0029261149645594315
2016-03-01,0.002152539806631676
2016-03-02,0.00512554058327318
2016-03-03,0.009382971348228035
2016-03-04,0.016105231754650274
2016-03-07,0.014645528736544778
2016-03-08,-0.010237050249822651
2016-03-09,0.010696750760483492
2016-03-10,-0.001484275576824434
2016-03-11,0.011095803614336824
2016-03-14,-0.01074718137843549
2016-03-15,-0.006637534284213133
2016-03-16,0.01393046759491643
2016-03-17,0.013069905337850171
2016-03-18,-0.003427933703563876
2016-03-21,0.0006851818492709002
2016-03-22,0.005464489132556301
2016-03-23,-0.018563644552507357
2016-03-24,-0.0013958133964060413
2016-03-28,-0.0027766172371108395
2016-03-29,0.003408802594076382
2016-03-30,-0.008298833171020493
2016-03-31,-0.0003502093927912712
2016-04-01,-0.012214383445798732
2016-04-04,-0.008667641311870582
2016-04-05,-0.005019709095783942
2016-04-06,0.005734777351303946
2016-04-07,0.0021421419402034786
2016-04-08,0.018375023954737033
2016-04-11,0.004074323073702514
2016-04-12,0.019456185208292023
2016-04-13,0.004742496484714648
2016-04-14,-0.004749345742370921
2016-04-15,-0.007545514566108116
2016-04-18,0.007552363823764461
2016-04-19,0.024992850351601557
2016-04-20,0.01785174400958273
2016-04-21,-0.002624670876981086
2016-04-22,-0.008180580611386842
2016-04-25,-0.0033840742136940698
2016-04-26,0.010729872808934726
2016-04-27,0.006730649115613027
2016-04-28,0.003852738210757724
2016-04-29,0.011412219628021912
2016-05-02,-0.011015355513098186
2016-05-03,-0.012777047331997754
2016-05-04,0.0
2016-05-05,-0.010063672482425779
2016-05-06,0.006103243593678964
2016-05-09,-0.021391169524983083
2016-05-10,0.018211494310849737
2016-05-11,0.01778152319274056
2016-05-12,0.0008144536260758126
2016-05-13,-0.00031916590257243384
2016-05-16,0.005424991402099001
2016-05-17,0.010089202570481357
2016-05-18,-0.00902070185877843
2016-05-19,-0.005334595359986755
2016-05-20,0.0020346902335767777
2016-05-23,-0.004497397965097018
2016-05-24,-0.0014165217433762171
2016-05-25,0.011114920954774433
2016-05-26,0.0013299368068538724
2016-05-27,0.0014827558829247594
2016-05-31,-0.0016117871129993182
2016-06-01,0.009120764373621125
2016-06-02,0.007351387795161225
2016-06-03,0.004869023979015786
2016-06-06,0.009135578593301172
2016-06-07,0.0076315482479632915
2016-06-08,0.01602007279796406
2016-06-09,0.002441943087650178
2016-06-10,-0.013771242812172914
2016-06-13,0.0002658617340119027
2016-06-14,-0.0037089886332592496
2016-06-15,-0.002957190584091293
2016-06-16,-0.013309556714674127
2016-06-17,0.015019101124571312
2016-06-20,0.012345765322425175
2016-06-21,-0.014403790136971736
2016-06-22,-0.006675676457818466
2016-06-23,0.005000065104307523
2016-06-24,-0.01507570741138356
2016-06-27,-0.002534853152055743
2016-06-28,0.019777759979385
2016-06-29,0.008400129669276018
2016-06-30,0.0005859029292017051
2016-07-01,0.0037046034706266257
2016-07-05,-0.021613819625464034
2016-07-06,-0.0001255322964609736
2016-07-07,-0.028009503426582354
2016-07-08,0.013529778546407155
2016-07-11,0.0015909646970469185
2016-07-12,0.011003702338250482
2016-07-13,-0.005891535133922468
2016-07-14,0.0011065152499056847
2016-07-15,-0.002157239498705759
2016-07-18,-0.002117476623585496
2016-07-19,-0.013198698336920106
2016-07-20,-0.004834807669781856
2016-07-21,-0.003378905054360202
2016-07-22,-0.004731439282354806
2016-07-25,-0.009820083580769506
2016-07-26,-0.0032949085280264303
2016-07-27,-0.005931723723961758
2016-07-28,0.005601691652703234
2016-07-29,0.009109873793785363
2016-08-01,-0.017997104166996413
2016-08-02,0.0025947595369090718
2016-08-03,0.003978749694791508
2016-08-04,0.009871725291358689
2016-08-05,-0.002716676787407288
2016-08-08,0.005275650754998146
2016-08-09,-0.007841644101415716
2016-08-10,-0.0038018106227605594
2016-08-11,0.0031758002918433823
2016-08-12,0.002784532514728726
2016-08-15,0.018735693020766622
2016-08-16,0.004505942320462993
2016-08-17,0.0038397788478402818
2016-08-18,0.006701763603815629
2016-08-19,-0.0042032915121834645
2016-08-22,-0.005798899720340272
2016-08-23,0.002026395068774081
2016-08-24,-0.01237604014623118
2016-08-25,0.002073318611116894
2016-08-26,0.0012936908475924592
2016-08-29,-0.009743537453693291
2016-08-30,-0.009180352321064764
2016-08-31,-0.011928590969079961
2016-09-01,-0.004684276152665379
2016-09-02,0.009340067438309639
2016-09-06,0.0052945143880036545
2016-09-07,0.003294908528026345
2016-09-08,0.013721224126265169
2016-09-09,-0.008969368020581132
2016-09-12,-0.00015712220105322224
2016-09-13,-0.012520791687985424
2016-09-14,-0.0031215733823422515
2016-09-15,-0.0015311232441937214
2016-09-16,0.009151833532191069
2016-09-19,0.002762265099722265
2016-09-20,-0.0039512241618012605
2016-09-21,0.01963415078904397
2016-09-22,0.005171305792346901
2016-09-23,-0.011673304038547922
2016-09-26,0.004555796741872932
2016-09-27,-0.007986316874135561
2016-09-28,0.013813471877988037
2016-09-29,-0.003816182385045524
2016-09-30,0.0015670716659109012
2016-10-03,0.0061151219576112085
2016-10-04,-0.0038660112384765292
2016-10-05,0.00483013728190578
2016-10-06,-0.0007712019301988932
2016-10-07,0.0035812785655939213
2016-10-10,0.008764187845669364
2016-10-11,-0.006025900642804994
2016-10-12,-0.003943447915604926
2016-10-13,0.005341699197066606
2016-10-14,0.0010521479464272476
2016-10-17,-0.0016903857646859768
2016-10-18,0.001052880148960579
2016-10-19,0.006990791466653625
2016-10-20,-0.009960771799345
2016-10-21,0.0013742836689632897
2016-10-24,-0.0009969966593477739
2016-10-25,3.841600682047281e-05
2016-10-26,-0.005468919880758003
2016-10-27,0.006331671622116701
2016-10-28,0.0010471621188479887
2016-10-31,-0.015427984775804626
2016-11-01,-0.0045469807853656214
2016-11-02,-0.011201807847312254
2016-11-03,-0.0038853621563660783
2016-11-04,0.001980834784955461
2016-11-07,0.003949999829078167
2016-11-08,-0.0007887527519359364
2016-11-09,0.0027578858272172134
2016-11-10,-0.003942214070275305
2016-11-11,-0.019947419229957724
2016-11-14,0.0010068394614622985
2016-11-15,0.013660044348439164
2016-11-16,-0.007213223889693337
2016-11-17,-0.0034589713496653352
2016-11-18,0.008684799196799218
2016-11-21,0.02267209575388597
2016-11-22,0.001282691117011511
2016-11-23,0.0036448941169379377
2016-11-25,-0.0007743988556910569
2016-11-28,0.007076299056004481
2016-11-29,-0.02072617244601174
2016-11-30,0.018518610301851358
2016-12-01,0.015452739826929603
2016-12-02,0.0020222796279058737
2016-12-05,0.00942511651244806
2016-12-06,0.0012500287730012054
2016-12-07,-0.007473185934751636
2016-12-08,0.000880621185146156
2016-12-09,0.004216220288546965
2016-12-12,0.0017515253960370604
2016-12-13,-0.0016388606046293503
2016-12-14,0.001013650896649944
2016-12-15,-0.013854082529355364
2016-12-16,0.003797439070894858
2016-12-19,-0.007609414377614519
2016-12-20,-0.0006367544901817151
2016-12-21,-0.0004077333294636261
2016-12-22,-0.0008542209693033272
2016-12-23,0.0012619542987669062
2016-12-27,0.013896615012913423
2016-12-28,0.0025220050005636085
2016-12-29,-0.003697318449344129
2016-12-30,-0.0015167967968964578
2017-01-03,-0.012479170587778548
2017-01-04,0.008888908664000304
2017-01-05,0.0025252515106145242
2017-01-06,0.0022044286023724033
2017-01-09,-0.012343922956445081
2017-01-10,0.006981977557056049
2017-01-11,0.0005374359022074328
2017-01-12,0.016706990108097945
2017-01-13,0.002787587392579498
2017-01-17,0.0006259338602342874
2017-01-18,-0.005211732700827373
2017-01-19,-0.00100323280876127
2017-01-20,0.001837403973354756
2017-01-23,0.0013556311735210755
2017-01-24,-8.072417531624754e-05
2017-01-25,0.0008013816470507647
2017-01-26,-0.0014230931285696617
2017-01-27,-0.00414412918313825
2017-01-30,-0.009001602495864064
2017-01-31,0.005128615039429957
2017-02-01,0.0074261146949395705
2017-02-02,0.0005910019446327539
2017-02-03,-0.005925497972175006
2017-02-06,-0.0015651666221730542
2017-02-07,-0.0016931887244102863
2017-02-08,0.009805564800277123
2017-02-09,0.0006213251964981314
2017-02-10,0.008658024955633852
2017-02-13,-0.007478652410575899
2017-02-14,0.0019213578190020336
2017-02-15,0.0012376522590069347
2017-02-16,-0.0006186346566264126
2017-02-17,-0.008077034194140107
2017-02-21,-0.0025610036122672847
2017-02-22,-0.0024421885716670345
2017-02-23,-0.005192116609689
2017-02-24,0.002681132096138844
2017-02-27,-0.004617773661428089
2017-02-28,0.004919415333369344
2017-03-01,0.005964066873857087
2017-03-02,-0.012305245338097383
2017-03-03,0.000998573106635749
2017-03-06,0.002460678911452657
2017-03-07,-0.01132486174175386
2017-03-08,-0.015433695244584166
2017-03-09,-0.007314672496669222
2017-03-10,-0.001135174109431686
2017-03-13,0.0004176744110424277
2017-03-14,-0.008189302878138724
2017-03-15,0.012271955541879154
2017-03-16,0.0020059016157723485
2017-03-17,0.0032373087631382036
2017-03-20,-0.002206733754283819
2017-03-21,-0.002133660374543699
2017-03-22,-0.0008443175582619996
2017-03-23,-0.0021140111351510816
2017-03-24,0.00016274634397633918
2017-03-27,-0.0032604682901777367
2017-03-28,0.003260468290177779
2017-03-29,0.006896758709359226
2017-03-30,-0.0010544730786876183
2017-03-31,0.0036438579180975822
2017-04-03,-0.006885364267731602
2017-04-04,0.005827155003852358
2017-04-05,0.005022875499525584
2017-04-06,-0.0006361281075356664
2017-04-07,0.0001221586732354504
2017-04-10,0.0
2017-04-11,0.004725318666225291
2017-04-12,-0.0018438738078533526
2017-04-13,0.002246766492476057
2017-04-17,0.0
2017-04-18,-0.00963711741607335
2017-04-19,-0.010376419751160623
2017-04-20,-0.0026192024554394303
2017-04-21,-0.005245908666853401
2017-04-24,-0.002237899774706631
2017-04-25,0.005742601851188716
2017-04-26,-0.0016655083123885573
2017-04-27,-0.002904854447311629
2017-04-28,0.003541206698347223
2017-05-01,0.002966567039199147
2017-05-02,-0.0074164297622591035
2017-05-03,-0.0011139312729062775
2017-05-04,-0.017221835196145858
2017-05-05,0.005500074246248999
2017-05-08,-0.004440499959337029
2017-05-09,-0.0024426484737963532
2017-05-10,0.00792356446947949
2017-05-11,0.005185841635696733
2017-05-12,0.003078823607059382
2017-05-15,0.006956831372303819
2017-05-16,-0.004493988266589342
2017-05-17,0.003042084545916915
2017-05-18,-0.004282634074621304
2017-05-19,0.012167340924610685
2017-05-22,0.00976270978905474
2017-05-23,-0.004908410703538704
2017-05-24,-0.002925409346941846
2017-05-25,-0.011135945841877045
2017-05-26,0.0006646557779774276
2017-05-30,-0.006945101956453667
2017-05-31,-0.004967636534500294
2017-06-01,-0.006613091856439906
2017-06-02,0.0012725666613865644
2017-06-05,-0.004696398841907389
2017-06-06,0.006702463493162877
2017-06-07,-0.006030179173264916
2017-06-08,0.002684562793282232
2017-06-09,0.0026773752071126027
2017-06-12,-0.010752781438702409
2017-06-13,-0.0020290661214710285
2017-06-14,-0.01020768104215273
2017-06-15,0.003005033867193044
2017-06-16,0.003512676145935367
2017-06-19,-0.005833933652686248
2017-06-20,-0.007492143566332943
2017-06-21,-0.008353899197044334
2017-06-22,-0.0038267120429081257
2017-06-23,0.005907925886388753
2017-06-26,0.0034589614095745175
2017-06-27,0.0068823660036745355
2017-06-28,0.006147050094785761
2017-06-29,0.006556580923587528
2017-06-30,0.014361595164645675
2017-07-03,0.007037967816568219
2017-07-05,-0.011024533676285584
2017-07-06,0.0026438998331102808
2017-07-07,-0.007508134234955199
2017-07-10,0.005641424512943137
2017-07-11,0.0062088832501394344
2017-07-12,-0.0007923236838784019
2017-07-13,-0.01036448561052933
2017-07-14,0.008824651107674861
2017-07-17,0.0010934871464124308
2017-07-18,0.0055554988996623185
2017-07-19,0.007263132412271911
2017-07-20,-0.0010531724313868297
2017-07-21,-0.0076954831103016545
2017-07-24,-0.00716678466593348
2017-07-25,0.007631247744217013
2017-07-26,0.00746149826028766
2017-07-27,0.007380119763953512
2017-07-28,0.004239339821415166
2017-07-31,-0.0003319325091942317
2017-08-01,-0.013535291166315903
2017-08-02,0.006026615922808687
2017-08-03,-0.005921080043516779
2017-08-04,-0.001968247962728128
2017-08-07,0.0034913302880392395
2017-08-08,0.00472592783819195
2017-08-09,0.006210202419960498
2017-08-10,-0.012050201100494557
2017-08-11,0.00387086560525278
2017-08-14,-0.007915600894365259
2017-08-15,-0.007444893751702063
2017-08-16,0.00266524425679206
2017-08-17,-0.005203832510353721
2017-08-18,0.01210041767551449
2017-08-21,-0.002116935670250922
2017-08-22,0.0
2017-08-23,0.002116935670250907
2017-08-24,-0.00037014354074572085
2017-08-25,0.0008987094725590665
2017-08-28,0.003955144618046005
2017-08-29,-0.005938661740795241
2017-08-30,3.313505840649813e-05
2017-08-31,0.017873139254291435
2017-09-01,0.0024023452071229557
2017-09-05,0.003560470138458665
2017-09-06,0.006775046645258209
2017-09-07,-0.0009761129320471341
2017-09-08,-0.012932596248444159
2017-09-11,0.005063635179976871
2017-09-12,-0.0034378457071537515
2017-09-13,0.0019474029239513765
2017-09-14,0.0006483130702395704
2017-09-15,0.004519877376781381
2017-09-18,-0.0035482569182585
2017-09-19,0.000323684386783211
2017-09-20,0.0054865420243540835
2017-09-21,-0.01067798291803843
2017-09-22,0.001300420054187293
2017-09-25,0.009313225377862736
2017-09-26,-0.009313225377862801
2017-09-27,0.000324840952072283
2017-09-28,0.0006363649977206014
2017-09-29,-0.0028798749813750205
2017-10-02,-0.0072263643776926635
2017-10-03,-0.0019625667715445234
2017-10-04,0.0032797792303757975
2017-10-05,0.009126490221634248
2017-10-06,0.0
2017-10-09,-0.007621417596600333
2017-10-10,0.010019558758001387
2017-10-11,-0.000524482451510461
2017-10-12,0.0038981029848905676
2017-10-13,0.007635696069553094
2017-10-16,0.003955550958311216
2017-10-17,-0.005108709444116229
2017-10-18,-0.0025738284742454756
2017-10-19,-0.0006943561024601195
2017-10-20,-0.005682001390800426
2017-10-23,0.0
2017-10-24,0.0
2017-10-25,0.011798650634101885
2017-10-26,-0.0010104193831381753
2017-10-27,0.0026390772445835328
2017-10-30,-0.0004212999603851807
2017-10-31,-0.00021708045747650246
2017-11-01,0.003187773876868505
2017-11-02,0.0031649365871663664
2017-11-03,0.0025475608218547673
2017-11-06,0.013203589200054915
2017-11-07,-0.0037296119201189744
2017-11-08,0.003104792855097416
2017-11-09,-0.004384579160524751
2017-11-10,-0.0015706346671343378
2017-11-13,-0.0004276109340680786
2017-11-14,-0.015096216659196008
2017-11-15,-0.0008368552085607162
2017-11-16,-0.0010806738550364027
2017-11-17,0.010184674096395289
2017-11-20,-0.0069907914666535965
2017-11-21,0.00318365358386906
2017-11-22,0.010749397265506937
2017-11-24,-0.0018885579072091337
2017-11-27,-0.0015197619297084926
2017-11-28,-0.0010038963241200186
2017-11-29,-0.006337181104469301
2017-11-30,-0.006454296823179053
2017-12-01,0.00899403885675364
2017-12-04,-0.011479737145212174
2017-12-05,-0.007727011011186045
2017-12-06,-0.007793706487606355
2017-12-07,-0.0074807222592843045
2017-12-08,0.004159199722881005
2017-12-11,0.0008493998260077849
2017-12-12,-0.0056520382436057075
2017-12-13,-0.0010317056252198676
2017-12-14,0.004526246266884806
2017-12-15,0.0007196623999687123
2017-12-18,0.0035906880273070493
2017-12-19,0.0022782660450086116
2017-12-20,0.0077720524068111045
2017-12-21,0.0010059586582548666
2017-12-22,0.0048350324169177915
2017-12-26,0.012550121806170628
2017-12-27,0.0
2017-12-28,0.011480842141028317
2017-12-29,0.0037500305089166203
2018-01-02,0.005834449075098909
2018-01-03,0.0010104297633258298
2018-01-04,0.00091649599274977
2018-01-05,-0.008479119045580769
2018-01-08,0.00021847255151940175
2018-01-09,0.00455216507576948
2018-01-10,-0.0010008006884482908
2018-01-11,0.0006838683067675616
2018-01-12,0.01051014770834726
2018-01-16,-0.00926788312065292
2018-01-17,0.0068665053825622945
2018-01-18,0.0
2018-01-19,-0.0022095122508015404
2018-01-22,0.003995680568600577
2018-01-23,0.006715913682231608
2018-01-24,0.00915744933728289
2018-01-25,0.0
2018-01-26,0.006640568127430783
2018-01-29,-0.0028621309783404617
2018-01-30,-0.0037784371490904435
2018-01-31,-0.005173830919522953
2018-02-01,0.00215900727808538
2018-02-02,-0.007947545843460902
2018-02-05,-0.009796801657720823
2018-02-06,-0.002278205904425009
2018-02-07,-0.010241997092396225
2018-02-08,-0.005450128524897947
2018-02-09,-0.018286401948436497
2018-02-12,0.011380977614177033
2018-02-13,0.00698095742499426
2018-02-14,0.00665121031014472
2018-02-15,0.005618914498219632
2018-02-16,0.0006155434576693826
2018-02-20,0.0215194516255991
2018-02-21,-0.018057490678580167
2018-02-22,0.004720767341233589
2018-02-23,1.2345450392958903e-05
2018-02-26,0.006378164846838062
2018-02-27,-0.00868635469203973
2018-02-28,-0.002976282594817373
2018-03-01,0.0012447950093781124
2018-03-02,-0.0034099234566658163
2018-03-05,-0.0032346412981743688
2018-03-06,0.015431802477565329
2018-03-07,-0.01232130883423187
2018-03-08,-0.007168534650191908
2018-03-09,0.005066941245173186
2018-03-12,0.0002364584798475191
2018-03-13,-0.0018685012428863428
2018-03-14,-0.0012476893014072826
2018-03-15,-0.0019369643705022623
2018-03-16,3.7516410078731725e-05
2018-03-19,-0.0068906708702584085
2018-03-20,0.0001196240275893517
2018-03-21,0.011214079459164587
2018-03-22,-0.007499712558002866
2018-03-23,0.0006020870718903102
2018-03-26,0.0068477458800321085
2018-03-27,-0.0071110956802297055
2018-03-28,-0.0035368792620310147
2018-03-29,0.007704715619240229
2018-04-02,-0.009588221382078144
2018-04-03,0.005909416578464801
2018-04-04,-0.005430288978282824
2018-04-05,0.002907350219775747
2018-04-06,-0.003386477819957745
2018-04-09,0.013776064446554293
2018-04-10,0.010688941867544422
2018-04-11,0.004995862593789044
2018-04-12,-0.004552945271467184
2018-04-13,0.0053730366923702925
2018-04-16,0.0
2018-04-17,-0.00537303669237042
2018-04-18,0.01592417521081846
2018-04-19,-0.0011082407035195125
2018-04-20,-0.005194481580658076
2018-04-23,-0.003918165182727614
2018-04-24,-0.0008198205185355841
2018-04-25,-0.0006122114715625168
2018-04-26,0.003691981566618925
2018-04-27,-0.0024924321526021967
2018-04-30,0.004723018461111587
2018-05-01,-0.0034514991753907777
2018-05-02,0.0
2018-05-03,0.00676985008978727
2018-05-04,0.0006793284396491383
2018-05-07,-0.0028052091344431757
2018-05-08,0.004005053359914266
2018-05-09,0.0
2018-05-10,0.004399151792385046
2018-05-11,-0.002499292132241103
2018-05-14,0.0021857408601864076
2018-05-15,-0.0048246850182935685
2018-05-16,0.0017559924099669333
2018-05-17,0.0
2018-05-18,0.005291793423323101
2018-05-21,0.00686702916414962
2018-05-22,0.004270297152575481
2018-05-23,0.0011420904171180462
2018-05-24,0.0023275606727178955
2018-05-25,-0.010804728919875179
2018-05-29,-0.0065442015486587264
2018-05-30,0.005056209316566713
2018-05-31,0.0007202985635173307
2018-06-01,0.0
2018-06-04,0.0
2018-06-05,-0.011908241064634804
2018-06-06,0.003200673529718725
2018-06-07,0.0006716240155168387
2018-06-08,0.00037496690932520624
2018-06-11,-0.0035977916970826532
2018-06-12,0.00376706320044478
2018-06-13,0.0021979261005471455
2018-06-14,-0.008577598738217953
2018-06-15,0.0
2018-06-18,-0.021373373325862415
2018-06-19,-0.013181588845704315
2018-06-20,0.004442435630568288
2018-06-21,-0.005028289945385187
2018-06-22,0.0006299356984267461
2018-06-25,-0.003798119166960029
2018-06-26,0.006313841349933586
2018-06-27,0.0
2018-06-28,0.0018826320639847437
2018-06-29,0.00811744173361713
2018-07-02,-0.020101160053479915
2018-07-03,0.0009386501613749278
2018-07-05,-0.007304068295208849
2018-07-06,0.011428715200495487
2018-07-09,-0.0037950975236033416
2018-07-10,-0.027627799611096463
2018-07-11,0.010369493060842849
2018-07-12,-0.011021186059327283
2018-07-13,0.003903678762652295
2018-07-16,-0.013730195665676475
2018-07-17,-0.0006782867917071438
2018-07-18,0.0026513677867012948
2018-07-19,0.0006567668722219075
2018-07-20,0.009150413254410062
2018-07-23,-0.003911313027165026
2018-07-24,0.004561734440783535
2018-07-25,0.0103493709663514
2018-07-26,0.0
2018-07-27,0.00640801201868739
2018-07-30,0.0031981854972994187
2018-07-31,0.0012739146949986555
2018-08-01,-0.013554218015531454
2018-08-02,-0.0011943980899112323
2018-08-03,0.005154707127615423
2018-08-06,0.0057673468932001835
2018-08-07,0.005098795357772334
2018-08-08,-0.007657975435301658
2018-08-09,0.0006404245514063702
2018-08-10,-0.0032061708393126614
2018-08-13,-0.016839729168057562
2018-08-14,0.005211733081352354
2018-08-15,-0.017699606976415597
2018-08-16,0.003960428888746979
2018-08-17,0.013089179447099742
2018-08-20,-0.006523205255722888
2018-08-21,0.0
2018-08-22,-0.0006546170541517248
2018-08-23,-0.0026230123581538548
2018-08-24,0.008499568517422779
2018-08-27,-0.0006512064831302868
2018-08-28,-0.003916481438579699
2018-08-29,0.00846635563683607
2018-08-30,-0.007159136005303711
2018-08-31,0.002609261807047472
2018-09-04,-0.004570732621986973
2018-09-05,-0.006565974191376803
2018-09-06,-0.003299256707184345
2018-09-07,0.0007663646035526683
2018-09-10,0.007992229141879158
2018-09-11,-0.0009570000553166886
2018-09-12,0.008521794552080172
2018-09-13,-0.011529902231649031
2018-09-14,0.0
2018-09-17,-0.005672917006168275
2018-09-18,0.0030185908638191176
2018-09-19,0.007726071030364125
2018-09-20,0.00777082229302092
2018-09-21,0.0032934024427679356
2018-09-24,0.009399041393111894
2018-09-25,0.005378001993435082
2018-09-26,-0.0070400681393388365
2018-09-27,0.00102713756688183
2018-09-28,0.006637732606060872
2018-10-01,0.01644798085394842
2018-10-02,0.007495343486462927
2018-10-03,0.005584882891611498
2018-10-04,-0.009325502345826494
2018-10-05,0.0008927551853280976
2018-10-08,0.002847864268886896
2018-10-09,0.0
2018-10-10,0.0
2018-10-11,-0.0160395930988109
2018-10-12,0.006265812311724449
2018-10-15,0.011017590515759412
2018-10-16,-0.0024267804814894042
2018-10-17,-0.001933219791477265
2018-10-18,-0.006890137455719439
2018-10-19,-0.004371567435285434
2018-10-22,-0.002281579368964458
2018-10-23,-0.005475426509215887
2018-10-24,-0.004878847947766526
2018-10-25,-0.0025797336194753277
2018-10-26,0.0043873833584228035
2018-10-29,-0.007391661725201184
2018-10-30,-0.009514976729837483
2018-10-31,-0.004436306267355869
2018-11-01,0.003637694596705726
2018-11-02,0.005053730784140998
2018-11-05,0.0016983199168009002
2018-11-06,-0.009028156444189018
2018-11-07,0.0038013783074195874
2018-11-08,-0.007715242810483044
2018-11-09,-0.006550837700662667
2018-11-12,0.009813495720595828
2018-11-13,-0.01388093163639219
2018-11-14,0.030311920910694803
2018-11-15,-0.02200351916413183
2018-11-16,0.01529705493037639
2018-11-19,0.009630868685898604
2018-11-20,-0.023926126348432563
2018-11-21,0.0038016574351697066
2018-11-23,-0.013006153011998338
2018-11-26,-0.010624323155087956
2018-11-27,-0.002345872525295705
2018-11-28,0.016925340298429577
2018-11-29,0.0030152092517572245
2018-11-30,-0.002594238108220924
2018-12-03,0.0050901690943456835
2018-12-04,0.006261415976623694
2018-12-06,0.01841202688338107
2018-12-07,-0.01586002174127173
2018-12-10,-0.011414321275421037
2018-12-11,-0.0011552007895759045
2018-12-12,-0.0063709192313963535
2018-12-13,0.006915854538433261
2018-12-14,-0.017881238401559234
2018-12-17,-0.01232421321352583
2018-12-18,-0.007837605626503865
2018-12-19,-0.003503949758489037
2018-12-20,-0.0008487811635472954
2018-12-21,-0.012930273294886883
2018-12-24,-0.008709339171737966
2018-12-26,0.005603607814549435
2018-12-27,-0.003506456865496826
2018-12-28,-0.0045494098285813935
2018-12-31,-0.00833350052543388
2019-01-02,0.00012735804654290093
2019-01-03,0.0075114015180072925
2019-01-04,0.011162360567384573
2019-01-07,0.003748608195291438
2019-01-08,0.005620766361030735
2019-01-09,0.012941474841991934
2019-01-10,-0.005445889973388111
2019-01-11,0.0037540670135194185
2019-01-14,0.001691822959868647
2019-01-15,0.0030503380759925964
2019-01-16,0.001413601197439506
2019-01-17,0.0049956141049626104
2019-01-18,0.007703925081562019
2019-01-22,-0.011686299600246683
2019-01-23,-0.002426840783717305
2019-01-24,0.002366119139474894
2019-01-25,0.009074118702933334
2019-01-28,-0.012130800901484176
2019-01-29,0.0063126713233713425
2019-01-30,0.00709534568119913
2019-01-31,-0.000849063647095668
2019-02-01,0.000909223729013038
2019-02-04,0.0016691453445581259
2019-02-05,-0.0020033217492753204
2019-02-06,-0.0009830991180840272
2019-02-07,-0.009769682320618452
2019-02-08,-0.0028079989454279
2019-02-11,-0.002612063270858065
2019-02-12,0.004351892204787289
2019-02-13,0.0009532714322450836
2019-02-14,-0.0005610209348387611
2019-02-15,0.012096942125665007
2019-02-19,0.0038935560931130197
2019-02-20,0.004978126930940142
2019-02-21,0.002473218921779973
2019-02-22,0.003573288069829887
2019-02-25,-0.00848604313210553
2019-02-26,-0.002432177154194855
2019-02-27,0.005308567564593972
2019-02-28,-0.003314503328347304
2019-03-01,-0.00601410146183707
2019-03-04,-0.0013168616943941755
2019-03-05,0.006048570174153988
2019-03-06,-0.006048570174153961
2019-03-07,-0.003350099729092432
2019-03-08,0.0
2019-03-11,-0.002075979012925072
2019-03-12,0.007096961138791111
2019-03-13,0.007650113416328228
2019-03-14,-0.003984096893117225
2019-03-15,0.00597017718404786
2019-03-18,0.004243663965356463
2019-03-19,0.001691081631321149
2019-03-20,0.005899732085499947
2019-03-21,-0.0016353607805301262
2019-03-22,-0.009537944720084802
2019-03-25,0.004615879939778578
2019-03-26,0.0009863780738302433
2019-03-27,-0.007587024293940374
2019-03-28,-0.004313962792127166
2019-03-29,-0.00033262029315176653
2019-04-01,0.006961771597871624
2019-04-02,0.0029688344749232093
2019-04-03,0.00328834477907132
2019-04-04,0.0026230123581537975
2019-04-05,0.00032733087567525954
2019-04-08,0.006525333608391078
2019-04-09,-0.002279007806412081
2019-04-10,0.005525776270589101
2019-04-11,-0.009772102072568071
2019-04-12,0.005549225283593623
2019-04-15,-0.00456768792171001
2019-04-16,-0.00458864746793465
2019-04-17,-0.003620231353056445
2019-04-18,-0.000989631849225119
2019-04-22,0.004938331875585292
2019-04-23,-0.004608345761525766
2019-04-24,-0.0026428798011913297
2019-04-25,-0.0033134683602090574
2019-04-26,-0.005658197197766748
2019-04-29,-0.0023391722147745138
2019-04-30,0.0010299099541519461
2019-05-01,-0.0024360442252775944
2019-05-02,-0.009019366901382692
2019-05-03,-0.0003381311594795548
2019-05-06,-0.00039909412744590025
2019-05-07,-0.00877373943235523
2019-05-08,-0.0006827774400137445
2019-05-09,-0.005767962281027995
2019-05-10,0.0010574335749456343
2019-05-13,-0.004870796332061864
2019-05-14,0.014011359871629872
2019-05-15,0.0054255761663291385
2019-05-16,0.009089456905162052
2019-05-17,-0.009766062415582477
2019-05-20,0.004052718840634729
2019-05-21,-0.0020242741476264644
2019-05-22,-0.011207450182402753
2019-05-23,-0.014101689799881188
2019-05-24,0.010680530808791116
2019-05-28,0.009230718660183785
2019-05-29,0.0010045730307736854
2019-05-30,-0.005653655747446822
2019-05-31,-0.019427422253179456
2019-06-03,-0.004881438847836316
2019-06-04,0.005938247967780978
2019-06-05,-0.014771281619955796
2019-06-06,0.009182508708275276
2019-06-07,-0.0010487917802962396
2019-06-10,-0.0024514000746127464
2019-06-11,0.0055944147754225714
2019-06-12,-0.003492856539903032
2019-06-13,0.005234687225665261
2019-06-14,0.004514717436527977
2019-06-17,0.002726708800184821
2019-06-18,0.0051355270949713355
2019-06-19,-0.0033264922027009883
2019-06-20,0.01536199381433681
2019-06-21,-0.004084445391219581
2019-06-24,0.009842296116521375
2019-06-25,0.0030349087703295287
2019-06-26,0.0033612964125127928
2019-06-27,0.0016764847088030187
2019-06-28,-0.008586150326895964
2019-07-01,-0.006610852904488097
2019-07-02,-0.0126580476972813
2019-07-03,0.01126931606442637
2019-07-05,0.002075600012632257
2019-07-08,-0.002382158495189115
2019-07-09,0.003401376732488351
2019-07-10,0.01817004912512053
2019-07-11,0.0009998563249599473
2019-07-12,0.008365945960952468
2019-07-15,-0.00769993004201586
2019-07-16,-0.013034037076452726
2019-07-17,-0.0013836575699019598
2019-07-18,-0.00270544371821766
2019-07-19,0.003043118164684522
2019-07-22,-0.004737785379792139
2019-07-23,0.0033864029102171444
2019-07-24,-0.002687824960989945
2019-07-25,-0.004579868620027905
2019-07-26,-0.0025845690254183225
2019-07-29,0.004768380517952018
2019-07-30,-0.00027184870704492103
2019-07-31,-0.005521320493559939
2019-08-01,-0.017583636170964517
2019-08-02,-0.003093490530746726
2019-08-05,-0.004237632585179261
2019-08-06,-0.003861707730238024
2019-08-07,0.0
2019-08-08,0.008064468498290699
2019-08-09,0.005560175086862045
2019-08-12,-0.010113390689449171
2019-08-13,0.011846833451338176
2019-08-14,-0.009424301987129622
2019-08-15,-0.023899366349181928
2019-08-16,0.021469815175735724
2019-08-19,-0.0017470991130490727
2019-08-20,0.0017541188222868149
2019-08-21,6.9528062896690036e-06
2019-08-22,-0.004926193113131277
2019-08-23,-0.005651722936163287
2019-08-26,0.005299416110705423
2019-08-27,0.0038895867145117727
2019-08-28,0.009411311936073802
2019-08-29,0.0024309681927870332
2019-08-30,-0.005914091928017826
2019-09-03,0.0003488654804314057
2019-09-04,0.020028291121479858
2019-09-05,-0.005485095925382594
2019-09-06,-0.0013760207175390182
2019-09-09,0.006519170018937675
2019-09-10,0.005457034315593548
2019-09-11,-0.0072232820972451105
2019-09-12,0.00552117999914029
2019-09-13,0.000340665263485195
2019-09-16,0.014317952750613814
2019-09-17,0.0030239701477761845
2019-09-18,-0.00751303485526929
2019-09-19,0.00034397121014576796
2019-09-20,-0.0013562466151342389
2019-09-23,0.005998172209910486
2019-09-24,-0.00633584665637728
2019-09-25,-0.003382966015595876
2019-09-26,-0.004122373225406079
2019-09-27,-0.005069196431637406
2019-09-30,-0.006174987289501806
2019-10-01,-0.001377376534262517
2019-10-02,-0.0037907850875099707
2019-10-03,0.0031013518438668124
2019-10-04,0.0034423572998980964
2019-10-07,-0.0035527265284903426
2019-10-08,0.0021771790064979073
2019-10-09,-7.567984279529364e-05
2019-10-10,0.0007636901201459456
2019-10-11,0.010508534996489337
2019-10-14,0.0011155327283397971
2019-10-15,-0.004770005222441204
2019-10-16,-0.0010251388662528217
2019-10-17,0.004434568503079874
2019-10-18,0.002040169820274145
2019-10-21,-0.005791195658078541
2019-10-22,0.0023886615723726383
2019-10-23,0.005777418795411494
2019-10-24,0.004395583124802844
2019-10-25,0.004403255323018376
2019-10-28,-0.002380963661895591
2019-10-29,0.0020181461589623547
2019-10-30,-0.0006722843198980557
2019-10-31,-0.003705600074214629
2019-11-01,0.013409571598856631
2019-11-04,0.004034438874548285
2019-11-05,0.003264840741745237
2019-11-06,-0.007585708738050199
2019-11-07,-0.0030491436778753373
2019-11-08,-0.000748689891474272
2019-11-11,-0.011014187466037788
2019-11-12,-0.00037193121307269527
2019-11-13,0.0010478507271652721
2019-11-14,-0.0033841108717312623
2019-11-15,0.0033841108717312415
2019-11-18,-0.012873080360846655
2019-11-19,-0.006227072373640195
2019-11-20,0.007547181931305466
2019-11-21,0.005453314352235572
2019-11-22,0.0003398548483693856
2019-11-25,-0.0017004304339834223
2019-11-26,0.0013605755856141396
2019-11-27,-0.004428525669582772
2019-11-29,-0.015448219973272566
2019-12-02,-0.0007283921413559518
2019-12-03,0.003498378501342251
2019-12-04,0.007200583677717694
2019-12-05,0.0024001932408910494
2019-12-06,0.0025514788661787453
2019-12-09,-0.0015246508060717092
2019-12-10,0.004778210322633458
2019-12-11,-0.002038204430090516
2019-12-12,0.013144132577524986
2019-12-13,0.0006395388604281452
2019-12-16,0.011116799467377104
2019-12-17,0.0010244562849918148
2019-12-18,-0.0016635916847142773
2019-12-19,0.00199599085244675
2019-12-20,-0.0009975291545631813
2019-12-23,0.0009975291545631544
2019-12-24,0.003317865695628262
2019-12-26,0.008246789129452814
2019-12-27,0.0016346344979092681
2019-12-30,0.0013176442016374782
2019-12-31,-0.006572510052603251
2020-01-02,0.0013179875062604618
2020-01-03,0.005909353952846881
2020-01-06,0.0013085025068388253
2020-01-07,0.000980254486577149
2020-01-08,-0.010413325730803686
2020-01-09,-0.00472355382627284
2020-01-10,0.0036406000758369495
2020-01-13,-0.005964242443308356
2020-01-14,0.0026551599867676665
2020-01-15,-0.0029875591545001187
2020-01-16,-0.006671164367448791
2020-01-17,0.0026737959128732823
2020-01-21,-0.009234707314517787
2020-01-22,-0.007595040818657712
2020-01-23,-0.0061286674134019845
2020-01-24,-0.011258520534447723
2020-01-27,-0.014690002716771542
2020-01-28,0.0007007200861968952
2020-01-29,-0.005619960393038412
2020-01-30,-0.009911542354647989
2020-01-31,-0.00706150415811525
2020-02-03,-0.01120464867522416
2020-02-04,0.003934072037215494
2020-02-05,0.009696627041660855
2020-02-06,0.002498651892490984
2020-02-07,-0.004287213885900916
2020-02-10,-0.007547241332595801
2020-02-11,0.003601025974701832
2020-02-12,0.01173531609444932
2020-02-13,0.0004120342511457785
2020-02-14,0.0014194791274205261
2020-02-18,0.009880065471954072
2020-02-19,0.007346578137426337
2020-02-20,-0.0052420044806051
2020-02-21,-0.0010517331747281681
2020-02-24,-0.02050339623118284
2020-02-25,-0.01163868202212436
2020-02-26,-0.005025578737992708
2020-02-27,-0.016798660303027152
2020-02-28,-0.019468450509044038
2020-03-02,0.01975720632437922
2020-03-03,0.009576508671837472
2020-03-04,0.0025626846701440366
2020-03-05,-0.009182800853666165
2020-03-06,-0.028065452497628093
2020-03-09,-0.047803914455430446
2020-03-10,0.02477025210077482
2020-03-11,-0.017258736812965844
2020-03-12,-0.038488002842267256
2020-03-13,-0.001117521724351288
2020-03-16,-0.050699302754681125
2020-03-17,-0.00977781416116722
2020-03-18,-0.03917847733892266
2020-03-19,0.01982113707233556
2020-03-20,0.0015749119828265636
2020-03-23,0.01505366306587754
2020-03-24,0.03372936270341269
2020-03-25,5.0791353933572536e-05
2020-03-26,-0.016269715518681283
2020-03-27,-0.015611792303279396
2020-03-30,-0.005047685242052722
2020-03-31,-0.013479536042036928
2020-04-01,-0.027992750684396092
2020-04-02,0.022635642607980126
2020-04-03,0.024321306828614997
2020-04-06,0.01604365972284378
2020-04-07,0.007273498521937296
2020-04-08,0.0017057150619198527
2020-04-09,-0.0021326191794135093
2020-04-13,0.00298442749981045
2020-04-14,-0.014752813456581648
2020-04-15,-0.013746518270565158
2020-04-16,0.005817460617182522
2020-04-17,-0.0021622568527560762
2020-04-20,-0.005961885797929269
2020-04-21,-0.04294180874750587
2020-04-22,0.022225971454947462
2020-04-23,0.000887093245385925
2020-04-24,-0.014361323116965306
2020-04-27,-0.007817210416507535
2020-04-28,-0.004598414337730504
2020-04-29,0.004689933258457804
2020-04-30,0.024243227283178785
2020-05-01,-0.006320685245930153
2020-05-04,0.009710987846664293
2020-05-05,0.019990946970092932
2020-05-06,-0.019447712864323372
2020-05-07,0.013440421816932703
2020-05-08,0.005264901598019477
2020-05-11,-0.009657383931478936
2020-05-12,-0.0065940314654432735
2020-05-13,-0.016041379472582388
2020-05-14,0.006144335211956274
2020-05-15,0.013363278903890498
2020-05-18,0.027348278305337783
2020-05-19,-0.0011804200875267202
2020-05-20,0.009984794288076436
2020-05-21,-0.012168288337262963
2020-05-22,-0.005014971055011814
2020-05-26,0.011379528938423651
2020-05-27,-0.011066969645348146
2020-05-28,0.002219711583279749
2020-05-29,0.011830353842830044
2020-06-01,0.0015310081426765862
2020-06-02,0.008764196859906639
2020-06-03,-0.00510450977589798
2020-06-04,0.006890462591228792
2020-06-05,0.006322449813005276
2020-06-08,0.0004453228475897096
2020-06-09,0.000839628662197788
2020-06-10,0.010012379612093506
2020-06-11,-0.02279168367963571
2020-06-12,0.00511270463236149
2020-06-15,-0.002048686451344998
2020-06-16,-0.0032000581643340078
2020-06-17,0.000934800096031885
2020-06-18,1.6929369576985196e-05
2020-06-19,0.01193840236337257
2020-06-22,0.0012581543412462939
2020-06-23,-0.0008469943425215481
2020-06-24,-0.02033983712704416
2020-06-25,-0.0008223175825351291
2020-06-26,-0.007474093544185317
2020-06-29,0.02528330447349973
2020-06-30,0.008924675110946936
2020-07-01,0.0040048570380010065
2020-07-02,0.0037073820278408463
2020-07-06,0.011572543398227804
2020-07-07,0.0035045259507138185
2020-07-08,0.007887092682814362
2020-07-09,-0.0096909537324527
2020-07-10,0.006514303612387567
2020-07-13,-0.012462947111797715
2020-07-14,0.0036094633357491683
2020-07-15,0.008074029065250517
2020-07-16,-0.004265375701488391
2020-07-17,0.00014678973330579234
2020-07-20,-0.004946772871866119
2020-07-21,0.01841141834259643
2020-07-22,0.010494655344034863
2020-07-23,0.0032833820051760207
2020-07-24,0.0013800814301486396
2020-07-27,0.007383614975536478
2020-07-28,-0.001362032735508848
2020-07-29,0.008629034051352104
2020-07-30,-0.007707694438984196
2020-07-31,0.0037083796688667427
2020-08-03,0.01743699265872909
2020-08-04,0.009556638163747435
2020-08-05,0.011498067928136445
2020-08-06,0.0017340648930161732
2020-08-07,-0.013262707939124105
2020-08-10,0.005374840551772664
2020-08-11,-0.019218166745141457
2020-08-12,0.0
2020-08-13,0.01536127053375201
2020-08-14,0.009474778989721684
2020-08-17,0.008652588627654704
2020-08-18,0.0093127887214009
2020-08-19,-0.0048317939034608496
2020-08-20,0.0014891666448939185
2020-08-21,-0.005221921319200799
2020-08-24,-0.0011225702689739866
2020-08-25,0.04938550164308333
2020-08-26,0.006669963104073744
2020-08-27,0.0042388208100297645
2020-08-28,0.04412307962961498
2020-08-31,-0.03534955458047085
2020-09-01,0.0
2020-09-02,0.0
2020-09-03,-0.015848218855002212
2020-09-04,-0.015158670479983299
2020-09-08,-0.0034731999446679417
2020-09-09,0.008606629490900063
2020-09-10,-0.0006814720565848665
2020-09-11,-0.0003588813468169438
2020-09-14,-0.007414389548795652
2020-09-15,-0.0306297342358049
2020-09-16,0.0055401866621704755
2020-09-17,0.0004077806757934118
2020-09-18,0.006237008873393741
2020-09-21,-0.021550094400230906
2020-09-22,-0.00907377767538173
2020-09-23,-0.0033706632542004227
2020-09-24,0.001842748394317724
2020-09-25,-0.001134178160092399
2020-09-28,0.0068311575916984255
2020-09-29,-0.012176698644190704
2020-09-30,0.0072401261905905975
2020-10-01,-0.008006133784390211
2020-10-02,-0.008441676597912274
2020-10-05,0.02214047173994665
2020-10-06,0.0007555896952791769
2020-10-07,0.009022609188974127
2020-10-08,0.008941929114742673
2020-10-09,0.011799606060174524
2020-10-12,-0.004040431899273048
2020-10-13,-0.005906249967787229
2020-10-14,0.0022189160741401853
2020-10-15,0.009558904795763391
2020-10-16,-0.0007320812181678284
2020-10-19,0.004748906390198983
2020-10-20,0.005089047278452437
2020-10-21,0.002173107218407139
2020-10-22,-0.004714393560851496
2020-10-23,-0.00399196552587168
2020-10-26,-0.008444191484283908
2020-10-27,0.009888396074147428
2020-10-28,-0.02024737473773953
2020-10-29,-0.008215106528097654
2020-10-30,0.000906991610242216
2020-11-02,0.009907919420545705
2020-11-03,-0.0040884169230641
2020-11-04,0.004829998650519502
2020-11-05,0.009957687296421519
2020-11-06,-0.00414806282089576
2020-11-09,0.0008398387840271424
2020-11-10,0.0153455725264933
2020-11-11,0.0010871784493625023
2020-11-12,-0.00617622572781499
2020-11-13,0.00034248558271013694
2020-11-16,-0.001801308431363998
2020-11-17,0.005459508434249329
2020-11-18,0.0025304194707420954
2020-11-19,-0.006195915528820602
2020-11-20,0.006203166518192185
2020-11-23,-0.002900651822077322
2020-11-24,0.012270029246636949
2020-11-25,0.0014337248360684835
2020-11-27,-0.0009459921646343362
2020-11-30,-0.0030807210444363303
2020-12-01,7.908162438329249e-05
2020-12-02,-0.0003596557893496776
2020-12-03,-0.006322083091999738
2020-12-04,0.0027185305755069947
2020-12-07,-0.005212151865082747
2020-12-08,-0.004218466550724755
2020-12-09,0.0072621544968596765
2020-12-10,0.0
2020-12-11,0.0
2020-12-14,0.0
2020-12-15,0.0
2020-12-16,0.0
2020-12-17,0.0
2020-12-18,0.0
2020-12-21,0.0
2020-12-22,0.0
2020-12-23,0.0
2020-12-24,0.0
2020-12-28,0.0
2020-12-29,0.0
2020-12-30,0.0
2020-12-31,0.0
2021-01-04,0.0
2021-01-05,0.0
2021-01-06,0.0
2021-01-07,0.0
2021-01-08,0.0
2021-01-11,0.0
2021-01-12,0.0
2021-01-13,0.0
2021-01-14,0.0
2021-01-15,0.0
